{"version":8,"hash":{"type":"Buffer","data":"LKfXLvMyx08DXyrMFY/DOVAZEc753TcbVvOlxhWj7fUwBl4AO2uOre6ex/BbRENSTW/ZPjDyyG+LES9H/lazhs6MNpjNtRjWD35jjdslqR8BnPbgrcunL1t0joZBIPuXXzsJd4vG4p0m8lodObvmb4AmQYFjH4lchwWmzDVQetg="},"indexValueMap":{"/lvxxGE/bMmmXGfEbRMsJmPDgC5VPhQBpYgCQvIfoTA=":{"valueMac":{"type":"Buffer","data":"sHBkJc/9q62yzeyV7xalyu23z5AXLb/Db/urfDtswnI="}},"a83d4FFDefI/0bXaXINqtIJsXKgA9e2RUvLH1uHlfrw=":{"valueMac":{"type":"Buffer","data":"k5TPD967adr5EF+DQihpf68LhKDLm/sU6oGUQIiaVs8="}},"D3pUc7X7Jlv3EZMtoB01f7qWqRpCk5p7XWvVUA6sjY8=":{"valueMac":{"type":"Buffer","data":"7K4sRK8C5ktItlWeoJUIywkWJ/fELi04CATyNxYp9bA="}},"Aw2JhD0kBPMCfynqFEcqoy9zjoSw+dYZhoMIXEoeVHw=":{"valueMac":{"type":"Buffer","data":"7yU9qRaA6bb5vmWpWU34VBt37H3/dWhHGv7Q5Cn8aio="}},"H7iFVTkb9oGNKvok2Jqud1+angn7RJcYvGNAQuhhkq4=":{"valueMac":{"type":"Buffer","data":"b5XXjSW0MveqMZ6sJALETp4ihR/7tPhRq9h7JoZHUB0="}},"eFar/+9UQdLD/wjWT6NSFcObnO/E/FjuPS8E22BPx1g=":{"valueMac":{"type":"Buffer","data":"V7I2x0RmHOnCSCAJ6k5AansyJuTF4Iz/SVAC6/VVctM="}},"oSiWjuWELQpN3pmP3EEJsC21a3+xIlruHHvw3Ck2v2M=":{"valueMac":{"type":"Buffer","data":"XeTIuCFBlfRzka49CzjKVipWM25Tp9HVcnRP/i/R8Lc="}},"mJ2dfR7FAVUNZq3Lt+lZtrsbTXuutoNvExPm5BexFME=":{"valueMac":{"type":"Buffer","data":"C12x8tXrZ6ZYGBgNj/RjpwrkI34p5gSzUrQVthBhFec="}},"QkV94+ZYhITCj9QMx1K2kWQguiciRtaA5CHL9me549w=":{"valueMac":{"type":"Buffer","data":"6eGOD03t/wNDn+Rga2pV2VS0jB3K95xbNUBoyDdQS4c="}},"vsKWA3lAdWUCL4fb9lmsORvtJ+EnGNF4oC6PjDGhY+c=":{"valueMac":{"type":"Buffer","data":"IDyJbCyjskIJSJeCRkPrOIgh72oTVuRbcMXhlook2fg="}},"5xWEoob3+9cL2psLPw1HW1jdUE43bS5R6jFXk7Khn5w=":{"valueMac":{"type":"Buffer","data":"rTtVlNiAkwVMMHKmkUlSK3MXH7cUYr9k4ZXS3ypW4J0="}}}}