{"version":3,"hash":{"type":"Buffer","data":"+IGhe9YaZpGJD9Jzxehyg7wFnbcE9hQXn6OtKxloV2Auk1NSDE6yiayUllNaqJkbfzQiXBE5TQyduQON/hv91/izlaOukKGfW72lh8CbUIf1/EceajKolApCuf2YtzNBh5ruXRMS/Ar1U8jAcUs71wDAeYQiJ+Wupse69bXjVwA="},"indexValueMap":{"39aRBzy6mqPj6W2nbeRz9nxT7wfhddDhEqraVEw9z6A=":{"valueMac":{"type":"Buffer","data":"vE0IqVZkxyoRTq9PwwpvWwtixfA6NDCnMUierK+T62E="}},"gjXQFrX57q1MaFSciOw/mdz6UwK6z9jTXGxmsEzMJS0=":{"valueMac":{"type":"Buffer","data":"2+E2diI8gx6ydZBP5bf+VZDi6bmiUSE7bk751oXBSZY="}},"0l8uPaSHisNqy39RPH2qAeOgw3PZi4WjpsMIKZj/ah0=":{"valueMac":{"type":"Buffer","data":"cm9gSWtgp4u6TbiL5QL9v+XxI3ELT0393YWicWEDL8Y="}},"OEEDbsl/0rlYhBYfcrmTnt5r9SPrJnvHKGprN19P4Ss=":{"valueMac":{"type":"Buffer","data":"LMnSp4MCoZARckd/PImeB6yTkIgM+udUq3cjwdwECG8="}},"KwKJBnZUFAtwM8Zwm7Yi0mB8sg/0A4msow5A5hNqwLQ=":{"valueMac":{"type":"Buffer","data":"I/mnxOajQ1l+d/zQq+diAXjtFPWDO/qD9rC35iqB6fY="}},"BsR8CiVsWjck2h9h5c9GnI3v9HvhLGcDaUL3g2AUhGk=":{"valueMac":{"type":"Buffer","data":"D1Lm0zDcrX+ZtMbZK1eL1B5NTSsJ+9tDJaVKcKYKHjo="}},"OwNL4qvN02nrvNDEg2SqEPwrVrwtLmpq9Dw7OSJjyUc=":{"valueMac":{"type":"Buffer","data":"ZAf8ZljACYxz7wVgJ5J+JKirnUh0zNKtock0otmkswg="}},"v6SGRTYdEgrfUBu6IhjaFr9abRliLARUXYY/4cKb+3A=":{"valueMac":{"type":"Buffer","data":"Cf10/7kCrqgPa76Tlt9we2j68oiv2MjLIDKNjvvTdEM="}},"o1ad/Q9Pt25aAgtM9ssmFibiM0BeH3gsBpUm6GChPm4=":{"valueMac":{"type":"Buffer","data":"XD/mYNI3bFVyvFRQH+KmJ1NtVGjfosLInSrk3YAnloo="}}}}