{"version":7,"hash":{"type":"Buffer","data":"UI4gUIbN1XSRzB+00gsAH1MMuP4u33HdPx86eQxbpluFE7eWTiyvm8ULo3XEW7E+ncu4k+f3WQqfdNaBdo0Zn1iELix0VCGq/6FNgdc6VSIWsKhzfjPOuHEWd48K/SNzprP5Bf/OWfA+UZA/f6e6AvWIJp1THla/gKqW+ydQs/M="},"indexValueMap":{"8x5h3rnG8jh16DV2m72Ue+75Sg4tVl64aVp10V1RL9s=":{"valueMac":{"type":"Buffer","data":"EUtumzKplAoE/QjVJeu4WsCDncR9PxkBkfCnqoY9NQA="}},"Nn94ZH7OdFqmi6/qeOnC51apKoXECfDiIbT3HOGOI8M=":{"valueMac":{"type":"Buffer","data":"CpCuQHaebZeSyUnLuL98dJtcDhIeOcpfQl8b8u9JRa0="}},"JPiSfbbnTdtQv1gnSaSxtvi4tycgCnbBTf8AIXRAEuk=":{"valueMac":{"type":"Buffer","data":"FaGRAAIe93sxJ75UjSFHUa+Z2YTqS+jXdWh1RYxvxHA="}},"9Zy/WLjtzqiaBavvYQjgWRm/ZiXrVjvzn94+ev09APY=":{"valueMac":{"type":"Buffer","data":"UuYXltVdXvRzTyQSo/dJvxlvx2OOjpVPI4FDVmeyCqU="}},"94Q0YdWJFDKuNqxzpAh4h2KAhvA4MeolZ3i4stQVhnw=":{"valueMac":{"type":"Buffer","data":"8efP3xUxZEH11pDelTdFiO/93VbQVqZ3h2vmtuUBy5M="}},"fG9qLnNqQzkXt0I5gZadYSTi1u19RpJ2b3DGRHefTI4=":{"valueMac":{"type":"Buffer","data":"Yi6ES9AzMu1X10oGlU2+xLSKn2XhlYRO1r4g2zV/ALE="}},"40uuk4vPhybvXOWMB6F9ObkmsAMmIEms6kwbJgoPmfs=":{"valueMac":{"type":"Buffer","data":"QqceOnAdmzJefb/PTGQqJ4KEh0xLTnOK12+u9G5BY8w="}},"XTCdwfxlKs2l13uCwQJPogNc9bXRy5CXsDKNHYONB78=":{"valueMac":{"type":"Buffer","data":"DBVQ9+/HdQWNJvzisGA4nt9AndTezrEKEkpzca9hBnA="}},"f3gLDFFgp6jCtNEihkncGbze2lP4wDuPJeMR3rPEa7M=":{"valueMac":{"type":"Buffer","data":"dpFHHWSUq5VrloHGqngu3v9afx3ZxLyBnSvjz8FiDOk="}},"kK76lYWshsCg+TMYN+58PNeYFy5ph5oqoc8g7ysVbiI=":{"valueMac":{"type":"Buffer","data":"W3GyqiIKVBVhXCIOMFsXDZgzNlr0tCGTdToI+SlGBhs="}},"g4kUEvYdzqP1i75JbdyCmyW7oE1Pv8Ha2m+qhXsIlm4=":{"valueMac":{"type":"Buffer","data":"TgMkWjQwPyuCi8pbWGiwkp+PkqujT+RD37FbgV3voXg="}},"eGrDClaqgyNDp77ySKKtIjVyiJq+b8elHY56Rf467Vw=":{"valueMac":{"type":"Buffer","data":"LdjUd66B0uCdqOhbJPO2Ew7wZp2ecWjY/FkArBH5ADQ="}},"R8R9hwet5kmC8wbKicguwDJeXdQAoAHyUIqP8AMtDew=":{"valueMac":{"type":"Buffer","data":"m3DKR6TLVnMnxr1U5b6dbM9H5j+v4FxfOYWky7v6Hu0="}},"aGLaSh70H2ALxeoE5uD3wNOc4jYZNQjIk2LKbRLVpps=":{"valueMac":{"type":"Buffer","data":"j8azgnd/DJwZ/PdbJpvN8daKUUNeMpTVZ/NqoYmhdyE="}},"4BKRXFkPwRQDbUswxBHy3gJw3aoavIfqlBnpXvuToaE=":{"valueMac":{"type":"Buffer","data":"7OSStjCsLueDeFhXp6ZJxCf3gXNG6lPc7LAykzs+SLI="}},"k+yCJBkileRFWJNy9pDFimHdioM7gGQB48MQiq6f5Ss=":{"valueMac":{"type":"Buffer","data":"I8iC0OS5iPSKBqoN9aKuPzhQgg9uloCPH+EUfFWr8Iw="}},"wYlrq+LGBWeowVSLxFfU8Y187bXqKIvLPe+yek28vcw=":{"valueMac":{"type":"Buffer","data":"w8zxURceFnjbAfUKRqVi6HEoxg+tANveqB67sRJI6rw="}},"Be0h1KJSJkBTyESuWs5Raz5PYNwZ8m0g2MFIDHaWZsA=":{"valueMac":{"type":"Buffer","data":"bQ0tRjPk0u0LuTpJQQY8nDDACUaBqsDKU5Vtl9BBv8g="}},"B1PmL6ZgU0j4J7DlaRSbmatI8LqkLw6K//S7G5w/Tbg=":{"valueMac":{"type":"Buffer","data":"waEKoXwGxxc7LMXP1NjR1mOrWXOvZDPC8ZgqpFkgCE8="}},"fgx9gC/nayGsKetEaY/9/fEwApqKWjcy0BcG+n1VVvI=":{"valueMac":{"type":"Buffer","data":"lkmsYqEcQW1Q94Ul8c+f1yVs2Ejh+YJE4LXoXTklwuE="}},"UhpdmqA4vbkcqq0fkv4wyfcIFwV+yfC3Yvj9a8ra54c=":{"valueMac":{"type":"Buffer","data":"UYBLYcOGHJAsXjw8J8gjOi/FWe1kkZ1zimzg/EWxGtE="}},"80Xcbnku2cfglo3mt4KxP7rviGLj6uxMKxaCK6+ZW1o=":{"valueMac":{"type":"Buffer","data":"O1sUqJFwSwhKZJ+hpCL8rwVfk7U5AHtnqZUYccR4S3o="}},"eWtk66C/ycKJjVHgEqMhW2ZDSVj0Vufo+sTyzoEzkwg=":{"valueMac":{"type":"Buffer","data":"6cjB3Dn7D9ykgSRommgm/FXQfl8eU2EBd734aXZbpzA="}},"Cbfw7AYF4TQYPV13UBXC1165kc3m2A15C818A+JALr0=":{"valueMac":{"type":"Buffer","data":"GYlFY7/X2wNCXmbdxxiQfVaG78xrFpsktU+ziz7nlYk="}},"KfDQmDYm61eccm0rG/wPcmI5xbs9pVh5FIn/MAalNeQ=":{"valueMac":{"type":"Buffer","data":"J2m+rgmNW0JEpr1syuamIC589WFBp+Qud5k01vzlGZI="}},"rK9IMnVgEq8XBe8uf5zrnml4HYLDKcJ0eSz16GTuju4=":{"valueMac":{"type":"Buffer","data":"MEGu6Yp9XFxMbpMaWEBZxoFD2DkA62zI0xAEBJdPYX4="}},"dCyqwEMRBNACuHCQvfnvbDdYDFOfAJ1n3QQawIgVT34=":{"valueMac":{"type":"Buffer","data":"szRieIIEZfRQnQOSJdBTZ6mdCFjuH1G7IBcm9Q6/Bqo="}},"gjnJi4DksXXGA1d6JVzUQWdE9yc5+1zhe1saNqnXKXI=":{"valueMac":{"type":"Buffer","data":"KoKPWfAEEgHlr2TVGfbAFuMi2zDuGrau4bViVcVbn+k="}},"qvbswpHVowDW/Y6vvJJgP+aopx62Az0YBr7vsdykqtA=":{"valueMac":{"type":"Buffer","data":"ntDRMDaPKxPPv09B+mfvy+LMNcTVpkfOnm80Jk7CMj8="}},"wJFwMU5GwZAoY0G2+ApJ2naGEZr1TBrQjeHqpI0XZg0=":{"valueMac":{"type":"Buffer","data":"rE5hau0Gk45w9RkmwKPxG9juNZpfl060plre0yF1sa0="}},"hy9it8j0IXBvgjU6Kcl6tLhQLleI6uUXeCQxioFXY+s=":{"valueMac":{"type":"Buffer","data":"7rtGcm97ES23oiXBc2bLSP5JnI13jwabPOOLH+RTa8E="}},"pZ3zIwRByZ1BbFiXP7TUAUF9OabJ4IfbsTFlWRr0e8c=":{"valueMac":{"type":"Buffer","data":"N/H1uvjRspMkrSXwxMd8WYBXNjb5ivr13llhKMDfRFw="}},"/5zJaBEolVJC2f16sQvlKHOMb/7jX68MeBUx+LBOAXY=":{"valueMac":{"type":"Buffer","data":"LdJeI7obE8ky9wLpfjCb7wqssSc/H3G2XgzRg9rvJX0="}},"yoj1/eF2BmaAQB3krlFArb0sth3NNELb/SUs9zZ0ANo=":{"valueMac":{"type":"Buffer","data":"YFaWiEyD3UQAYnksBMj7F7XfL2ZL6rbN6bV91fRN6BY="}},"bF9SmyngkKffMG7VQz0QB1mQDnRrEyMSayq8QXPasuc=":{"valueMac":{"type":"Buffer","data":"zb8S2TfnG1gKuaR5bxG9wed8nLSHCB9GDhlkcR99Z+U="}},"kJs6f10zQk+n2dLSr45cU2wVPe1urD+PTIeMdJ6wfhw=":{"valueMac":{"type":"Buffer","data":"oWf49Oi3IO26OR4F0RruZTSQmpQY2w2myVLF6c0Bs3E="}},"NIJUsQRboZ6XvNFA8+8Bgwb55Q8399Sdl0LZ0GtkbcE=":{"valueMac":{"type":"Buffer","data":"VhxBwOpAJcidrJx3U0ym5Jj7SrQ2RqJjmCiSGuwDf9g="}},"oP/5IWUt3s/IUKlBNcm3E0yDORUbecJ6MjZh3QaqiSg=":{"valueMac":{"type":"Buffer","data":"lmz8LbkV1QOhDytW4qP9uKbHfols3WY0uCZuttCFuYc="}},"elWxnUa9W94UHIWG7AVDqvs4/gXHZtXqF+++RnXzAZ0=":{"valueMac":{"type":"Buffer","data":"wxihkz1hRHeVCRXFoiGLzE/3W+FRYXEpqVXT5JNZs4s="}},"O0cgSi8ysacECD46gz0EBnEYjIsLHrG/mxR3ig5hnMM=":{"valueMac":{"type":"Buffer","data":"1nYuzwdDteWgYF5E+nLjC6WeF6TMDZgKMcfLNW5EpBY="}},"NRVO6Cyk0kDe5WtzMP6H74kYxncUoVjnc+0X6mE3wq4=":{"valueMac":{"type":"Buffer","data":"Ufvr8IzhvN6qLc9pIH0WyICSxiVNkVxzd31HLyYktGc="}},"rZ78fouhNaPFzx6+ruYXBpIHXgZFQ//3C79LXqvwpzk=":{"valueMac":{"type":"Buffer","data":"OqDvOM+Bb5ptnHv7HNNMZE8hfm3FV03JkbHnCO7lsac="}},"A1vl9qywbTjo0LrWOgXB3CdT8jRrdYXs/x8eA7oRSqU=":{"valueMac":{"type":"Buffer","data":"ochUiD+GxvaSwz8tlJnO2BEK32kOZGMqUt1FnxYb6DI="}},"T+9v2AzZpLwfWC76Wb8mwqqITeokRSop+eIfJtipAQU=":{"valueMac":{"type":"Buffer","data":"uIk+dGlIwBNIdtwNHmrtkX71RpJyErLFDnFcUuKWLcI="}},"EEmnli4uvNGKJQzNnMB04w9l0VTSP8wpBTRaR6e0AlA=":{"valueMac":{"type":"Buffer","data":"uWjEMUSxoiqbgHpOZswR5K9mvhOAkgAxcH1tyZ73Dt4="}},"OYqoaYld8oyyj4jxFqIJ6UDGvSFA5xzZ3qaidOrT3OU=":{"valueMac":{"type":"Buffer","data":"mTsT2+oEMj0SwnHInCyFMkAsau/7dcG1CxSO96SXTBo="}},"ZU/+RQl/PHRi7Ubt6bXxtgStVdWYEk1M8meaLYbut38=":{"valueMac":{"type":"Buffer","data":"8AUtzwDYoWt5UDKenarLQF0d1v1X7TgbJZQs8KRDjbs="}},"FephZnjfk4HjbS4AEL826aalOH1WvOy1BF6Q4/37g2M=":{"valueMac":{"type":"Buffer","data":"Wvp1rQm5AAPpIv4OKLVyl5ybBDziN/R24JemdCzpIZM="}},"tm3v+h7WwhpASj8kxe9qE7Jmyg/DCAgkfVaizDDyosE=":{"valueMac":{"type":"Buffer","data":"glXVQBHy1Aql+OOj8He2NlAEM/JlrdyK4VZiKdAqIPI="}},"vOJNXnlHCqj+LwR4yXmfZ5LuNw8gjZo9Djc2NKqCrTA=":{"valueMac":{"type":"Buffer","data":"ypuqgNXVqbSt/gEuSOdfpTkG8Jy5N4meSb5BGbR7HmM="}},"xme1ChN+1BJIrhmwCGXu2hxkNSAw13fGQSx/c2fKI2A=":{"valueMac":{"type":"Buffer","data":"RYR6XnW8svL1ESwBNcdak38Ba+9OQDbHU98RBuBs9tw="}},"f1W1iCJETktqubQ6Z73Q3pMN1fh+oemcab2Qj/2EDxE=":{"valueMac":{"type":"Buffer","data":"G+O2mThN4KAMWZUTSdPCISpQ1zmWyiM9KBP7uLleWWw="}},"lfpWQU92bHQ4B1QlUi6OprpYyRIrrMNo6mcjXuJ3msM=":{"valueMac":{"type":"Buffer","data":"cgwyQfT+CQFzuSN/qzgPIFwA3RQcXxjxnEMbx+3aBIw="}},"OYdTbDSW2393EPWxVAZVI5jz8NxsXtDB6Bk/lRjl6Xs=":{"valueMac":{"type":"Buffer","data":"qqXgNwsPJ4i8QsAZXodsN7jrMVrbeZBE2oWLLsI9XKk="}},"35nQB6YXUTf56dDdNNo34x8rVuyCN4oSjZmBmdHDk+Q=":{"valueMac":{"type":"Buffer","data":"Oaf6Pzcvk+Je+KWsseYjNc3Rr/smxSOuyOlJRCJ9ork="}},"su7Co1PgAxgPcDDiR+i7FucQhIkRtYjXaDvCLJe/mYM=":{"valueMac":{"type":"Buffer","data":"YQfDarQ16Yn3+NqwESVVAAVF1/pkY299ViDcq++eSmc="}},"+YN7ee3g3j1C8jGX8bAo5lgYzGThkpvptbW4kYn7AIA=":{"valueMac":{"type":"Buffer","data":"WczWUwGLm7l/JueNzNxDiX6LgNpIWCtm8HJJjYoHINI="}},"xtRVM04Z7pkHNRp0OS6CAO0QIcnodJjrncARhgwTtHY=":{"valueMac":{"type":"Buffer","data":"1ksfhIsgGrfegZnEAamfKgejRWuavlKGkWG91ZACkbY="}},"P/G6JtjBQx2RJJWXFkwev3+sM9T753gYV9ikFugINJo=":{"valueMac":{"type":"Buffer","data":"2758aNkqcsl5eweKdFrlMfV7eSvVucnoqLmq1tCnMNI="}},"8q7QWVWojjnkJiELP9MipfzZ2DXgqJq7Vh5HIpbLRKU=":{"valueMac":{"type":"Buffer","data":"EHPcbNI6t6HGwRMtSXROjdZojG1RQR46HYM2PPR8468="}},"ZXKFKz8stBQA9aVJIfV8S0FJGjy0hroALsVu3aDg0LA=":{"valueMac":{"type":"Buffer","data":"wrAteBP0g/ELycjqGRrEMhHpxbTOG/EK/wwY4oQ5m9A="}},"tljH00MZM44fSxPEjuHSA3yvc+Yz+KsDg8BAsmiJYP0=":{"valueMac":{"type":"Buffer","data":"PuSF6uiCoQBuWJgIFfORzKUwbdFOMAemldhBI546fE8="}},"j7VhfDJ7bluQ7N/Zhqz6k0HYQ+oI99NBWXwqNZGoAGc=":{"valueMac":{"type":"Buffer","data":"zCW9TiFG+8w7udinn1AJ0Pd+Sp0ts4pDLqNoJZoAOSE="}},"oaUusX51t+V2kWzJaKrEDJGF6VVjShE17mritGXWk3s=":{"valueMac":{"type":"Buffer","data":"2wRjXLYqYcwIm2XQmiB5v4LzsKAXeiZCFczz/le7xoY="}},"OMc64bWmjz2eFLmY3C8KCnuZa8ET7y1x8MKMHmjIqZ4=":{"valueMac":{"type":"Buffer","data":"RWJly8O7/gFD6WDx9ogaWFNkkJuPxiVxXxF9K0MOY9Q="}},"rrXPIiVdEhvwc8ggk/c5MqAf6hzJJodVvSb18hBNEgM=":{"valueMac":{"type":"Buffer","data":"uG0fRXlV3KKBcW6Pw1Q2bF900ajV+D9HN193mG6tX2g="}},"OeP9Tjp2ZLPS8q88MOqG5VcIFvtYGqcS3HUUueDD3ik=":{"valueMac":{"type":"Buffer","data":"uOJ55lhSifrAw2S91VhchnSJyATv2io3bn9ZC4V4Wh0="}},"1vq3WV0Pr0lHlSVh8d3JGK6PHZPPhfRRPgy+XuSjTTk=":{"valueMac":{"type":"Buffer","data":"sib7bD+Yy2zAUrnt8WpuWVJenVWItTMHIgcCk4efuww="}},"JUHAL+GQNhDekbS6vE/FP7yIoIvqn2wRuYbuW72Bf7E=":{"valueMac":{"type":"Buffer","data":"WxBsMA8JBTdo3IHPI5aA57ykEGLxDjwtFy2rmgyejko="}},"S5qZ4rePlZ6raQWy+VLB05ixmLPT0GeZvwQ9aAnO8UM=":{"valueMac":{"type":"Buffer","data":"tE0686Uoozr71z3MWLBVaEHBAL0kI7iNy+8LnHIaJxk="}},"VU17GPWpV0ex9Da3NEFHkw/o3PtLKPB4p+zdnoSPZqQ=":{"valueMac":{"type":"Buffer","data":"c1zhP0f2DrGi2W9/QdSsrRXYlM64K/wD2O2oaqwAbfg="}},"k2wj/o133TzOQZB4Qvc5FfswkZcXqXPuqEn5GAdUVRo=":{"valueMac":{"type":"Buffer","data":"IoRQtp8vhmUwgraEtalFfjtBncqGURu40lu3i4BlaJw="}},"okVwAfRflxYIdAyzgLK/oLmy6lXEVHWX84xHi3eIWVI=":{"valueMac":{"type":"Buffer","data":"QgBdlQuUVrrA02fwBYOC4yA/7xdSvhPEN3k3T9wcpFI="}},"prBhnPfEQtMC3e5k96J5i3JQZo6PhDu13XvQxfBX/Nw=":{"valueMac":{"type":"Buffer","data":"Mfm89hFvKATphz/c9pWP3Lj/HuQ/Yv0+ymVS1IYWZ4E="}},"gQZXzVqZd0aAcyZibMR3n5p5MpT0Ng9SLvEII8qMHAc=":{"valueMac":{"type":"Buffer","data":"i3ErRJoz1KQlMRgQ7EWcdliNmM/vxSjN7zK1ac9/Cdw="}},"2jK5vripRmPIv4k/ZiQRzasjz5kcFAcWHh/p8GduGog=":{"valueMac":{"type":"Buffer","data":"Rt3nYrGhmTXeltv3KVmm+rHVJKdtXmVyoTCRJR8suLo="}},"YXS236HHUNUy7Sv10jlxg2sufJum3vOQWDasQGsH4iY=":{"valueMac":{"type":"Buffer","data":"4mV2/3LOgDN3AdWBqyFXeO51L+PZvEjLVnecq+7ruEY="}},"ZVu6YfKPrjFs8eNZkXmYeVhzbO/CCu41ZJ5WW5/J+DQ=":{"valueMac":{"type":"Buffer","data":"vKPNK0+aDKy0aMh5TAhLu8tgOflMvPZYyn/F4bqD+j4="}},"iWQzXdvlWkGasr3z1pT1Rc4CbBtZ0qBlffGXZ3gMyWA=":{"valueMac":{"type":"Buffer","data":"FYZ/nkveBMvH04DpCoLWvmfFWhig6vPF3hoztSAoors="}},"x1Yet1C+FnVQIuw15vWNGoJuJVotN6LjLXqD14skFdI=":{"valueMac":{"type":"Buffer","data":"95h4p1l3X88pHB+zFnNwY7Rmmusukd/iv4/GqCmrfZY="}},"pUfnEq+EwHdtWEysif1k3QJDsmYiqnyHcjlNIuMcRCc=":{"valueMac":{"type":"Buffer","data":"CAMokUYOCoY0Z9qBGG81DnJRnRytEbEvJEkAk7DWj9A="}},"aXG7/Um2hH9w1n06OCgpqs0p0f0mmoJUQkXsDo7U8eo=":{"valueMac":{"type":"Buffer","data":"kp2DKEDTvRQrkrqlttIBaB0D2GiuWescP3cZCpMKmpc="}},"yyS1FrVuEP8hFjOu31FOHpJhxbBMYbIYS0dwm8veckc=":{"valueMac":{"type":"Buffer","data":"LnYILbY7z9zElxldlb3YTIZccmMi+hRji3Ma586Ym58="}},"mSIZpFwVK6gJphaY1VTXUYR/AZGEHoey/PJf6vUXbF4=":{"valueMac":{"type":"Buffer","data":"7IX9M77cEOtFAxVk3QLsDmegfn+PUIOM1gigus2s2Gk="}},"eGW8HTRXEYEksjfMV4UU6H+skXTZfa/Ml7l8+cbcW5c=":{"valueMac":{"type":"Buffer","data":"438JeJsYRyNTeZYF1AfdlNVSMvlQG5iewhvEKbYAW88="}},"4tLm1/vWKrq+1HKziewsd9NuTBL9as+o9IXqtgGYZtk=":{"valueMac":{"type":"Buffer","data":"U/VyxFsX5da+yLHQd0KHYBaDvIeyQeFjnD517TSYpW0="}},"EB+4O9mS4l9reQRiE9+v3tFeYQSOTVGYjhJ2EALhBDY=":{"valueMac":{"type":"Buffer","data":"acTCrQKeSFD0vS5iam93Ww1xuToONToEQJKvJB6sqoc="}},"Vsm2yQM+H9FpyZ1Lz3x59swTRvNnISwj1bDg1mBjc8g=":{"valueMac":{"type":"Buffer","data":"11tFwoDRKHmCdFlEBW7b88l9sRRXYDGlkzq/YW1Irw4="}},"+t+shPeOOFJyNnAz9Nl1qjdFWqFDnU7gOt4yINxrn0E=":{"valueMac":{"type":"Buffer","data":"IyeW22eUzK4fk60OSRKX9CE5doUARmLh47xMmb+iNdU="}},"BHfOIo35p1uCDSm12StoYzt5hijHrATjMLKI58ckNvc=":{"valueMac":{"type":"Buffer","data":"OW8KsCTC1bEfruknQjlI1m5+wbVm3AJseFzjJoUCyFo="}},"HE3H7TIECOPaZZBXEz8yfiszBXMZq72b0sntjheBnBg=":{"valueMac":{"type":"Buffer","data":"gAAHzM5kOh2odZSSO3MBPK6fZ2o2/p1yq4R7/GujMT8="}},"0KuS67U0ty3u7M9qzKdGqs14HxJBwJ2DNLcu+v+0MIw=":{"valueMac":{"type":"Buffer","data":"YJNfOv+h60LAAoAGp2caZLz6SveuMnAVJajCak16GDk="}},"gVP6jt3sE0dpCp4zbwaOetAS0kUfl5f9PKcxXEyZ3nk=":{"valueMac":{"type":"Buffer","data":"020R7c9q6oNB/IIUZLb6qj6nWOlKlRWa9YC9NttzBto="}},"xaEiTtkUSNbZwZ7b46wKvDAXuSQuEjiRdgQd5wtbzt4=":{"valueMac":{"type":"Buffer","data":"JYreevCOTZrCQXDMWPID3FaFa8JazsW6x4ye45NaUoU="}},"u1S2utaorXMvtFyDQqIwb6+l6PV+2lfHhrRxp6gk0vk=":{"valueMac":{"type":"Buffer","data":"KWeVOshFlz6qpCVUrq6Q/lvzcgfUIt23kMybbqr5L5w="}},"qWonsAXA2+o5CVoSC7JIS0YgniL/YyjAQ9LSqUv96ow=":{"valueMac":{"type":"Buffer","data":"4BreeeVONpu0JtcFMlkCDyPr2wtrZUfCUHDQ//xVe3o="}},"acuOcMvEMoVXbOE2JOoa8RP6opisREGQKzuR6GeXxpg=":{"valueMac":{"type":"Buffer","data":"cxkOXmxt4cRkjRg8dM4A6Tm5ksOeIk+fnwXeTfB3AEc="}},"25ffEV/Y4oUiyx9rrQeY96PhiNDyU/vkMxOt7c3jQEM=":{"valueMac":{"type":"Buffer","data":"DrtmcG/oIj7WkwZVhLBVEF/QZ6TTh48qzeN2CNk+1Hk="}},"1x1eYkSQYBYlO90kuAIRcD4GBbzY5ddVbU4g9Pn6JMU=":{"valueMac":{"type":"Buffer","data":"zDpC572nds4kWdv4ka6eObZO1YcMQ3H8bDnT1LoD8A4="}},"ilRh7n9CSELMr9drKce4YypbZBed9Gos4olyFJIbVYU=":{"valueMac":{"type":"Buffer","data":"5vvozb+kOUNEhqdNPvxbLe/u40waLbRAwt0ycYsn/wM="}},"JnIcqByCsF6A0ZwPKoD8qYPzVH+ptgvEROg0HlYl7lU=":{"valueMac":{"type":"Buffer","data":"Z2BXeBGr+qeAORE1/BZ/w1pUct51o3WsAG73drxNuzY="}},"bg0p1EyoBNAYrt2Ulcxp8KgtnhXtgPsnZlI+2xCS4ew=":{"valueMac":{"type":"Buffer","data":"vdOa0vp4YThIGp/JC8jN9Nj5feRDEGfOpQY1SFhiMKs="}},"JCTBoFEkeXkcu2hI/rTLjRlF/pSeLzGCEOXfDdL3JHk=":{"valueMac":{"type":"Buffer","data":"f7tjp8q16gCvdvdjQR4VAuguRuOE8pODAo5z47Fxyio="}},"YRLUMSyUkrrV6/XwPk9LclfqpHtCptYh07Ht1P038MY=":{"valueMac":{"type":"Buffer","data":"OswNVn8vzaptO72EuLMtEhh6Eg8Om3jrRYBsOgScmAc="}},"5ZmdHUJ1MXO97GfBs9P36AY1PeaE/X9Xe2EEBti4l+0=":{"valueMac":{"type":"Buffer","data":"QJcZJtJh6ORVIvjq9/be3cV1rSVfXmeNmTGjNwFsuBo="}},"hSJSKF+/TpYcA6oH6h5mjK8ltRbXHo2pmL+HN+hd8YA=":{"valueMac":{"type":"Buffer","data":"6VTUVC1P54g8CWkfSI5Hj9hnA7smaKkckke/uTWd2mc="}},"97SiDQuboURAzvU68S/xH/UCueFVUMMg/rxpfBOWkyY=":{"valueMac":{"type":"Buffer","data":"fFAaiLMxCxrSd3jczjuTxPdLyabEipi9H1QJLARjMoY="}},"Wrvm4Ccw1MbM9f3aBy0Pijd8/qUWs4GHNFnh0tfDEok=":{"valueMac":{"type":"Buffer","data":"BY48Rp8V+IozYgE1hh7x7bu/n98RK4dlokMEvwPFxH8="}},"5ht/zIhjEammTW30q3WAjccEHOyYnEb3BGbX+ARdI1s=":{"valueMac":{"type":"Buffer","data":"zaFBOzMEV8dbi73VRW3vb1csbdbp7k2NuhN07s9eKBQ="}},"uX3KcpQznoXZae0JHQmR6H9Bpy1ugw2EtXv7hPHlYVc=":{"valueMac":{"type":"Buffer","data":"1JR32pnyOVS5qOq2iq1J7US0vx7V/lkoOasBeaeZGyA="}},"8s7i8Zr7D7IEllW12dWF8odOk9PYqjHY2vv3wFs1oYQ=":{"valueMac":{"type":"Buffer","data":"au+I0f784fc4uesKUtGAkjZxoqglPaiKl5ZMtH1V3kc="}},"u4+i/+wEz1QhEcHydK3jdfFyBoJg9Liy6oF1xIGuIdY=":{"valueMac":{"type":"Buffer","data":"34T3icJrzpnc3Tw9sxHXUql9xI1Xt6yEjMjonw5tP6Y="}},"Jc/o2122aJreqLmk0+qGrmVNYRJ6/et+ENmQ7yOG7K0=":{"valueMac":{"type":"Buffer","data":"3v1yfsypaIWvq/wX1nHxXX1/x9pIkiGFi+3atLv/shs="}},"NW/ud2sS4PQr3Ig1jolGDE4yIAaDqn5BEnkRfPtUvhM=":{"valueMac":{"type":"Buffer","data":"R6HKGPeng8zAMAoECMDlrOGmJ/cRARAIZjZ7sGA3b60="}},"YI9N5AKLT1LU70joILmKdwLOpwj2+2m58OQK0x0cSTI=":{"valueMac":{"type":"Buffer","data":"hPAOzj2q0fDRCwZAmqFFLJ1pr98GJ75RL0NUDFlqiaQ="}},"0V7mNuSnF5as64hfex/U1tENXiE4lrnr9WDqgU0uZ0M=":{"valueMac":{"type":"Buffer","data":"cQhivThsfgVe52Ms/pUZgFvViZzskCIbcSbSYnjzKdQ="}},"/ten+5r9em/g61ZI7XC5tdZemH90cp/HhTIGMujZUv4=":{"valueMac":{"type":"Buffer","data":"rK3rRLcBnpZgC7mYJNF/oaV7oi6Qy/qviFLkVHlcDFI="}},"V1Dl4A68hQuq9lR5R2CKawK9zy7BwvS/RVUztKxYH3E=":{"valueMac":{"type":"Buffer","data":"nF9ephLQChS8u1N8GUAXElFF5E4BBbYQ2ofwgGpKb2A="}},"4TJglVFtFIQp4FbrYiH/iwxqPsjtupwtKw6hDhcWwAs=":{"valueMac":{"type":"Buffer","data":"Etcchd3rnZ1/qnztbzlmDSLYP1Bm6tCeEbac7jsRing="}}}}