{"version":2,"hash":{"type":"Buffer","data":"kisBK+je0+aG6WwJHlXzsNYeXJkUtDVdHPxDEThzESAxvUBY9zM6l2/8VaRmgZn8Qe22HfRXG6HoLLGVPknLET/o5/6IWD7wEYBNzMfHZxV0P66upuxo+F/mOgNVHDoGJwnwFpDLqPAiUtdRa5k+fNm7r/x9f8/6lklkfvydGQM="},"indexValueMap":{"0tlWo2eACEdnnyziHd9qEzaH+zAHtgeeA/OsMQsPmqE=":{"valueMac":{"type":"Buffer","data":"aZNTDGAAkA1xw88A8O5QikiHx5kCZaEwZGqeaVnrQPo="}},"jrtF5+GXe//fMK5Hlv/3fkNcvxk5N5qd5m8pw8MS9A4=":{"valueMac":{"type":"Buffer","data":"Vq/8W3NfJCY/K+bil1WkyjgeDz1DdG+qTN+FNziUBEY="}},"V1LlpwxcjkbQ8RCiDBH0pNA/84tM2yqEhl5kLabDuos=":{"valueMac":{"type":"Buffer","data":"o8zgVzPgtijwLLBRadnU9DB4EFf08MbTPmWkC4T0Czk="}},"pQUA5VdMCVUWbZzyADIfLxDa7cv3ZZFEfnJ++yqal50=":{"valueMac":{"type":"Buffer","data":"Ut2x6d4apWHnb+yh7VkKVpYRtYpkVuPZYM1fKBUYPdQ="}},"sU7yVtidvLEBun5YISwbwh2a5nQ+BDohRdMUrl6jDuM=":{"valueMac":{"type":"Buffer","data":"7U3g11ZaWprZg+RUxOIWiBYd7USGovwQ1XoB5jNQ/6A="}},"Dr1YKYru2RER5oUukrHI7MiREwekeO0XI0vnch9qTec=":{"valueMac":{"type":"Buffer","data":"tB00tXfZZVLsgazlhD3VRc186kki8QtFlBH3PD0DW0E="}},"m7ap7psWpmfN71Igo5KB/wFpuT6GgnU42Mk9FO+TpFY=":{"valueMac":{"type":"Buffer","data":"O+ab9g/tl1LMy7iyZbtHz/UfZVBVrdatbJcXvmPitO4="}},"vC0dSljHYDHmLqZoTI5L/TWZ4drZqchfxm0eA1nPiaE=":{"valueMac":{"type":"Buffer","data":"jNE6sXRmjfgflGFITiblCDAPS8TRm/Dh2eNpe7gx41M="}},"auzh9odCdHtjRkE5RySSakHiJhBO+jKzUAn/7D715SQ=":{"valueMac":{"type":"Buffer","data":"gYFRFOLZBJx7X8GWkCmLTR6jOabAN063xrJ1rqT937s="}},"XgyKnu8QfM3/JwZvXYzktNOKi/bRVK7J0+Yc9GmtumM=":{"valueMac":{"type":"Buffer","data":"0S78Chu0Fdi+wrdWpTyc2iCbG3t3mq2ou/p3nFbZvWQ="}},"mwOAzKimWzlIM7YVVCGifiQQ6Pz8keozaTgrQYJCsyM=":{"valueMac":{"type":"Buffer","data":"vXb0pf1BkKP/g5b6/r0GsixpFUmgty3EsfkmbWHntaU="}}}}