{"noiseKey":{"private":{"type":"Buffer","data":"AHtDWI/KD4kXieRHnBDFl/waYfKdjJgF4/Djs9CwfGg="},"public":{"type":"Buffer","data":"b2/y/br6GfUCQk+ZCjmfwq+ogho00niNYsNb14nBTGk="}},"signedIdentityKey":{"private":{"type":"Buffer","data":"uA8Ruyr0GThJLvCdo6FcALfqYXfTl7M8WJ8wygbeglU="},"public":{"type":"Buffer","data":"fSZK3uU3QlnCBqJ4XUreAoodBdFaoSUWPrgJ6WnEPmA="}},"signedPreKey":{"keyPair":{"private":{"type":"Buffer","data":"AG4dYm1H5WKFqeDLNNF1oooV26SxOQMaxWds62CObV8="},"public":{"type":"Buffer","data":"xhyQIkIJlZ3fPz5u0kvESfBEtw2AjecTlqDxebGIWDc="}},"signature":{"type":"Buffer","data":"nWBSgpYuzjRk/AXfdcTSBDu1JQO+oWyqEG+kPE7tzGuRdTDJoFADo/McR3K44pCCTcl3AKr2hdhMQtggaEK+ig=="},"keyId":1},"registrationId":172,"advSecretKey":"2iFdQrFi9+te8CIw7i7gMI1MLM416O5nuaFP0l6Ests=","processedHistoryMessages":[{"key":{"remoteJid":"6285640732781@s.whatsapp.net","fromMe":true,"id":"3CDF6E0BCAFF7BA35EFA38F05AC7CDB6"},"messageTimestamp":1682946166},{"key":{"remoteJid":"6285640732781@s.whatsapp.net","fromMe":true,"id":"705F4B0E8D2B13D9C23D38945446FAF8"},"messageTimestamp":1682946166},{"key":{"remoteJid":"6285640732781@s.whatsapp.net","fromMe":true,"id":"4A322869DC7409E96F0EEA9E1431A4B1"},"messageTimestamp":1682946171},{"key":{"remoteJid":"6285640732781@s.whatsapp.net","fromMe":true,"id":"EE36989B7B188B30CC195FE35DB43528"},"messageTimestamp":1682946171}],"nextPreKeyId":61,"firstUnuploadedPreKeyId":61,"accountSyncCounter":1,"accountSettings":{"unarchiveChats":false},"account":{"details":"CMS6/gUQ5fC+ogYYAw==","accountSignatureKey":"Vr659Cs8KKn3DpNsB+WO9i3eyEMLBAqQrWo7XkBLlGY=","accountSignature":"injjPTQiIQ/LGRXG5Ku9tH/2LFVelvrwgM4zG8rnVgYS1BsXa7XzjkyzB+Cs0I13PZKyYBQDfL5+CCzgETXrDQ==","deviceSignature":"tPZ+Nt6h5UcZ19Tk7XBC1KdTPM38kb1kol93lXFwmmc1+JuDCEs/CQCHUgpgcP7jZM/UZceNwWOE9GMgS9pEgQ=="},"me":{"id":"6285640732781:13@s.whatsapp.net","name":"Ipan Botz Md"},"signalIdentities":[{"identifier":{"name":"6285640732781:13@s.whatsapp.net","deviceId":0},"identifierKey":{"type":"Buffer","data":"BVa+ufQrPCip9w6TbAfljvYt3shDCwQKkK1qO15AS5Rm"}}],"platform":"smba","lastAccountSyncTimestamp":1682947177,"myAppStateKeyId":"AAAAACtf"}