[{"senderKeyId":48227067,"senderChainKey":{"iteration":0,"seed":"KYf9P+ZDWxFZ7ea+jihdZBp+Q6B6/QJSqKn5Ep3g4GI="},"senderSigningKey":{"public":"BRxVOiRRw0ZQkeIT+8bwwMCu31VGT5ttOwllfIDzdw1P"},"senderMessageKeys":[]},{"senderKeyId":1966067797,"senderChainKey":{"iteration":0,"seed":"hUv0d0OLVnR4Js7SNOMVJAF12hJxGs3uYPJZw8TyjRI="},"senderSigningKey":{"public":"BS9XRimlnzYw9uKrSYIIqvhPrNmY77ZD+NC2XCmBEhxu"},"senderMessageKeys":[]},{"senderKeyId":1073153814,"senderChainKey":{"iteration":0,"seed":"WgiFbj/HgWELG+sYQbUdR9ijOqR8FsQuGy8HxyYEVQI="},"senderSigningKey":{"public":"BZonYdGNQhEMHEtc2eGcXC7G/NhHczBdwtMYMCHOGPZ5"}}]