[{"senderKeyId":1447917789,"senderChainKey":{"iteration":0,"seed":"RnRRUurOhFnytoZ0tBwRRtBizA+ESKpaOj9wn74TCBE="},"senderSigningKey":{"public":"BfTkGD3UidkAd62qoH0T2zg+J5LUn3+b3l74/TwpAhwZ"},"senderMessageKeys":[]},{"senderKeyId":1090308676,"senderChainKey":{"iteration":0,"seed":"VXpRl9cICK6ANXjmGRgJtmeL0XTp4edwQJpWj1m7bIM="},"senderSigningKey":{"public":"BQLFWhIF65N8OnkLSquy8vWCVLCn+m7d+iVcUJHLdBtH"},"senderMessageKeys":[]},{"senderKeyId":2038600945,"senderChainKey":{"iteration":0,"seed":"zG8qtc9HcuJsktoQBRnYm6p9J3h0z4Kf5AbRiyFFSKs="},"senderSigningKey":{"public":"BcCV2ZFEPLpg1MM7LR4xMnJlr5EvWKt2JpR265YeouAl"}}]