[{"senderKeyId":1550491597,"senderChainKey":{"iteration":1,"seed":"YvZBorsFU/5+Irp73MXZy0+UVRf+TvnCHXhyeZTThmw="},"senderSigningKey":{"public":"BSQiVrbtwwYlaxjkOc0BBPY+Nb6dD6IR83WWa0xdz2EX"},"senderMessageKeys":[]},{"senderKeyId":359298887,"senderChainKey":{"iteration":13,"seed":"l++UxbjnXci5edXAwOIM9/e/wqQm+3Mgrv21BOZn0/w="},"senderSigningKey":{"public":"BdTf5pKXkzNHq4HCygi5ImWUvgCuVKscOVBrnB9CS0BZ"},"senderMessageKeys":[{}]},{"senderKeyId":1588463623,"senderChainKey":{"iteration":3,"seed":"rb+Bhuf6PWePNm77hEQlzoQ36gZ2nyZzLCf+ir/YTbU="},"senderSigningKey":{"public":"BcUHgIp10kFLAFixHsrwLTWf6YnNE9zsHvYexvRp44Qa"},"senderMessageKeys":[]}]