[{"senderKeyId":1525887071,"senderChainKey":{"iteration":1,"seed":"avm+UchlbmpZ+Mx2ZKUhO4vX/W3Rzoqd1WYTDnMb/Ec="},"senderSigningKey":{"public":"BV/SYhnOWMnDUA5EwPgaElykuqAr2ZIFaN+EnzRpa+JO"},"senderMessageKeys":[]},{"senderKeyId":1078452454,"senderChainKey":{"iteration":0,"seed":"Kmvjt0wlmolmJTdOemTHOxg9P/ebyDxG3I1GkTLF0yc="},"senderSigningKey":{"public":"BfvAuraiQPU7i3XGyoDBVVqCZUHpHPS4iyaBz3tBQxAH"},"senderMessageKeys":[]},{"senderKeyId":75292875,"senderChainKey":{"iteration":0,"seed":"rdeDMBoOdaFb15zQKrwHFOaa6K8F0r6wmB/HIxxgoPk="},"senderSigningKey":{"public":"BezjMmOaQXSbtaFJgss3oM7nhkp8N6PK6Mtxs0rvNp5q"}}]