[{"senderKeyId":566623183,"senderChainKey":{"iteration":0,"seed":"w4ZZGYTK1tC9ouxd72p59ABexD09pYV2xqmnowLWDlM="},"senderSigningKey":{"public":"BRlsUNxVEd3jmPmOlO3Qj894K8elmA90gt6pdtuKlfke"},"senderMessageKeys":[]},{"senderKeyId":2003506563,"senderChainKey":{"iteration":2,"seed":"3EV96iTm7BkGnZuEfhGzKpCxF6zxdzIlrCUP0G8pjcs="},"senderSigningKey":{"public":"BeKFCmecDs0ifK71sHGdPBp4lv8PZuzC+K3aBRCUlnkk"},"senderMessageKeys":[]},{"senderKeyId":1613163423,"senderChainKey":{"iteration":0,"seed":"AbkfiTYS/nDDaODua/pxEuoMM5hvcrpNDGX6Jcot3TE="},"senderSigningKey":{"public":"BRAn9pviuOkEQH5xnrXcRR4xV1r/cpVbQ5HrLviJIV0O"}}]