[{"senderKeyId":2003952118,"senderChainKey":{"iteration":0,"seed":"CPjLaONG1+3pVRJk6v8mSsBF/dE8Ty/wZJIwg0nNEK8="},"senderSigningKey":{"public":"BYTok6IlkoHcC+QwuxcyqG+2Hq8UnVUGw9BhUtQXEnEW"},"senderMessageKeys":[]},{"senderKeyId":2003952118,"senderChainKey":{"iteration":0,"seed":"CPjLaONG1+3pVRJk6v8mSsBF/dE8Ty/wZJIwg0nNEK8="},"senderSigningKey":{"public":"BYTok6IlkoHcC+QwuxcyqG+2Hq8UnVUGw9BhUtQXEnEW"},"senderMessageKeys":[]},{"senderKeyId":1501030317,"senderChainKey":{"iteration":0,"seed":"IheXR6gw6Uzwy+alq8hd8lBTn1WsYR+OHjwbSVYxpZ8="},"senderSigningKey":{"public":"BefTf6TBGryXL3lt7DBjuEWBCkLvSHX+pyseEUPHzIgm"}}]