[{"senderKeyId":1360149955,"senderChainKey":{"iteration":0,"seed":"BIygCx1oXcrmcFsbneL06b1qMWfJwhiVluE5M4dH+k0="},"senderSigningKey":{"public":"BU9MYqzVppfkgoM+95DV8JXdN4IdgEFPGW8cCd2P1do6"},"senderMessageKeys":[]},{"senderKeyId":894997734,"senderChainKey":{"iteration":0,"seed":"x/m6i2g68jX7SQE+Mbbep+as6EDaR/F5J87sJriMzKg="},"senderSigningKey":{"public":"BXWYjjvsbEB3l+zwUARPA87nRwYvV4ZPfu/CDzgWWy0I"},"senderMessageKeys":[]},{"senderKeyId":32084165,"senderChainKey":{"iteration":0,"seed":"M248jmeG99FzgPHcdbLvDswMK/zuZY6FTg1kLS7P9OY="},"senderSigningKey":{"public":"BSSvnAoHq/bD+9S2+0yOJ0QgWiZiu1RqeNrKX62h8Nl+"}}]