[{"senderKeyId":172968305,"senderChainKey":{"iteration":0,"seed":"nkZXc+HJqR7PE/nSaJxPhWIgyAgnntlcsL7B+GqpqT0="},"senderSigningKey":{"public":"BYRgNjQlXzMPhCN9n/wf73BJQ3VK1DAFE3qI0lBU+hhx"},"senderMessageKeys":[]},{"senderKeyId":567886198,"senderChainKey":{"iteration":0,"seed":"WSXxjTJqv1mssoz45TKFhkRWM4K9y5RoMmm1K6uA/Ic="},"senderSigningKey":{"public":"BVUNtBysgTlLDDq8p9TAOs8uWg7s3tHEbDl4hnoBucJz"},"senderMessageKeys":[]},{"senderKeyId":2110109321,"senderChainKey":{"iteration":0,"seed":"PP4S5guGGF7Ki/AL0HK8e9dE1CommhyfMYJpHZPUwPo="},"senderSigningKey":{"public":"BaIHjD3LzRneO+Xthn34hBYRzI3m9nSUzFCaFq4QnVlO"}}]