[{"senderKeyId":484867592,"senderChainKey":{"iteration":0,"seed":"5sW57hhffktlzxiu6T7JPo1JjOFz8lTTp5mzvKWL4Fg="},"senderSigningKey":{"public":"BTFQLOvIi1TrVnJ1+Mcg30VRPjSgK/VPvcPbyMxDuf4d"},"senderMessageKeys":[]},{"senderKeyId":1481298176,"senderChainKey":{"iteration":0,"seed":"gQx1YFnYmutzYxJf1Ve2++iFsxxlnUympXPxJ3l9suk="},"senderSigningKey":{"public":"BdPITrvrGjxTTqsBC+ydguSfKC98wrZSYgl5ZXo3H0RM"},"senderMessageKeys":[]},{"senderKeyId":432502616,"senderChainKey":{"iteration":0,"seed":"L6NaS1pRHQr5xewx1j3rQU38/f5qmM907oyKamTHqvA="},"senderSigningKey":{"public":"BTuOSz9CNh0z3Fk11g2v9ncdIt3MkjRvDZOV377017Fc"}}]