[{"senderKeyId":1807968278,"senderChainKey":{"iteration":33,"seed":"xVVwzb4DN8gTsfMVqQBKzWYggGCQr7SwnBdZ6gdTK/E="},"senderSigningKey":{"public":"BTj3LQ2h6GM/Uw5gn7+7YZbWrWTgIfPIgYI5KZE552N3"},"senderMessageKeys":[]},{"senderKeyId":1495528986,"senderChainKey":{"iteration":16,"seed":"ZLCPJ+0+ayDaI9TKY5LuF4xZ9AZOZYzHq0uzU1SwS9g="},"senderSigningKey":{"public":"BXlj1yJvcRtG7A4IhphAPevHTjhC4c2/Pn4CQToZZ5Mr"},"senderMessageKeys":[]},{"senderKeyId":2035962482,"senderChainKey":{"iteration":9,"seed":"HQy+rclVDeccZunUS7zPrNNG9EWg5Ha3YlfyBZvJtag="},"senderSigningKey":{"public":"BaaP2LpC5SIs6QzbdzGNXnfjmTldFgOpDtsmU/WjidZT"},"senderMessageKeys":[]},{"senderKeyId":818396702,"senderChainKey":{"iteration":0,"seed":"CsDXO22w/zP2d6rYKs3pNgDPf3DoAF7kvH2ZFQJaOaE="},"senderSigningKey":{"public":"BcHXPb5er9oNrET80TOaWT/yAIY70cmF9IB/yYFk1els"}}]