[{"senderKeyId":929627036,"senderChainKey":{"iteration":0,"seed":"38pkW1Tt8oC41YmvkzID+ivFqm/ktObavzWrIEJOiis="},"senderSigningKey":{"public":"BQc+F3GNsSRxNE672putK0OXeQaadjlDDgW0GA1P+U1v"},"senderMessageKeys":[]},{"senderKeyId":286665047,"senderChainKey":{"iteration":0,"seed":"Lb6V353bPCytzjhqfQ6kiYwgcpwisL2XDL+IG0cymko="},"senderSigningKey":{"public":"BTh/l+0ntG709eB33yb4BTvGYtpkU/L5AApDSzaqTD1u"},"senderMessageKeys":[]},{"senderKeyId":1161707643,"senderChainKey":{"iteration":0,"seed":"cCwpJ7r/OGFKC2Ea3S6r8wR0WRJ+6m0ND/Q6L8uKy44="},"senderSigningKey":{"public":"BRXNAWZRPRnP7EiG5ACZuvEVc8iCe8AmMuQ9xMlNBy0+"}}]