[{"senderKeyId":986505325,"senderChainKey":{"iteration":0,"seed":"hTCQXvv7WDqLbz/uyFGphH0q2z+crec4eA3covghSmk="},"senderSigningKey":{"public":"BUfN/443rCSuSbHCiwIo3L4gKEL+PJ7rYKJpRDWodEVt"},"senderMessageKeys":[]},{"senderKeyId":503762821,"senderChainKey":{"iteration":0,"seed":"3AgOYQeWvlYiBRFjNoxOOmBHJSLDzb21Db2vZVyHaaU="},"senderSigningKey":{"public":"BVjIKiWDDKvLoNH3MxMkygQrxlx2PKiV/9YnNeVqeugW"},"senderMessageKeys":[]},{"senderKeyId":1305727797,"senderChainKey":{"iteration":0,"seed":"UfGW5Vq/5OJ5L6Ejl/5YsdV6Mm+5njrtrbrhMpBxm7k="},"senderSigningKey":{"public":"BcLasydKuh3eyLC0PWMcqlj/Y8WiWqh7SbAI/s2l4MMd"}}]