[{"senderKeyId":1292771633,"senderChainKey":{"iteration":0,"seed":"0/t/VIEfhBmyte4xradMRsB2gPZdI+GKRr1XuFI50E0="},"senderSigningKey":{"public":"BRf7yMBABHwDYUBmx3fV5Lsuy2ZPZafXyku5ELYJgiJk"},"senderMessageKeys":[]},{"senderKeyId":1347774413,"senderChainKey":{"iteration":0,"seed":"JfeWbwYv972CCG2evYqHXgx6gdwO2OppuXoF2qwP2p0="},"senderSigningKey":{"public":"BQJPRDqWV4AqWt0+D/nQOBchoMvmBgZH+cosRr56g2Yv"},"senderMessageKeys":[]},{"senderKeyId":1208761000,"senderChainKey":{"iteration":0,"seed":"Ok/cnsX9XB4LmSH5h2+iSMC6inaESniYTHHOdC/g0ww="},"senderSigningKey":{"public":"BW8JFG5+L/lWEOHXgNlv/BAFkESm5FvFdTs9nkRUeE4M"}}]