[{"senderKeyId":912728406,"senderChainKey":{"iteration":0,"seed":"NPnBI3oHsijlPF+p+xiB9fXhmugLDIDKHHcU24xSAKo="},"senderSigningKey":{"public":"BbEUzeqbz1hDo4Uon7OynC32nkYkyN+8fAMEiYrw/lkV"},"senderMessageKeys":[]},{"senderKeyId":2131205637,"senderChainKey":{"iteration":0,"seed":"HYWtY1cedptyPSd9quZBNpIvMUczqH5k61e2WDIxoCk="},"senderSigningKey":{"public":"BTuU4Ddav4r+vG+x8ufOyqaAulRcxtgU4nC690SMH14z"},"senderMessageKeys":[]},{"senderKeyId":1117056665,"senderChainKey":{"iteration":0,"seed":"XpKRyHdNKjKfiObaGHO+d9/JPFC/jtroHWQPgIn71U8="},"senderSigningKey":{"public":"BeZksLaoWLoTshPirlUrXWwmILDIty/auuex2ea9LTN9"}}]