[{"senderKeyId":1647118404,"senderChainKey":{"iteration":0,"seed":"WCGDu62l/C3C6Ax7X1PlQ/ML/742/XkUZI+iVGUN6oY="},"senderSigningKey":{"public":"Bb+PyNV9cEj7SYJFZxCRO1z/RD4+6LymHNFvHzHanWZU"},"senderMessageKeys":[]},{"senderKeyId":1843041275,"senderChainKey":{"iteration":0,"seed":"X3zC2DqZzNSU2GwH0niYNQr7xaCXsQ87jRjH73JTViM="},"senderSigningKey":{"public":"BTf6lpfRFujol2MAX/exjhy867D9zGn2Bp+/bOu6uLE1"},"senderMessageKeys":[]},{"senderKeyId":28322107,"senderChainKey":{"iteration":0,"seed":"KYvQpZV3z+kIPDLocIhNVDzQY1/BBHAirvJosmloV2M="},"senderSigningKey":{"public":"BZHGhq/nz73orymD8zzkAO8wUdbl23PaptmBHO/q77RH"}}]