[{"senderKeyId":1479780868,"senderChainKey":{"iteration":0,"seed":"8uRHvKuhu/ZHYRQza02mao29eVUU+KqbmXEXpcUry40="},"senderSigningKey":{"public":"BU3zEN01dEshQxTxQXQ5HWSNs5kBWalv0YINjvDalA0Y"},"senderMessageKeys":[]},{"senderKeyId":1908046292,"senderChainKey":{"iteration":0,"seed":"wp/iM/Mj9FAADmPHn99DDEsom1+8zFVDEBjuirJKQAQ="},"senderSigningKey":{"public":"BXgu1kdu1ubQA7AgOUwIo1vq6ypGlmolC+dpfCzHIbo2"},"senderMessageKeys":[]},{"senderKeyId":300471253,"senderChainKey":{"iteration":0,"seed":"3g+ZcFPJ1FeMbnMAqFRDupWEmDMWnrHvJ88+yZMfoEE="},"senderSigningKey":{"public":"Bdr40bIcKQv830ZAcM6nwQ1as8wgMNUF3z/ZUE+lcuU9"}}]