[{"senderKeyId":1586588099,"senderChainKey":{"iteration":0,"seed":"5zw2TADKc6nyVxkdqXPXfo8p8TLKQtP/tEHxveM10As="},"senderSigningKey":{"public":"BSEz9/zkkGowqF7k4/QM6NGgugg1bVAqGYESuJPQm+1Q"},"senderMessageKeys":[]},{"senderKeyId":1576374494,"senderChainKey":{"iteration":0,"seed":"181Cer1+0fhLXnozV6WZyoTjvbstjauOLvsYX9hSH4I="},"senderSigningKey":{"public":"Bbrzmbw2lI+ccIDd8GSTChCpLJwXSJg2kSn43HgHyUdy"},"senderMessageKeys":[]},{"senderKeyId":1143703586,"senderChainKey":{"iteration":0,"seed":"GJpWIMgMdhw1DDKYJPHpow413To7RZ4TkBz5aMBYyxQ="},"senderSigningKey":{"public":"BTOZzM5g+HHXGIu9QvM9tTjvsVFvB5ZyBK7+fU9QGBt+"}}]