[{"senderKeyId":847450709,"senderChainKey":{"iteration":0,"seed":"ACXOXED7YUDUZWwwntLwN/WjfAuMtk0Z2Nmv6Rbzino="},"senderSigningKey":{"public":"BcI2GyaeGiI2lzSXO2R7NYZeHNpTuQ+d7H52FWX5orh6"},"senderMessageKeys":[]},{"senderKeyId":1315957980,"senderChainKey":{"iteration":0,"seed":"otFnx3GErSOM0DCI+j2ZrSiIJGmM9scdZGrm1rpInJI="},"senderSigningKey":{"public":"Bccl7m9Rv0b1Of1H82bbHOA9z8X4Dskm9OU1jfTjsbFL"},"senderMessageKeys":[]},{"senderKeyId":1957238267,"senderChainKey":{"iteration":0,"seed":"a83ULL+KJdH2lndZ422HZVIm0aVXKKGnmRHxMhIbo4c="},"senderSigningKey":{"public":"BYKPCzv6zCo7IecJ8p6Nsd+0lKLPSE5Oz8hd/jkkMYtw"}}]