[{"senderKeyId":1211644458,"senderChainKey":{"iteration":0,"seed":"8vapysi4XyUbytncs5ZLxRNno0ExD38Md2R0DcI2fo4="},"senderSigningKey":{"public":"Beh/lPseX12SEobVjum1xzggOQxD6N1biMxF0zWMUTZL"},"senderMessageKeys":[]},{"senderKeyId":582024436,"senderChainKey":{"iteration":0,"seed":"WcUpdIEAyfKfAfabUT0s+fWGlDrAYhWCA2Y1fQSbK4M="},"senderSigningKey":{"public":"BZTVR/0Xc+RJBUCVWSvXMljW8TehP7vFddfG0u5IhOpv"},"senderMessageKeys":[]},{"senderKeyId":629217908,"senderChainKey":{"iteration":0,"seed":"CFN1r9V6jMSckkCNVvG6VdMu8ESTJlFnd3++l3/vkUw="},"senderSigningKey":{"public":"BS7klK8qKqHWBMAYxwek33grbBMY1q5RhU7rkJQ5vcRA"}}]