[{"senderKeyId":365279341,"senderChainKey":{"iteration":13,"seed":"mW5k8cRAC1TneC4oba7CUcgW1JEiJYMHOaRV5cvl9gM="},"senderSigningKey":{"public":"BaErVlaymQ1oAAIVH7RPVfQgvWB+6mjs98p8PI+b3Xct"},"senderMessageKeys":[{},{}]},{"senderKeyId":1468856986,"senderChainKey":{"iteration":5,"seed":"DKGhj6swg3oBpfeIxpWOpbc8YGxSVeoB2GizsIBcf3Q="},"senderSigningKey":{"public":"BW8mWTb/hjaBU1duwcRpxqH8nz1vmwQhbnbl5r6bNPx+"},"senderMessageKeys":[]},{"senderKeyId":1672482830,"senderChainKey":{"iteration":4,"seed":"ESKJps0QAxID4fHLyqtDOq/UpaVyiULaYL7pCgyx2DU="},"senderSigningKey":{"public":"Bbebnvm/Wh+Gh5SYbo6bUtcE7SZaUWOzkv0Q4o+ydh8O"},"senderMessageKeys":[]},{"senderKeyId":1540294003,"senderChainKey":{"iteration":1,"seed":"GdDage1c60zBgH2dcan42m0SDruCkI2iDo7eR6itdeE="},"senderSigningKey":{"public":"BSrP2dG4xRO7a0h2IqB30UBTPIZB3wxNnICz1EN0FnNZ"},"senderMessageKeys":[]},{"senderKeyId":2001290450,"senderChainKey":{"iteration":1,"seed":"iPURLc7AqoPtbonlMkU/4HvgHnhsorNFduXJy/Cy/44="},"senderSigningKey":{"public":"BfyNwJu0Cv94BBKn+2lDpdiskjr/zJZa8Zb4M4ZtfJBV"},"senderMessageKeys":[]},{"senderKeyId":1210851694,"senderChainKey":{"iteration":0,"seed":"o/T6wCIVpK7WCxH6q3ZOIZSVkcaKeUw0oL6ghck0dlM="},"senderSigningKey":{"public":"BSgxg2Bgg/oUm0Qioa01OUQwwcF2Ak+8IYd0L9BhkZhu"}}]