[{"senderKeyId":808775344,"senderChainKey":{"iteration":2,"seed":"ll8mRLbp4S9HAAWrkG9OgkLvWGeZI9E2+RC6my00lT8="},"senderSigningKey":{"public":"Ba6JRTadWJn7PN8hFowqR/WDFjBVRmuBQ4GzMmHwIjoJ"},"senderMessageKeys":[]},{"senderKeyId":1669429407,"senderChainKey":{"iteration":15,"seed":"N7BoWSrX2FAGW4715TojIeaDIVwVXNVXr+zGeZxFa1w="},"senderSigningKey":{"public":"BQr+C72qes3U4bWUVqw6hzq0HtMNJuQ/f65V1tWylR82"},"senderMessageKeys":[{},{}]},{"senderKeyId":702966689,"senderChainKey":{"iteration":0,"seed":"W2rtAjRizPM//K67EdrM/IdbZcaPUkwUD4EwZCTXTaM="},"senderSigningKey":{"public":"BRlImWHxleNjrt1PK6+g/JfM1Y5fZHcOtPZPzkV1Jqp+"}}]