[{"senderKeyId":556843967,"senderChainKey":{"iteration":10,"seed":"TgG77+5mfwzJJZ0nFbO+ge9TItd5TL/7AF1S/nkxYhw="},"senderSigningKey":{"public":"BXh9iAFyn1BWcsYrqauhXZaGyjlrA6u3hXQcxmiQ4XY2"},"senderMessageKeys":[]},{"senderKeyId":19737020,"senderChainKey":{"iteration":28,"seed":"UEDjDbmpXbLuRAa/mSjeP8SDk4+MF6elPEoGSdECzVI="},"senderSigningKey":{"public":"Be5OlICZDoeXDJW3K8EzL/JLe/+FXKhMznPlD20bA6BR"},"senderMessageKeys":[]},{"senderKeyId":144663194,"senderChainKey":{"iteration":17,"seed":"DHx5mEhD2H1dXxBb2X+dl9jvo2zzNzj543jVl4+BAes="},"senderSigningKey":{"public":"BWfxe85tehzgT68Nd5rV23upbStseY5o5+JQTN/ypcpi"},"senderMessageKeys":[]},{"senderKeyId":112965182,"senderChainKey":{"iteration":13,"seed":"6H4cuH3+g5Ou/F3SKRqKlU2s8uWb9ANx9vHLfNMNhuU="},"senderSigningKey":{"public":"BTRMTs/Feg/gqtqHMXL9GJ9aQjr8ntyFkfaL+LABQrUT"},"senderMessageKeys":[]},{"senderKeyId":1840223727,"senderChainKey":{"iteration":3,"seed":"BA/P/JUyQjFfmYpjbZq8/2n3yzFrP1bKC8TyTF+6EB0="},"senderSigningKey":{"public":"BZ8giAhcfsuT3oymaJDpvj7agzoessZxukxRRHAxwnEd"},"senderMessageKeys":[]},{"senderKeyId":1056747772,"senderChainKey":{"iteration":2,"seed":"BgiqXE2XFyMjGdLELHX1z0BP+J++w9yeOweDFpp+rRE="},"senderSigningKey":{"public":"Be0OvahlfUzQgYkPQEQ3ytFITupIq/PTi3G9Ofrkxf4F"},"senderMessageKeys":[]},{"senderKeyId":1424987484,"senderChainKey":{"iteration":1,"seed":"dsk1rAi+3x7ej5Y5Tl9KbwcROBU5sqTaNpQmI3o2I80="},"senderSigningKey":{"public":"BY1zPNfC88BH0qdJnnjk++y73duKHPduKOsS0V+FuqQi"},"senderMessageKeys":[]}]