[{"senderKeyId":2115598259,"senderChainKey":{"iteration":0,"seed":"2jjHGbnOIutlf8IQOdC2b2TlSXE0qHYq7HJ8ugSgLwE="},"senderSigningKey":{"public":"BcJpgS6UL5FUhO9ksABDyHwV+YY9iPp8bnzIQQpbBjdV"},"senderMessageKeys":[]},{"senderKeyId":1492422186,"senderChainKey":{"iteration":2,"seed":"fp2HRqdrNNe8r+sdHQsiPQ0CPF0h3Ie7sunrJfVq1cc="},"senderSigningKey":{"public":"BcrbdKai+Ksa2WxzCVJXXo9tyoMgiT+SdSGCh3fqnjwX"},"senderMessageKeys":[]},{"senderKeyId":1936783252,"senderChainKey":{"iteration":0,"seed":"STEJWKiV493Hx7mMS4vd83/xXTkZaCU/r4fuLuV+9Js="},"senderSigningKey":{"public":"BbG+2Ou88NMJvJLmxauZHYme+UhuT8o59QlqML4O4vtZ"}}]