[{"senderKeyId":1095498151,"senderChainKey":{"iteration":35,"seed":"/1LWqq0IEAeaNTEdHSS3g0fhqdQb5DwxXvKagGHGG9g="},"senderSigningKey":{"public":"BUA4Eq+RW/t2hZ5Nn33waYtVT3R+R9/s1o+KpQRTtRwG"},"senderMessageKeys":[]},{"senderKeyId":136579963,"senderChainKey":{"iteration":6,"seed":"dAK2rsTmfHZyYrN2VoYt3Y6nPDNbBp1VtAA1jxg4jvo="},"senderSigningKey":{"public":"BV+hFSAIWPXM9V9WUDS4OzIycYzsJGyXgIbAwJRWlQ9h"},"senderMessageKeys":[]},{"senderKeyId":1712232498,"senderChainKey":{"iteration":6,"seed":"aMrJM5z2Tib7e5F3nzwxJwkkRDAwuMba5Nd4aSTjPgo="},"senderSigningKey":{"public":"BVRuUPiaQbtnnK+cerbBi9byjuKaInpbEmHJbdv1IroF"},"senderMessageKeys":[]},{"senderKeyId":46286180,"senderChainKey":{"iteration":5,"seed":"qofRmfLROuf5NolfQ02MMP09gK2XEIIF0hE95jF58aM="},"senderSigningKey":{"public":"BZDCWDjEqFCU6W3z1jzkUnPNuPaJrCPh9gZF3gWXAZ9D"},"senderMessageKeys":[]},{"senderKeyId":1325154677,"senderChainKey":{"iteration":10,"seed":"CDYteKOjC4xU3tVH80KuNBSp/syhl5BHHlIpob+IJ98="},"senderSigningKey":{"public":"Ba/9xYar+fOXjonpzArnNn3SdUxPj//JEPZfCWuAL+8g"},"senderMessageKeys":[]}]