[{"senderKeyId":1877720288,"senderChainKey":{"iteration":0,"seed":"20B8ueqmeO8A/5qR1acCTkUdi52Rk9JEEShlwJRIcGw="},"senderSigningKey":{"public":"Bdsnxbu2XVeuoF4/8OS2m2rROqQ71BTiHNaPlT+Dwu5t"},"senderMessageKeys":[]},{"senderKeyId":1953402617,"senderChainKey":{"iteration":0,"seed":"hxJv8eADifcmfoAm7DQcqRua3RMzvGCle3fT0lkSFX8="},"senderSigningKey":{"public":"BeEMd5aGlSO2sxS3T+nP76SWM7bfoYs+IByUzmnUWV1W"},"senderMessageKeys":[]},{"senderKeyId":963408179,"senderChainKey":{"iteration":0,"seed":"REePJkCF82TqtPiuRz433EzZHaV7hbNd8xAeogjH9no="},"senderSigningKey":{"public":"BWpHXpJbV8sJ3PV2CcSj1kcE+hLqzeEFr8aZlDK4k4ML"}}]