[{"senderKeyId":1532877446,"senderChainKey":{"iteration":0,"seed":"er+Y6BkXuIK+hLUcdCKEGbcaHaS1fTttHa3Y17C9fX4="},"senderSigningKey":{"public":"Benfy8sV++1XMLQeZgjHj74cjC0n85ESNOFehI/+ayJL"},"senderMessageKeys":[]},{"senderKeyId":1971950322,"senderChainKey":{"iteration":0,"seed":"KGxtbZ3DFsI+HiyFdI9zA8iSl53Fawv0levZfzCe9vU="},"senderSigningKey":{"public":"BZbY1BpYKm9nm4znKhsbIk1wv9Tbu90kSkp/4VTIo1Fa"},"senderMessageKeys":[]},{"senderKeyId":1965276100,"senderChainKey":{"iteration":0,"seed":"m4Q9PDkBX9MxnHxAXvjPLeTb06+aEIEWl1hnynq7lMc="},"senderSigningKey":{"public":"BW/RRfXPj2J44vW2wjszU+YR2p8FHojZY/WcYIORrJcO"}}]