[{"senderKeyId":1549510347,"senderChainKey":{"iteration":0,"seed":"CpznzflJEDNH3BR0u10uwSjuG9qcUwV6/6VXj8cxPcY="},"senderSigningKey":{"public":"BfDpEDn++1BMc16d5BSMDm7kI/VJTfg+AvPIslJShhRE"},"senderMessageKeys":[]},{"senderKeyId":1052612508,"senderChainKey":{"iteration":16,"seed":"qMGcovtRgEQR11l/+8u43fdn7LlVSIHyaw3sCFcIo8Q="},"senderSigningKey":{"public":"BWWwl9XHapDrBoFrHhJ8yruwcAOVO0znk2ASqX3s2wwG"},"senderMessageKeys":[]},{"senderKeyId":517314570,"senderChainKey":{"iteration":14,"seed":"ljJlNiPuZAaFrc3BKWk6an5HcQrYulVyQ7z512pUAXE="},"senderSigningKey":{"public":"BU4h6vBotp9wZmta6DFMHxsYwbhmtejTxVN1rNGvWeBJ"},"senderMessageKeys":[]},{"senderKeyId":1773302933,"senderChainKey":{"iteration":17,"seed":"0d+BnjxJlq9oWM96d6QZbMq9I8gKoCoN9R3ZCmVIDMU="},"senderSigningKey":{"public":"BR1OUfokzyWyhmDx3q+ejjQmHZvWMNZ1EtuA4XEV7TFS"},"senderMessageKeys":[]},{"senderKeyId":2023142572,"senderChainKey":{"iteration":6,"seed":"TzZhQj/6DVlTJ4x42QaTFQcs8JNtcKrptkBfqsnyiJs="},"senderSigningKey":{"public":"BWEwbVM5OdhY8fMhWi+doGRfUiCE4rml0A1cotXCH7pg"},"senderMessageKeys":[]},{"senderKeyId":960002593,"senderChainKey":{"iteration":4,"seed":"EFFtD+hAY6LXPDOZp5TsDmeGpiGZiNsH1dvWOMTMsWE="},"senderSigningKey":{"public":"BSwKA5KjA7iA2Ik+7Z974chhwVFAQimYK2cPJduoDaga"},"senderMessageKeys":[]},{"senderKeyId":597246380,"senderChainKey":{"iteration":1,"seed":"B5GzuWh8CejNNzGBuAzbbu78Fw9oQgfs+SxrDu43DrY="},"senderSigningKey":{"public":"BVLLESo6oj165vgjEmnMF7r1KQcs+ToRgZ4RCp9lrcQj"},"senderMessageKeys":[]}]