[{"senderKeyId":2114085563,"senderChainKey":{"iteration":0,"seed":"GpcP/Ag1s5Jvkpjg2BE+CqZOfySJhbUd4RGDx1jBHQk="},"senderSigningKey":{"public":"BbFVCcSuYj1kaGkpuELl7O+CL4mXvAG7kWRQeOScq+gA"},"senderMessageKeys":[]},{"senderKeyId":1206735910,"senderChainKey":{"iteration":0,"seed":"QykCslzgZRjkZse4tlc0N/c5MnyLjADTzeK+XPOXSxQ="},"senderSigningKey":{"public":"BcChebzYTynUmg2DEKeXyRh2NReKZv3CmXslGd9v6T9o"},"senderMessageKeys":[]},{"senderKeyId":963246891,"senderChainKey":{"iteration":0,"seed":"XuTxAZM/7oCPtP9cFc4XD8VH8YuA5wh4mb1JdnEczHQ="},"senderSigningKey":{"public":"BZAz8xMplLO9RLm34e6XQSC33hrG45QWBufKtKCHmbIQ"}}]