[{"senderKeyId":1049223063,"senderChainKey":{"iteration":0,"seed":"cpR1gSdd6xrPDVVOyGohKqyGe586TlIz96LTY0Y04ns="},"senderSigningKey":{"public":"BXRO6Uftgw3zNpho7g3HE3tVjC1qsL87uQbe9Hlndj0K"},"senderMessageKeys":[]},{"senderKeyId":702903302,"senderChainKey":{"iteration":0,"seed":"7LMelOrYCe0C+mE2ulkHVvwzrcLwzZK4vKGG+QWbdkg="},"senderSigningKey":{"public":"BRdNocfhIPEQf9EtQFshyWewzHriCE4dl/t6eu/ngNog"},"senderMessageKeys":[]},{"senderKeyId":1682008676,"senderChainKey":{"iteration":0,"seed":"ABkJ5kdcDZ81W0DkGEeTDuTskN4BCIL0/UDcVK46v5I="},"senderSigningKey":{"public":"BaWgT/6ce705QIYp7TyvAeKNBYyV0qm7gZEQzdoj7jRO"}}]