[{"senderKeyId":1289359609,"senderChainKey":{"iteration":1,"seed":"1EZlUTFkVUoO5c26Eh1OJPbpztVySuRq1BC35qnM2jk="},"senderSigningKey":{"public":"BRAvjAV1nGiUQXhYVKPlot+Ga2oGusSli+KJUUjsQnUk"},"senderMessageKeys":[]},{"senderKeyId":2051625058,"senderChainKey":{"iteration":0,"seed":"YEDa3XmztRRUmqvKRvU7PkJyGKTl37eXnft4UlomCeI="},"senderSigningKey":{"public":"BWrWQF+aIxKWXSNy74ImzXVm+2SSoimdSQkJoXKaVQku"},"senderMessageKeys":[]},{"senderKeyId":944734815,"senderChainKey":{"iteration":0,"seed":"KLzDbiiZ9JIGmlFyZ2ScMYrQmNxRQpsOT3+30ZPrQys="},"senderSigningKey":{"public":"BX8hcClyE2z51HPCbL5kKkSO/AZd3N5yZp25JA6D/eQQ"}}]