[{"senderKeyId":1011983785,"senderChainKey":{"iteration":9,"seed":"cRRREGVU6QtfHtCTe3PZApUjQuGFdGerpGm5KQuiDkU="},"senderSigningKey":{"public":"BUbAQGbS5aCrDRrO60izrLZgjZADU+8A7IuL+GFVJiZ6"},"senderMessageKeys":[]},{"senderKeyId":982467048,"senderChainKey":{"iteration":15,"seed":"j85aY9EPd2jtNOLDFEuDgVlSnO51gSf6lt/QcKWt5Mo="},"senderSigningKey":{"public":"BcnDOqaeTcLhCBFfbMRfwxwR8Viv0CpH1IRG9Wo2CLA5"},"senderMessageKeys":[]},{"senderKeyId":2069556548,"senderChainKey":{"iteration":29,"seed":"NTXvdjmHFFObjm048KRqSWmg3KfpWBXzryb3x1a9yVg="},"senderSigningKey":{"public":"Be/EvNT4jNxm+y9J+OfEZ2nsonlgLQdzmEr4t1KkwGBb"},"senderMessageKeys":[]},{"senderKeyId":1348854504,"senderChainKey":{"iteration":21,"seed":"6ZCKnOqCAOhL0NP2K94XU3tJBVK7gGXfLq9Ijtm45nw="},"senderSigningKey":{"public":"BU6e52AL/MoSALgCPLE1S1oOf9w1epj3EjGoqmycnaU5"},"senderMessageKeys":[]},{"senderKeyId":1555027651,"senderChainKey":{"iteration":35,"seed":"MrUiIoxk7olo0cGDV6TfY3hMldpxx3w0WqIGNhmOW34="},"senderSigningKey":{"public":"BQi0ePdYMSvzA/d6HgFHOdhzvV/MYVMZwBIFhjTXK+Za"},"senderMessageKeys":[]},{"senderKeyId":310072679,"senderChainKey":{"iteration":1,"seed":"z16SvRXN+fCJYJpkUaLjLOZ3E9oMAW0Yo6Xl5Y5lKC4="},"senderSigningKey":{"public":"BeQjvjkX5TUunanFSh85bAxDajTQgaMASn4CfTddqDFt"},"senderMessageKeys":[]},{"senderKeyId":568649992,"senderChainKey":{"iteration":7,"seed":"hYJgkV966m1QhVnUcmOi6ALgdBauum3pRssJObfc55c="},"senderSigningKey":{"public":"BSY8fQRnXlqmLuTCnEOxQPQ8d66haHikFhqPS9gyCOwe"},"senderMessageKeys":[]}]