[{"senderKeyId":1077671239,"senderChainKey":{"iteration":4,"seed":"cEi23ldTrI0QmMXHlmkSzZJitnd+lQmEeCXlf59Uauo="},"senderSigningKey":{"public":"BWQeoQEnlSvwwr72E1SXhNqeQ12Vwabuhwi4aENI2aNW"},"senderMessageKeys":[]},{"senderKeyId":1959405527,"senderChainKey":{"iteration":2,"seed":"HuZx/RPUKJdrHFSfPLyL04IK4RHch/jT6NrRb4JJVVU="},"senderSigningKey":{"public":"BcjCXJm+UrmFgtBLGmjXS3zgdIlKPYHT9tYndegPp/cS"},"senderMessageKeys":[]},{"senderKeyId":1631135142,"senderChainKey":{"iteration":2,"seed":"8ZWJ5XGy7SwThiREWhUrIRagNvKodJ/sGVQO1fijbLs="},"senderSigningKey":{"public":"BUM2wuhJ5jSH56bmFW3H4NN+3XaZBFgCGD7vEgTETf0e"},"senderMessageKeys":[]}]