[{"senderKeyId":460269248,"senderChainKey":{"iteration":0,"seed":"9JvR01jUmm2YzIZZdWLak3Op4cN31gWV8WT3GCQLF7g="},"senderSigningKey":{"public":"BR0M/4WQ0zhfwNXIsAUq72QaB2MS5+POhKy0CCBLlTUD"},"senderMessageKeys":[]},{"senderKeyId":1067002938,"senderChainKey":{"iteration":8,"seed":"EFS+bgYZtLihqvq0pMFkO62m6DCmqLDcpD8dcZNJrUs="},"senderSigningKey":{"public":"BagEjMYK4lKE8eLzu5d6Ug9JvpqxcBqaMnL594QNDr9F"},"senderMessageKeys":[]},{"senderKeyId":235342554,"senderChainKey":{"iteration":1,"seed":"Tp7HOm/S6oexghABxeJT//JGVuUZ6AYSCbqkMYkj2wI="},"senderSigningKey":{"public":"BaSF02v8jWSVocxj76WcGu+jhy7yrDl+CZGhWFQxy6Ik"},"senderMessageKeys":[]},{"senderKeyId":2035150741,"senderChainKey":{"iteration":0,"seed":"ckmAqcrqHdY1UaJzhkegS/obj4Gq6WvIxO+6F6cYa6w="},"senderSigningKey":{"public":"BahgWebhM/07UKEjpGLzbF6d8gy5FTRvZ/TIi/Ki7r4T"}}]