[{"senderKeyId":134307633,"senderChainKey":{"iteration":0,"seed":"8H+LG8MBJHVRS9a6NGq0vHDOIFuplgbd0o6n7l39/TM="},"senderSigningKey":{"public":"BTOMzWicyJRs425oqBWUGDmNsKovd0p1FscGscCKlcEh"},"senderMessageKeys":[]},{"senderKeyId":554544670,"senderChainKey":{"iteration":0,"seed":"4jT+ySLscXjG3vbXr5s2/LvLnTQvxMsix8IX0L28CXA="},"senderSigningKey":{"public":"BcbH3fYApY6U9A3zf5S6gE0Dd7pIN1ipp6aqd6yFd6Vw"},"senderMessageKeys":[]},{"senderKeyId":171878420,"senderChainKey":{"iteration":0,"seed":"bjoYK2L7ekZtaTadDF+otFUFuT4Fu7K+wp0QRkCxoZU="},"senderSigningKey":{"public":"BadHPWCBnLRWxbmGI0gdmWawOEp6BtiXgctNl6Q18iYO"}}]