[{"senderKeyId":963973181,"senderChainKey":{"iteration":0,"seed":"DqPFEk0LmO0ktWKJO3vOKKfbbL9DRCZA/N+MWjBGnuU="},"senderSigningKey":{"public":"BYBUjKlAL1Rcb3TDQxfUJWfY+HG4ehOmksOPmFYPVvYo"},"senderMessageKeys":[]},{"senderKeyId":752638659,"senderChainKey":{"iteration":0,"seed":"Oi5cHLJyYzCAeM8wSZvI2+MXpZTMiwePXXKKiPg9kxE="},"senderSigningKey":{"public":"BYg/N7Z2c18dTeu1geVVvP405etVPC/ZCZ7AS6MwlEVc"},"senderMessageKeys":[]},{"senderKeyId":974747752,"senderChainKey":{"iteration":0,"seed":"cNn+Ae5WSp9973voBhXqTKeyOmiMpSZqB8HthyG4vDQ="},"senderSigningKey":{"public":"Baw+Pudw6QK4lucrBGnXBWTBNELtZuqtQm4QfgiTsxgK"}}]