[{"senderKeyId":641446103,"senderChainKey":{"iteration":0,"seed":"IUwnzlZYjPcpwOgdqJedciaIwUBbRe/pN2Fbg6ajjbI="},"senderSigningKey":{"public":"BaKATw5NWpxtDI5e/FUHGJyK0em0NDJk698tYmp9U1wW"},"senderMessageKeys":[]},{"senderKeyId":1503749114,"senderChainKey":{"iteration":0,"seed":"YOH0qUa5eY5pKxjzcghIRD1UOLBAVURoe0OnfVrYcdI="},"senderSigningKey":{"public":"BXEV5CSwQnVOnaAQ3rxtcLZFChPRq2IV9HiEnzpPZmM/"},"senderMessageKeys":[]},{"senderKeyId":561012752,"senderChainKey":{"iteration":0,"seed":"OfpasJo8Q90KwF1Tw9R2GpphC8GdMHbS5vOaSD/59XE="},"senderSigningKey":{"public":"BX14fEEpm4ZTVvgwUINfWTwnIoCDGPUGJ4NR0pDiyF1m"}}]