[{"senderKeyId":122066274,"senderChainKey":{"iteration":0,"seed":"zWXz//W6c/mtctco2gppOogO8lX3LmTcrNTVj0Aftl0="},"senderSigningKey":{"public":"BVPg8m3oIBQa4NFYvbl6bnAyIDWw4LfhLlmC/hNxaP1u"},"senderMessageKeys":[]},{"senderKeyId":1039225796,"senderChainKey":{"iteration":0,"seed":"T2OthV7QhP76LryRkH/VskGZ+05ardDid5Y3eFZNcpY="},"senderSigningKey":{"public":"BdUBXtPhT8WochCfFK8B1HLDQi70nkfkbw+dIcSQ5eop"},"senderMessageKeys":[]},{"senderKeyId":1796167861,"senderChainKey":{"iteration":0,"seed":"6+M9SCTI9jNyv4t93Kc3qqxDSeBG+7EFBa4H5Lpsn3A="},"senderSigningKey":{"public":"BVZciq2eB4X+wRDzLhe0fGWmvYeHUc5x9/0noxrzFplz"}}]