[{"senderKeyId":1219124658,"senderChainKey":{"iteration":0,"seed":"+cEFd4fMTYktHT/z7eAHhCGaS5htOLDSpck9H13wv/U="},"senderSigningKey":{"public":"BXGcgjubQ9vubac5n4KM0uPBs4sSz/SkAm80JSxHHacX"},"senderMessageKeys":[]},{"senderKeyId":2071868188,"senderChainKey":{"iteration":0,"seed":"BA9h/PYmZOSE4F07Jjw2i0ccLqjZnoDg5HmI5Q5gUtI="},"senderSigningKey":{"public":"BSDC/fAfKm3PF5wWEBmmfCSGPVEa/SVtNotM1UXXMoxn"},"senderMessageKeys":[]},{"senderKeyId":343228761,"senderChainKey":{"iteration":0,"seed":"SpllQJyMgV4uE/gEYA2vZMkxWfovM5rh6PhS2BcR1tg="},"senderSigningKey":{"public":"BbR9yukE8Vy7GfhGU4qfkVmo6Ehm5Vfai3TTBGGGa5Mu"}}]