[{"senderKeyId":1354849156,"senderChainKey":{"iteration":0,"seed":"FSmaR+DP7dR4Ct7i6M3HmyxR52BjkbbNURUQfJlD6M8="},"senderSigningKey":{"public":"BbNFDZx5f8omO44ZqKBOzKgur83Q7IgfW3HWzb40WD4C"},"senderMessageKeys":[]},{"senderKeyId":718405506,"senderChainKey":{"iteration":0,"seed":"N4h94la+LIQp3uQMqzV6bYpQ7/FbvNSugBhmLS0d2i8="},"senderSigningKey":{"public":"BcBbQUxAn4dfA1DlC4AASe2n0SPI6hhGa+4mrTcc+lNs"},"senderMessageKeys":[]},{"senderKeyId":1757452819,"senderChainKey":{"iteration":0,"seed":"oyMQbJ2WysDVj01L2n3Jf4WTB9SSQzNszH/LYNnikro="},"senderSigningKey":{"public":"BacLdh666oPyjC1hbND/owHxbOx6LDVm70qTMktmk7kr"}}]