[{"senderKeyId":943386965,"senderChainKey":{"iteration":0,"seed":"eSWpXLucd7TG6J92BrNJEFba5e2LIb5avR2uud/rnGY="},"senderSigningKey":{"public":"BTwKti7b9xe5rfJL8ICJ33m90dwA2uEysb2BJ+so+IMy"},"senderMessageKeys":[]},{"senderKeyId":1558859208,"senderChainKey":{"iteration":1,"seed":"06w/y5xoQ40n8scYhBAJnVmMjnbbL8WFoqJkUlP6D9w="},"senderSigningKey":{"public":"BYZeu9XeiMJJssxz61rEA3Q7dpyDothPc1fIMGH0ns9W"},"senderMessageKeys":[]},{"senderKeyId":805346987,"senderChainKey":{"iteration":4,"seed":"t57e7WkoHA76dwYp1bzoJHaNg2faIy+r+nF6BIgV0cU="},"senderSigningKey":{"public":"BZEwvGJW/4P0jDLh2b7O50NrCzPOL/FP7PlMf2jG06RQ"},"senderMessageKeys":[]}]