[{"senderKeyId":1695594748,"senderChainKey":{"iteration":2,"seed":"Ov0otkfEN5EvCYgzjEcNcuJo21sRfcJDoEZSfVBRHzo="},"senderSigningKey":{"public":"BdJXWFm/hNkgf/LeRoD7p6R2lNRew5LJMackq0789xkS"},"senderMessageKeys":[]},{"senderKeyId":463917212,"senderChainKey":{"iteration":0,"seed":"nvVg7vTLi+D6EOJ+fkbkP4rFackS0W/Kik2GOlcJUn4="},"senderSigningKey":{"public":"BdtlZyYgvEz8yPPLTgea1kkM2JZFxzCI63yBrdY/yRI1"},"senderMessageKeys":[]},{"senderKeyId":781715078,"senderChainKey":{"iteration":0,"seed":"0Nt4rtdJYS/40oV4SHuBzKsqPHJAvjXHjxPbmBJJXpU="},"senderSigningKey":{"public":"BblqVxjwZAPmRjX/Hr4tHDLOfJBFGhOOMy5W1VOIvbwA"}}]