[{"senderKeyId":1260833509,"senderChainKey":{"iteration":0,"seed":"5OtW0E8ABJQxNaeU4xhHsoSluGRzkrBw9fWtM8/aIJY="},"senderSigningKey":{"public":"BcR4FAv5hiXb679e42NqB0OX4OCwcxOgFpbYidrYWjsy"},"senderMessageKeys":[]},{"senderKeyId":429388503,"senderChainKey":{"iteration":0,"seed":"yslu5Zl3zYMGG/ipDsv6THk4t6reAAmbuaM6AdByuko="},"senderSigningKey":{"public":"BacY/8pdLA3lYAg1iQRGPUqD6bW5xw/K494y8lyo2Bhj"},"senderMessageKeys":[]},{"senderKeyId":985684780,"senderChainKey":{"iteration":0,"seed":"ZFq3pXice9cuK4oZCSbwZFubGy+Q/O7GdNjOh6/CJRo="},"senderSigningKey":{"public":"BfoI8/cuGi59n38lNl4yZRnzxNxSGVdG9YYVpbaxFgUB"}}]