[{"senderKeyId":905744704,"senderChainKey":{"iteration":0,"seed":"TwJrdZ9a5yHYc7dnax1bZq51xsk5FZ0DcvarHhq3VHc="},"senderSigningKey":{"public":"BYno3oSPV4B9XW9vWpVVxZ6KtO4Rq8YMs5L6s3WMIeAW"},"senderMessageKeys":[]},{"senderKeyId":271280033,"senderChainKey":{"iteration":0,"seed":"VWI8igf/m+zdDktwOTcGgUWmsp1PJsTuvSqVD7OoPbw="},"senderSigningKey":{"public":"BWw2F6I1tDVMOMw9Old6K1zxM8/IUeAbT+Rq80ydE8Ak"},"senderMessageKeys":[]},{"senderKeyId":1954417124,"senderChainKey":{"iteration":0,"seed":"xl1pwy6HoBx6lEm9Hty5XTbBIjK8vff00g5+igi0lK8="},"senderSigningKey":{"public":"BQtCMKnEm5KHUap8TBghsgmYpSOVmc/O0tfdr6jEL8ch"}}]