[{"senderKeyId":910822176,"senderChainKey":{"iteration":5,"seed":"Px9LtNakqXUoH+CGWBNe9P8bu+OyGy7YkCQraAOZa+8="},"senderSigningKey":{"public":"BVcUAc+fQ1qJmj0AOl0ILG99xDMCxWYn2UiV/pa7itxA"},"senderMessageKeys":[]},{"senderKeyId":1717010848,"senderChainKey":{"iteration":0,"seed":"Shsf+OGhw/+IQmlgOJL8PRCK5nwnd40230LawZMKU5A="},"senderSigningKey":{"public":"BffB3fFKrMV1Ykfep8/DELpBgS4CzQf3ESfQY8EAavxU"},"senderMessageKeys":[]},{"senderKeyId":898668170,"senderChainKey":{"iteration":1,"seed":"I2eQS4axFZfjF33wkrM7hrpuktd+7AYM6JCy2w3zoAo="},"senderSigningKey":{"public":"BdHyPDp0hhW54UqCtxs+36DThF2Z7pWhh0hfuX8wdgQH"},"senderMessageKeys":[]},{"senderKeyId":1155457379,"senderChainKey":{"iteration":1,"seed":"A4GNY7+kavANCSsa19ZImLHb4FtSqwWhK7bChDH5bXo="},"senderSigningKey":{"public":"BbbR7wacvHB1+LdSEgdnOewvMABXlg6k6Fkl8YA2GaUg"},"senderMessageKeys":[]}]