[{"senderKeyId":830735527,"senderChainKey":{"iteration":0,"seed":"x0x0CRkoJUHfBqvJs6g+HbDlh6XOUUP4AONLlfwcExQ="},"senderSigningKey":{"public":"BTb3ptI6AsY7MgZyfNswiITl8NyBLUlGaB/fEBJCe7gU"},"senderMessageKeys":[]},{"senderKeyId":253071629,"senderChainKey":{"iteration":0,"seed":"psusu4LKV3eW/BhquX7CUafmdPmx2maYJ07MEr1riyM="},"senderSigningKey":{"public":"Bew3dUttJN7xatKY3zUhrsb6LmYsg/RjbIOmAxpZnOdB"},"senderMessageKeys":[]},{"senderKeyId":756651910,"senderChainKey":{"iteration":0,"seed":"qD407gw9FZVihRCm5h8SBjnS1hO4R1HMmUFaaP7j0ZI="},"senderSigningKey":{"public":"BR4fYDCP8WzrWv6dJytLXdpDUYf1x97PHx4qXSR1uUdt"}}]