[{"senderKeyId":847851220,"senderChainKey":{"iteration":0,"seed":"eRc2os7OvvffCO5YGQOlNthCXhRJurLCofBxAbwLHOA="},"senderSigningKey":{"public":"BT81LW+3fOtlKfCj5w4kA9MmVuwlctKoxpci8fZZ768p"},"senderMessageKeys":[]},{"senderKeyId":311800618,"senderChainKey":{"iteration":0,"seed":"YqR8KVT3XRanVx5P1iPaeHc1SXxhIBW/QF74sraMZbU="},"senderSigningKey":{"public":"BXs4kO9BCOggoLsijxiLRfMJQulSiwi1njGhIKeEu4AY"},"senderMessageKeys":[]},{"senderKeyId":1021969232,"senderChainKey":{"iteration":0,"seed":"WWgUi+FW1P5qyZUQp+zf8atzC1ochtf6JwopgZBQdls="},"senderSigningKey":{"public":"BVoBED978pDKnqw3FZ5KBCMuoINHO+qWUeHa/gbFbl5T"}}]