[{"senderKeyId":192160240,"senderChainKey":{"iteration":0,"seed":"WOuIDGF4gPPCz/suHO3y1S3EOo621YGEOmfxs49We8U="},"senderSigningKey":{"public":"BcZBP/Rc4qaWpOWBYnaH5PT5F/2VN+PxlMIMwPQl28Zw"},"senderMessageKeys":[]},{"senderKeyId":96021999,"senderChainKey":{"iteration":0,"seed":"cF0L4jtYwhr9pFtT4d1vNaaq8yAHOTT492BXD/3+r5g="},"senderSigningKey":{"public":"BdJTYIZ8s5NEsx+l8sT4CYT1jUpinl8H8vTnykTvfskV"},"senderMessageKeys":[]},{"senderKeyId":1608468916,"senderChainKey":{"iteration":0,"seed":"QD6x2rsdUfDPQTijy5cgqGwSszc19Xy8ZHTpdt9vo4g="},"senderSigningKey":{"public":"BYArNqZIpR2fnSnMBFRXltD8y9MUrN06pmLHEE3DBTlN"}}]