[{"senderKeyId":1858720572,"senderChainKey":{"iteration":0,"seed":"WXtstcRPsCM83zxH4uo73pQimMUQzj04Ey4Qgq/GtbE="},"senderSigningKey":{"public":"BYznu6d0Feue7LkrFBab+tIAltb4lHZIfWfSfg3eqVcL"},"senderMessageKeys":[]},{"senderKeyId":271064163,"senderChainKey":{"iteration":0,"seed":"eIqHJnAeqsCY8olpZ86WLO8z6CYAC12uACHEnqycYs0="},"senderSigningKey":{"public":"Bc1smW12POJSsFTGtIuGLq+wr3RamAbsWWrEowljvw1s"},"senderMessageKeys":[]},{"senderKeyId":400924602,"senderChainKey":{"iteration":0,"seed":"MoX3Q7WwRxoPp0MHegEArlTaZ8Bn5LOv8v28SGcKFpY="},"senderSigningKey":{"public":"BY+86BgbYLoFIH4GYmODc/brZ8NIumySlRMaZloC+6Vz"}}]