[{"senderKeyId":220257456,"senderChainKey":{"iteration":22,"seed":"YWEgNt+goHu+lMZ93eyZ9MLrJQfpKY4mhI2Ot9zuYc0="},"senderSigningKey":{"public":"BUbg/T+bIh5zAQ7lQmk8h8H6a+WRoz0JEPeaF9nOW4dh"},"senderMessageKeys":[]},{"senderKeyId":976291604,"senderChainKey":{"iteration":8,"seed":"ZQn0wL3cMl3zL8JMSsLDwG1h7yxgaDyLA+vGI8J32EM="},"senderSigningKey":{"public":"BYNbel7wC8jgd9KoDYggvMkM4rx6SNCJIDCgdF60OJpU"},"senderMessageKeys":[]},{"senderKeyId":1156159423,"senderChainKey":{"iteration":2,"seed":"XWz0Z8diyCT210FHbjdltLD8lFMwWMuOIQCWA9B0cYA="},"senderSigningKey":{"public":"BSzKeZCjCAq4CMSFYg+8P/fQBufhrbddvPn4989+YdE6"},"senderMessageKeys":[]},{"senderKeyId":1492496781,"senderChainKey":{"iteration":31,"seed":"ObwnvMJInygzjM0BvuDHU9Gkd8ykts/ENsQFORC5kTQ="},"senderSigningKey":{"public":"BZOkziZtgggOvfFXaGL9Ks69sqI4HjfbcytrNJUiTWQL"},"senderMessageKeys":[]},{"senderKeyId":528971517,"senderChainKey":{"iteration":8,"seed":"6IdqUQ1aYzuMuRBwokQSV+9DWmlPMAEziSCpS2NfhKo="},"senderSigningKey":{"public":"BT/2a1yVbZba73q0Ey92YwidHd5PP8m/WRd6f1b2uMpE"},"senderMessageKeys":[]},{"senderKeyId":1951028113,"senderChainKey":{"iteration":6,"seed":"7PgeqesYl5BAQKbLHqcvfRvw2amkPORTgOVmNniAjt0="},"senderSigningKey":{"public":"BZoxSivtabEkjLlLyzGAXfn/qHf8Eulult4WTXCzHq95"},"senderMessageKeys":[{}]},{"senderKeyId":872984892,"senderChainKey":{"iteration":18,"seed":"OprQYeG5Au6ERAABNzlWC+BaBHUPiO4Z/TpzW2mBMYY="},"senderSigningKey":{"public":"BRc6Af1YMTMI5+/SN7Cohp0yNJMaYcqN/l+meaz1hMsv"},"senderMessageKeys":[]},{"senderKeyId":1107924819,"senderChainKey":{"iteration":4,"seed":"fflR3+c22OjNHoekXRoG6NOU/PlzlY/Fp4OUD/AKCqM="},"senderSigningKey":{"public":"Ba6ZhpnEEIjVnOTxt8I6uLZ9MbHWStuk2heQNdtB3Wgv"},"senderMessageKeys":[]},{"senderKeyId":792323865,"senderChainKey":{"iteration":15,"seed":"7L5sSoW/nBm0PDLNU2DRl6O5dBXfcjuKFClf8YhOD+s="},"senderSigningKey":{"public":"BVXUYkxs6xaBM8iUDS/XJHbbvQNRFsmrDlkVpLEv8wUR"},"senderMessageKeys":[]},{"senderKeyId":2081253115,"senderChainKey":{"iteration":3,"seed":"1Z9S76YnF8TD6T6zK2cX3ba8O0VgMlUHiUjK89k35I4="},"senderSigningKey":{"public":"BVb+eU3m1eCOkDgCpW4/mNNRbUrgDMeSSGHBrqPK/WV/"},"senderMessageKeys":[]},{"senderKeyId":1335599060,"senderChainKey":{"iteration":2,"seed":"MC3g6PydCOSBq+N/IDCMU1hAgvV7YIYldJYRXN/ckHI="},"senderSigningKey":{"public":"BfGfjL0UGOnJve7vbp3iVmfs8vB5GfSxhU74+ILVQsB7"},"senderMessageKeys":[]}]