[{"senderKeyId":982878667,"senderChainKey":{"iteration":0,"seed":"p2um42D7o6p9f6Bfr1OZ7+dCBfytXl+al99SMDiD02M="},"senderSigningKey":{"public":"BVId/rn/0h3V+Fp3MO5ZqYdBGMxUR8PZiSLCYcLiHYkk"},"senderMessageKeys":[]},{"senderKeyId":104126565,"senderChainKey":{"iteration":0,"seed":"wH5VOwfv8V/jUaDHtGiAnBFc9LV9iCf/ViLCvsaNuaw="},"senderSigningKey":{"public":"Ba3oaedOOfsi0BM7jDMfq4OHIswAQbYTWgrOLV4SA/hc"},"senderMessageKeys":[]},{"senderKeyId":376866933,"senderChainKey":{"iteration":0,"seed":"Zy+AOWhpnkkPlUEaaIznMayyUDJFHfHDGZOfKgRJZDo="},"senderSigningKey":{"public":"BTa5RO7kX7U1XfeC2m/fQXvjM6JjRWsnhrRXs15SzANr"}}]