[{"senderKeyId":1001776733,"senderChainKey":{"iteration":0,"seed":"FdIgy+iPqgqh7sU2xEvJwjGR6o20ToYGQElqQN00AM8="},"senderSigningKey":{"public":"Bc/PTO9N54CwGLpmS7Wxh/DEdwdcV3u1dCPYZY0xPOcS"},"senderMessageKeys":[]},{"senderKeyId":252068334,"senderChainKey":{"iteration":0,"seed":"TOwz4WoV1yHGLkSBD9PQq2l3SFHNrXJDTfRHinEKo4M="},"senderSigningKey":{"public":"BbnE8XP8SKX5tb9HszCSOYPpgjHmPbVp1Q1sLTX9zYNX"},"senderMessageKeys":[]},{"senderKeyId":296166647,"senderChainKey":{"iteration":0,"seed":"Lrgc1HDAywi+FM/bG4//ykvDtM9aPterMzOwp/TUaY0="},"senderSigningKey":{"public":"Bao8a994XDkfM7S7j2IuuiqEI1790rDMpZX2KM6X8v9T"}}]