[{"senderKeyId":1813603231,"senderChainKey":{"iteration":0,"seed":"BwLIqSS15UOIvsWX9PgvJKMxFAGheV2NdQHkK/t5lVA="},"senderSigningKey":{"public":"Bf7J44u1iI8qKXec1DEYwt5XQhEpjCMrP3JbDzJ9pnp6"},"senderMessageKeys":[]},{"senderKeyId":1019928629,"senderChainKey":{"iteration":0,"seed":"SNtd9Qo3DT6O9/8r5nVrBTzYTR3jlgYhQACYoQBCs+k="},"senderSigningKey":{"public":"BbRDJ9Y+dG/kad2Iyfz9NUiYfcU2KvxuKAVhRjsv3IVG"},"senderMessageKeys":[]},{"senderKeyId":1300751171,"senderChainKey":{"iteration":0,"seed":"RRdCI+ACYibUc1IFeW9kPJPEimsTGhoOMx/vspS+ig4="},"senderSigningKey":{"public":"BQYeHFyLVSeZC4hXBMxA0oqPksDU5o7y2i2wusBNVNVb"}}]