[{"senderKeyId":826073204,"senderChainKey":{"iteration":0,"seed":"az6d56X9jpfCvHKCsQKFIvvHi17vhlxt3yE1ZxB6ZCg="},"senderSigningKey":{"public":"BQWOLBIbdaIj1AW9Z6tZz5B18YThE0LpiJTG0EBm1lBW"},"senderMessageKeys":[]},{"senderKeyId":219886722,"senderChainKey":{"iteration":0,"seed":"J9Du7WDXGlH8qfmwKGTMHAKJbGPmBtcxIsGeHfJ2zfA="},"senderSigningKey":{"public":"BdEZLJ4ZmDimqXha8Spm7CeRgzpsr/PmWpyiEIc/ebVj"},"senderMessageKeys":[]},{"senderKeyId":4116507,"senderChainKey":{"iteration":0,"seed":"rt+fQi2xeOsCRr4Mhme2ZiizfVdWtzo1hLdftUfkE3U="},"senderSigningKey":{"public":"BS3JP0EF9uuRcTZ6CjVf2Bt8Xa8V9b7zXMJtC+RjsUIK"}}]