[{"senderKeyId":231903526,"senderChainKey":{"iteration":1,"seed":"xsqxXF2EyD7TZhPjeNu+UEq+tpCsdtYe7OmWb7QNm34="},"senderSigningKey":{"public":"BdR0zgELl9imsjKkFJh3FtCpNzus5KC8UmK7PEZ+H1IL"},"senderMessageKeys":[]},{"senderKeyId":1993630382,"senderChainKey":{"iteration":1,"seed":"W7S+XH6DB6kophFsp+ARUmkiUWDLT153yQ9F/K9PIVI="},"senderSigningKey":{"public":"Beve4HGRBJhgjugnx76F336ohH1s3noNviUWsgrGpk5E"},"senderMessageKeys":[]},{"senderKeyId":44294667,"senderChainKey":{"iteration":6,"seed":"ByuqrtstDnoSVsBC4vlWU1edQNb/9wunTJV7yhlG3bM="},"senderSigningKey":{"public":"BRUmOiqMXzhXU5+sjX8UUIlDFwvFdW92vSDC04NJ3etc"},"senderMessageKeys":[]}]