[{"senderKeyId":271992540,"senderChainKey":{"iteration":0,"seed":"bsTMHkRZ4pYDe8S01wilxiZpxYZR+E/WhC+hgyKSgW4="},"senderSigningKey":{"public":"BVmZg0y5QBJML1W//eefLofa/dAs7rn6Af+MRq9g3axg"},"senderMessageKeys":[]},{"senderKeyId":124113906,"senderChainKey":{"iteration":0,"seed":"x110mH17MENJEEfD2dgr3FDRGr8PneJtn/zF45v3a5Q="},"senderSigningKey":{"public":"BYHWd+fNe1Cy03JvqqL0gBM7D7x6aOOBAbV3evr4rJde"},"senderMessageKeys":[]},{"senderKeyId":669117616,"senderChainKey":{"iteration":0,"seed":"8XRgzmLyGw7drx1HH23vR6to1+Jw4HIRkQlJYZ7e+L0="},"senderSigningKey":{"public":"BeYMYlci4/Jcz1PAmcn0Pf18JpjI490tJwd49f6b0OQn"}}]