[{"senderKeyId":472837665,"senderChainKey":{"iteration":0,"seed":"/2qlcI+5fHB2KbR1oiCdfs04vn4PmyvdIH6D0AWDD0Q="},"senderSigningKey":{"public":"BdRh9Al+1ujl4zG5iUOBJetWHRnomKP94OUQbGlYVnFS"},"senderMessageKeys":[]},{"senderKeyId":472837665,"senderChainKey":{"iteration":0,"seed":"/2qlcI+5fHB2KbR1oiCdfs04vn4PmyvdIH6D0AWDD0Q="},"senderSigningKey":{"public":"BdRh9Al+1ujl4zG5iUOBJetWHRnomKP94OUQbGlYVnFS"},"senderMessageKeys":[]},{"senderKeyId":1111903935,"senderChainKey":{"iteration":0,"seed":"c7yqZGIgBxn5R9657UE14s6ABnaJI/6TcYGZxyO28Gc="},"senderSigningKey":{"public":"BTKl6IQmhL9lKG2Em2G/U0L2X52/90xJBXLbBYQUM9Jg"}}]