[{"senderKeyId":1164061010,"senderChainKey":{"iteration":0,"seed":"cGgOQrb+kM55VYgk8FzILX1r+cNxOF5AaRTKR+7ZI9U="},"senderSigningKey":{"public":"BQ5ntueXUsx7rgq4oKxv1OgrNoyS0zPHWe0cWF8b8sUA"},"senderMessageKeys":[]},{"senderKeyId":1472570581,"senderChainKey":{"iteration":0,"seed":"aIGmDe0LdRnOShplYMPI5LWSYye7oflPwWW/U+FUMFs="},"senderSigningKey":{"public":"BUnpJN+1HmEyOOY0CI/ouYjBpgIF7cyY0XvVhW4AOCsJ"},"senderMessageKeys":[]},{"senderKeyId":197670697,"senderChainKey":{"iteration":0,"seed":"Jy+HFrRzDcYBqsOJG+8ZrdQQeYuxcGUEX3EBbhlGBoQ="},"senderSigningKey":{"public":"BcBKu+HBEpW7z0xs1KnEv/5Hyxtqbs8xNTdo9NtizVRY"}}]