[{"senderKeyId":1195731893,"senderChainKey":{"iteration":0,"seed":"X21olLbvxUyezq7sz3GQ8uuHBSfwHFGQ97ZvGQIcOts="},"senderSigningKey":{"public":"BREcyCHUvsl2GAjtjtEJ4f1Q5N5S/2EwBAb1RK6rsEhj"},"senderMessageKeys":[]},{"senderKeyId":518384771,"senderChainKey":{"iteration":0,"seed":"ACl4ip6bG150NZ2oUHiFM32URKPVQZmZwgBH9c9a50w="},"senderSigningKey":{"public":"BdLZHyRVUnhc2gmSGQHEJdGYqE2sh97/CzliiRTP5S0x"},"senderMessageKeys":[]},{"senderKeyId":1968456144,"senderChainKey":{"iteration":0,"seed":"knxLfHNjA5YIgCfL5FGmSHY4C8PDXghRgpxMT6gJ7A0="},"senderSigningKey":{"public":"BelRUSdiLA9hJpHopGS064GmBU2qxlobF8vwJlRbLdB5"}}]