[{"senderKeyId":855431449,"senderChainKey":{"iteration":0,"seed":"9+LkAWPV3S6uhIC9eJ68iDQlsq2QQGiFDeYMMXKpaa0="},"senderSigningKey":{"public":"BQ2uigNss49pqGba1TmpjZC/rYsTRefWgktTjvLgRX90"},"senderMessageKeys":[]},{"senderKeyId":890918861,"senderChainKey":{"iteration":0,"seed":"eFeAGYKRyDash+uoawW0Ebh4V5MlHtDIiDZP49dWVow="},"senderSigningKey":{"public":"BZXol/KDITFzqYY6Uj9j/lofDhAQx82y9zL+vnTna4gY"},"senderMessageKeys":[]},{"senderKeyId":1114683813,"senderChainKey":{"iteration":0,"seed":"F+sv4yG500EWD6tZfLidG30RO6Bm2xhNpYYXKhaZAjI="},"senderSigningKey":{"public":"BWdfAu3W/BVzDsJ5ipmMtCsIwU6oI7Qa1DnzGE/j+Z4N"}}]