[{"senderKeyId":1664426092,"senderChainKey":{"iteration":0,"seed":"a7QzqiDF34Uu241kKxUHlipUpxLiGIDKNeG3y1RSRKY="},"senderSigningKey":{"public":"Bbyrj2EekUySc5cl/bVcFFRIzyTyLvRRJy50/vhB9Ro6"},"senderMessageKeys":[]},{"senderKeyId":1852023211,"senderChainKey":{"iteration":0,"seed":"XZOoYQlQxyK2r96A6H2qB9MgE8Ejo2pbdAfYcVwDkSU="},"senderSigningKey":{"public":"Bdz+eb5ui9g8kFq2oq0om+j6vfhx+psfKr15MIDvUoZU"},"senderMessageKeys":[]},{"senderKeyId":653467164,"senderChainKey":{"iteration":0,"seed":"lB5sUjwfUphouUod0L6arSaYI5jhJjFSISs356FSD8g="},"senderSigningKey":{"public":"BTHSXkerMscjcq1xFt+2SxPn1YYB6HDi7W/9kg9WMVct"}}]