[{"senderKeyId":59247063,"senderChainKey":{"iteration":27,"seed":"ZeC5OfK24cKgB/oTzd8tJmvSRAQJU1kJydt4tCzyC+8="},"senderSigningKey":{"public":"BasqANJ6nbzThhuybJLTT7a787dGO8PK0ttMqp55wdV5"},"senderMessageKeys":[{}]},{"senderKeyId":137169951,"senderChainKey":{"iteration":12,"seed":"LobbDD0zHBCM4LO1+2RfXB54KSni0xAth0+L8MSqnTc="},"senderSigningKey":{"public":"BQ/8ImffzJd0GW/RKNWFAkj8NCwJ+4YG9KwIBMV6Yiky"},"senderMessageKeys":[]},{"senderKeyId":699753667,"senderChainKey":{"iteration":2,"seed":"FxZnDUlbJH5PRGcBQfu8Ykaw8uij2zlpcD5Z0mYUP5U="},"senderSigningKey":{"public":"BZybw0NBWTUv0qJVy9Nzz1a+02qY77ElMz2D4gkFCxVi"},"senderMessageKeys":[]},{"senderKeyId":83389983,"senderChainKey":{"iteration":16,"seed":"eAVqjNr6vviYSxX/4Z/VHujpSnmJgbIa+NAXEGvHqDQ="},"senderSigningKey":{"public":"BTpy6jHm7c/XcXzfMUV0Aa9gFk6Y0oYbUsZyaRbc7SxH"},"senderMessageKeys":[]},{"senderKeyId":706408909,"senderChainKey":{"iteration":2,"seed":"0OH+eG9iwT1sGV9dOmI1iko2vuINnHxSLiKgz9YdFrE="},"senderSigningKey":{"public":"BYB+BQv5+3PAF697SgMC0VR2l4xLfIMYEwtAvt8kcY9A"},"senderMessageKeys":[]},{"senderKeyId":1640553754,"senderChainKey":{"iteration":11,"seed":"2d59X/LOSixYNi4J3eGoxSDXT8qvnpzKFiNYjUDOW30="},"senderSigningKey":{"public":"BQnsXrcWVmQjv/wCV8F2PRHHLtLQy/t4MCIYH4AHxaxV"},"senderMessageKeys":[]},{"senderKeyId":1555140109,"senderChainKey":{"iteration":1,"seed":"fR5kayXm5pXoVNTwKF2d8TG43pofPsxr7ZngmucqiQs="},"senderSigningKey":{"public":"Bf6vmo8VSzhty7zGD/Ja2aMhbdzDCAs4QjAmhmudL997"},"senderMessageKeys":[]},{"senderKeyId":1063577702,"senderChainKey":{"iteration":2,"seed":"dOelPX0dszxVQ037ENHOpN8S8RK77h/Te7Al5uqCFv0="},"senderSigningKey":{"public":"BXnuoVM+VCA6c95ejwxQcwAgRsQkvmBVcGJsX1zPmlkB"},"senderMessageKeys":[]}]