[{"senderKeyId":1685970796,"senderChainKey":{"iteration":0,"seed":"90ZSdXnqIvB8DHh75EHqYDSl8XtNP7TXA3hRssss0VE="},"senderSigningKey":{"public":"BQoKC/miKborD7CS4GSDEG/8SaOfREp9T66jzgyLI79P"},"senderMessageKeys":[]},{"senderKeyId":1434494767,"senderChainKey":{"iteration":0,"seed":"l9m+SqsD1vVR+B8ancSPEUTndR3mgTcYlVK3zCmX7D4="},"senderSigningKey":{"public":"BWtX5cbRSLQ110Ck72y55p8osD4PWRlCkKlYnVHLucch"},"senderMessageKeys":[]},{"senderKeyId":36255555,"senderChainKey":{"iteration":0,"seed":"MBdJkZ3lArMpNUtVNVOG3p1x99+i1+LJidGdNs+7LvI="},"senderSigningKey":{"public":"BZzaVfs194p79Y4B/MUqsRE3xcjDqOl6bUi5YeTUiqFT"}}]