[{"senderKeyId":1662350342,"senderChainKey":{"iteration":2,"seed":"6DZls4CVkxKeuE96zhFpk6WqDM1rG+SGFwj3CHCYHvA="},"senderSigningKey":{"public":"BV6T4F81qWKTbZC87QyAj7+RhaIEVD9bCN16VpqA/aQk"},"senderMessageKeys":[]},{"senderKeyId":1609383095,"senderChainKey":{"iteration":1,"seed":"B5TeMprgasGy8SWw+xCt0rKsO0+oOgfvEhLFeJXMfic="},"senderSigningKey":{"public":"BeyUR539zWR5ZQIpeG8SvTImjP5Gq2aEnA55cg7MRC4G"},"senderMessageKeys":[]},{"senderKeyId":80074788,"senderChainKey":{"iteration":5,"seed":"EPRlyRpQWZLDNXZmFZcVwLDOTHw32Gpg00GZ1mhbjAc="},"senderSigningKey":{"public":"BQku/U18lqdRq4JLtX+YuuoGXzo0Kbi13X2MV49iJ7xd"},"senderMessageKeys":[]},{"senderKeyId":86970580,"senderChainKey":{"iteration":2,"seed":"pAjuAyfKVE4uPmPVCZrK7iv2DdItP3vD+v15hikxf7A="},"senderSigningKey":{"public":"BS8Lai+7CigmVRm0Z6TBF14PMOPdXUst/ZUafhFO4wIY"},"senderMessageKeys":[]},{"senderKeyId":1946170208,"senderChainKey":{"iteration":11,"seed":"E5YFp/pF+e7ypH6/o+/F3l7PUpYNFixVtLWEkEYpL5Y="},"senderSigningKey":{"public":"BUPkDOkNjIQTaz/fG/3X38pGTPn0Id+q/LQcQ/YE5ip8"},"senderMessageKeys":[]},{"senderKeyId":748288009,"senderChainKey":{"iteration":2,"seed":"nLFYy9A247jy3HdvH5pareqPlcAXrKJTTDJbIZntK50="},"senderSigningKey":{"public":"BUCEy6l13XnqP0cf846abzzRwX81mvkEiddJZJGyf0I7"},"senderMessageKeys":[]},{"senderKeyId":748288009,"senderChainKey":{"iteration":2,"seed":"nLFYy9A247jy3HdvH5pareqPlcAXrKJTTDJbIZntK50="},"senderSigningKey":{"public":"BUCEy6l13XnqP0cf846abzzRwX81mvkEiddJZJGyf0I7"}}]