[{"senderKeyId":528990881,"senderChainKey":{"iteration":0,"seed":"wUFid/+hm0I+F6sTBOSTtNlg6YnFXZzPhv0bpluu31M="},"senderSigningKey":{"public":"BezNHPhjau1okB0VEchrb26Zb4Ja0ba0CLtL+IdF6Hcz"},"senderMessageKeys":[]},{"senderKeyId":1200328421,"senderChainKey":{"iteration":0,"seed":"A+v5licWs3ZRZHbh/YGS1XpAltJGUa32ArIW4NEh+t8="},"senderSigningKey":{"public":"Bbv3lypmqASSMcr/77mSwy2nm7MBA7GadpCzmDhe6xlj"},"senderMessageKeys":[]},{"senderKeyId":2050870440,"senderChainKey":{"iteration":0,"seed":"HaV4E6livXn656Nt/o97igyt8hODkLl3EtbY1hIs93s="},"senderSigningKey":{"public":"BZK2JoaCzsGJKDRMzHpduSLeasYet9nOfAILjvlKjR8B"}}]