[{"senderKeyId":869118620,"senderChainKey":{"iteration":0,"seed":"EwCXUbt1af7UFzI+sPqXpiBn/Wd9kGexN4UyXtjswvY="},"senderSigningKey":{"public":"Bbs0tCqhPChKVBcWx7TyECOnvYngMOPWgJs9dTOeYtQ4"},"senderMessageKeys":[]},{"senderKeyId":1582075886,"senderChainKey":{"iteration":0,"seed":"Yp2sBA/VK9IwWif7I6ocPkm3Z3N2iGspivy9hZWDGb8="},"senderSigningKey":{"public":"Bc/eYai56BiVSXuv4V8M83zueVaB3mj8I64FGc2oe+El"},"senderMessageKeys":[]},{"senderKeyId":433626258,"senderChainKey":{"iteration":0,"seed":"hpO9KQ8XXzK6nr3Ymn3lR9Okw8/0iySb/f4yftYruvc="},"senderSigningKey":{"public":"BeuPjNoQYbDJXkc5cz0UjXOh9AUAOpFqZs8x9oTtmSg9"}}]