[{"senderKeyId":692426957,"senderChainKey":{"iteration":0,"seed":"Tlr+KG9dusaQ8Yvl+Pz7M2jk4DQzwXyDCBcK6i1XoBM="},"senderSigningKey":{"public":"BcQOVVlMj/3plB+x1MJqdaGnrBUI+jFKrj+NA22LUVV3"},"senderMessageKeys":[]},{"senderKeyId":156898503,"senderChainKey":{"iteration":0,"seed":"Bq4z5ENr+QUcUiOg1E6uuYRbtc5Ec3165cyjqJfQoRY="},"senderSigningKey":{"public":"BbQGP1sPRlZf9lJfzw+zSvaHSTRfYYeYmYaqM3ax1OYQ"},"senderMessageKeys":[]},{"senderKeyId":635923448,"senderChainKey":{"iteration":0,"seed":"0EGINZaov3W06SKDEwbk4Tn5lLeViTpRJzi/KKnh3LE="},"senderSigningKey":{"public":"Bcp9cCaLzbYjZexGgl8eQcLMylnGw9J8vq6tafl27BZS"}}]