[{"senderKeyId":1259364575,"senderChainKey":{"iteration":0,"seed":"LPB7jwjTdplMDWEzHVgTQR8JfsWqaIv0pBpH+8CYkX4="},"senderSigningKey":{"public":"BWpfm/dibyy+NAUTuT4hMR/HXJ+O4mCCjr+LmK4XWE06"},"senderMessageKeys":[]},{"senderKeyId":503421703,"senderChainKey":{"iteration":0,"seed":"LRwG+ioyOqtcxYt3Rob/ObOsiMvCq3kWFAxVEtrLBSU="},"senderSigningKey":{"public":"BTis4xwEjJ7Qv6+6wfIk+7Hbn9cegVjEaTsE2yHrpj5a"},"senderMessageKeys":[]},{"senderKeyId":157838279,"senderChainKey":{"iteration":0,"seed":"NGqHDUJIiz13TAXzwpQITvtaNP/N/Ifk3YvpX8EaPDE="},"senderSigningKey":{"public":"Bcr+Gkb/wkJbsjXXcexWFlUCUBmI6cqoelVbsgvqu5wm"}}]