[{"senderKeyId":1594758252,"senderChainKey":{"iteration":1,"seed":"GX3BO2JxeI0ulWyfp8dQqG7M317HlPP2AadiHy7mMFE="},"senderSigningKey":{"public":"BQHclNie2653o/Sfv6EErNczzdrSKZQDqMAn4JF4rr14"},"senderMessageKeys":[]},{"senderKeyId":994439934,"senderChainKey":{"iteration":0,"seed":"AexqOXvpNtzzgoaFsAoiY4rgifJTZ1sobumaqjykKG4="},"senderSigningKey":{"public":"BYa0AKdsv9tJBKhUjsZXnh7zCbmH3UhpLefpP7kH3tF2"},"senderMessageKeys":[]},{"senderKeyId":1046384264,"senderChainKey":{"iteration":0,"seed":"4LGjxbjTwukzjamdpYOPswYL44uQdKePzThge7bOtXY="},"senderSigningKey":{"public":"BbunAoajeIALInJKSWfnTBWtkGnYhPN0pCs8+fVz0KFm"}}]