[{"senderKeyId":810010888,"senderChainKey":{"iteration":0,"seed":"rvjEdMJYHKNBuzdL9yNcBzCcRKhkjkSAfOiwfFoeajs="},"senderSigningKey":{"public":"Bfuislvy7yLUcXP+SLNcLs/GCESQQW12/WmW4cOVU7hi"},"senderMessageKeys":[]},{"senderKeyId":1794713774,"senderChainKey":{"iteration":0,"seed":"3ZLEaEYi4eHtfJEmwazI5KP6LTo5Ri6FyMjUH0VRwc8="},"senderSigningKey":{"public":"BfOUe43lwbehVPLga724MHx3GAJ6KLnnfQs5XZlnB/8G"},"senderMessageKeys":[]},{"senderKeyId":827870690,"senderChainKey":{"iteration":0,"seed":"gg+0GGPtCVfMmnqd1uPA4vPWv58anvhdoDecHlIcDYk="},"senderSigningKey":{"public":"BZNqTWDUl6z6gGb3Zb8AHIZqQWOisAkWz0A9tXLnN1YC"}}]