[{"senderKeyId":409347173,"senderChainKey":{"iteration":0,"seed":"Cv5uUHgm5BPAFBtGTlIoBMf/sUrAcu54YV2b1PH/olc="},"senderSigningKey":{"public":"BSYSdsi1EWZS8NPqn2t+eVlDFibNyS+XoRcMwQvwmFtK"},"senderMessageKeys":[]},{"senderKeyId":409347173,"senderChainKey":{"iteration":0,"seed":"Cv5uUHgm5BPAFBtGTlIoBMf/sUrAcu54YV2b1PH/olc="},"senderSigningKey":{"public":"BSYSdsi1EWZS8NPqn2t+eVlDFibNyS+XoRcMwQvwmFtK"},"senderMessageKeys":[]},{"senderKeyId":764947907,"senderChainKey":{"iteration":0,"seed":"7Z8QVmvaegmG288ZBtP5Ij1k5LWugudHNWpg5yR9uYw="},"senderSigningKey":{"public":"BTK0S+xcj81Aphw1zlT5nCnFKelgyequljPQ+TLkT6B4"},"senderMessageKeys":[]},{"senderKeyId":764947907,"senderChainKey":{"iteration":0,"seed":"7Z8QVmvaegmG288ZBtP5Ij1k5LWugudHNWpg5yR9uYw="},"senderSigningKey":{"public":"BTK0S+xcj81Aphw1zlT5nCnFKelgyequljPQ+TLkT6B4"},"senderMessageKeys":[]},{"senderKeyId":764947907,"senderChainKey":{"iteration":0,"seed":"7Z8QVmvaegmG288ZBtP5Ij1k5LWugudHNWpg5yR9uYw="},"senderSigningKey":{"public":"BTK0S+xcj81Aphw1zlT5nCnFKelgyequljPQ+TLkT6B4"},"senderMessageKeys":[]},{"senderKeyId":764947907,"senderChainKey":{"iteration":0,"seed":"7Z8QVmvaegmG288ZBtP5Ij1k5LWugudHNWpg5yR9uYw="},"senderSigningKey":{"public":"BTK0S+xcj81Aphw1zlT5nCnFKelgyequljPQ+TLkT6B4"},"senderMessageKeys":[]},{"senderKeyId":764947907,"senderChainKey":{"iteration":0,"seed":"7Z8QVmvaegmG288ZBtP5Ij1k5LWugudHNWpg5yR9uYw="},"senderSigningKey":{"public":"BTK0S+xcj81Aphw1zlT5nCnFKelgyequljPQ+TLkT6B4"},"senderMessageKeys":[]},{"senderKeyId":356359817,"senderChainKey":{"iteration":0,"seed":"VqE8rSdmHp0eOP2LGlsud6LrXh9Pw5d3IdBk894cF5k="},"senderSigningKey":{"public":"BXFdld8t47QvvbGzFhPhpD8Et9opEcC4pObPwaGBCdtV"}}]