[{"senderKeyId":1857288722,"senderChainKey":{"iteration":0,"seed":"4yWx9YKT05FiviyT6eu6ReGj/XQOBvZAM3Opto8Bev4="},"senderSigningKey":{"public":"BSZreeQiS9QLqmfIcZQ9d7wDfjeFw1mCwyEGyYwU5tcQ"},"senderMessageKeys":[]},{"senderKeyId":1148164740,"senderChainKey":{"iteration":0,"seed":"nZD1SWuHG1VhyMVjkqD02ry3KEdvoR9lLZznqDVjWMU="},"senderSigningKey":{"public":"BVO4KH8rMKNB30buzi91WuNiD6SWcz0VVX9oqkmgixpe"},"senderMessageKeys":[]},{"senderKeyId":1063740835,"senderChainKey":{"iteration":0,"seed":"pEuduQwU0+pzm1iHUa87L5gjS9F4Ky2YlhB2ViOQ8Rk="},"senderSigningKey":{"public":"BeXyuvL2JjbpQK3V/hEBwOeTKBt2OR2l61FUtpYMHD8P"}}]