[{"senderKeyId":2135674656,"senderChainKey":{"iteration":0,"seed":"JDUB4IcTmoa5gl0hpzMt2XyUYJGCObhDSUJPssfic9Y="},"senderSigningKey":{"public":"BT0OozQ/9iLfd42cLfe4FXnbuytD6xZp0KatoMl/WapC"},"senderMessageKeys":[]},{"senderKeyId":876883965,"senderChainKey":{"iteration":0,"seed":"Erxtvh0kU1BIZmWYellrZ25dguxjU4CK2UN8skZJNEs="},"senderSigningKey":{"public":"BYni67vNTNwvbrngejSZ2LO35L+DPBa3nfzeLjLaW699"},"senderMessageKeys":[]},{"senderKeyId":784482753,"senderChainKey":{"iteration":0,"seed":"4BW0dkPgiqsvhGSzOmrs8LCKAnBZDooaCjTCitOWGo4="},"senderSigningKey":{"public":"Bf4QX9poFo34DBmsNBaRi2POu4WYRiDrmnRuudt4HQ5D"}}]