[{"senderKeyId":1201206393,"senderChainKey":{"iteration":1,"seed":"9OajpoXQpUUfVe2PzSIQHsbM7BaNkdo1LMp3iwNVw0w="},"senderSigningKey":{"public":"BUxi4j/vTApwdG4hnsiynzlEb8TTeY4NaPMLO7LbyuJg"},"senderMessageKeys":[]},{"senderKeyId":499853469,"senderChainKey":{"iteration":0,"seed":"vASsBNXlDJyrWupKryGkQWcFhjdfKmrYpj6pFUgDp2w="},"senderSigningKey":{"public":"BfKVu+v+86j0AeaqK1W43aJmYVzVDfhvDw/2lbh7dXJ6"},"senderMessageKeys":[]},{"senderKeyId":1644668554,"senderChainKey":{"iteration":0,"seed":"6+q5VnJkan95CTVGmk94atN2HPakvMbwlMZI7brIrbA="},"senderSigningKey":{"public":"Bcv5Rgst1JGW6g6+H8D7q6GotpPYAyI1Rl5RQfB7O7x2"}}]