[{"senderKeyId":43650753,"senderChainKey":{"iteration":0,"seed":"jsaCTMWnJmow8/79CzPlmOeBFHgpGU37KRMbyduwscs="},"senderSigningKey":{"public":"BVZwEOs6AgiRp4fqp7tN/Wwdznkh2SJT7t+cjGyP4O5d"},"senderMessageKeys":[]},{"senderKeyId":37061104,"senderChainKey":{"iteration":0,"seed":"7i+r0WVzcfo6pPEPHVshwUWXBGuK5wlBKgXRA1+VxaQ="},"senderSigningKey":{"public":"Bd3jNRs4Mkv93cLSNYpEwrRYrlPPBK/fVZHnQ0+Dobg4"},"senderMessageKeys":[]},{"senderKeyId":37061104,"senderChainKey":{"iteration":0,"seed":"7i+r0WVzcfo6pPEPHVshwUWXBGuK5wlBKgXRA1+VxaQ="},"senderSigningKey":{"public":"Bd3jNRs4Mkv93cLSNYpEwrRYrlPPBK/fVZHnQ0+Dobg4"},"senderMessageKeys":[]},{"senderKeyId":1919594158,"senderChainKey":{"iteration":0,"seed":"sP1hv677BjZoWmNBWkOmv33RV6cIzX3RlxNFojWe1Rw="},"senderSigningKey":{"public":"BQ2SUrT0qxXqjB9MCOGyty7kBG/nWGcYWOrz8u6GYcYO"}}]