[{"senderKeyId":1141238737,"senderChainKey":{"iteration":0,"seed":"TvNUjk/V61QUv6WI7jBmcudU1INmyBZBSelYfYOScB4="},"senderSigningKey":{"public":"BbqCBfbYyoiT232Yo2a2OYEyllvh3fH2joHbYYfCkoAU"},"senderMessageKeys":[]},{"senderKeyId":1639093872,"senderChainKey":{"iteration":0,"seed":"KLuLQTUFq05vgW58WrFwouIDPmpx6QejscW/WHwz2GY="},"senderSigningKey":{"public":"BbwPgnAPBEQ7+ZYdP7Ws43uVZojSY3Sy05mrxb7jnJVc"},"senderMessageKeys":[]},{"senderKeyId":1622988357,"senderChainKey":{"iteration":0,"seed":"X0Q/kmsdY8HOHEL00n19MTE0dj/yZ7xqzYdIjnTILzI="},"senderSigningKey":{"public":"Be86Cu8sMGWLiju38anw1lV1SAz2Ygr6EhCat5ftXakJ"}}]