[{"senderKeyId":179201804,"senderChainKey":{"iteration":0,"seed":"1eFftpMgnBq+L1/IEXSHGTmBzRN6iZg980gGcU6OWOk="},"senderSigningKey":{"public":"Bd2TfytwWtz68/gryqvva+LB5SLqW6d8Qu9EPIktxcUP"},"senderMessageKeys":[]},{"senderKeyId":1289152902,"senderChainKey":{"iteration":0,"seed":"OSceOWHP1U6Q4R+jtJaJCFCc2BwUETKNX9dATKUmdq0="},"senderSigningKey":{"public":"BfXuPwqeU4OqeQ22XFqGpGAv9S1u/S3yZZ11Bb1uSiAo"},"senderMessageKeys":[]},{"senderKeyId":266216025,"senderChainKey":{"iteration":0,"seed":"n5CKiJZ71DNHQU0c2LvCpz7RqK8bRkSL8SWUevDHm5M="},"senderSigningKey":{"public":"BZDGXmTcG+o6B0WCRgoisN3pArKo0ySG0uK8TU94Hu8m"}}]