[{"senderKeyId":1316997228,"senderChainKey":{"iteration":0,"seed":"bJwEDgAlSYh673zt2h8bEZBtwC0GXhgpzTRpKYKUFKY="},"senderSigningKey":{"public":"Bak0DFhAhNbv5WP0L+cdVjaROEhdiMdypmzSy/kl5gIJ"},"senderMessageKeys":[]},{"senderKeyId":1910516951,"senderChainKey":{"iteration":0,"seed":"JBxxmwrMz8wDNtunOdAuloYtFgtzr6MNZoJtqA/Ly9g="},"senderSigningKey":{"public":"BSVagkrW7tIDHeLK++J85CDSoZR621Zvxs3SyIHZFnAn"},"senderMessageKeys":[]},{"senderKeyId":1560341571,"senderChainKey":{"iteration":0,"seed":"9uEV8R77gKGowXZwU12/uzsUof0fpmYNuOpAuudXWbY="},"senderSigningKey":{"public":"BWx/z09iPaMhVReqrpK+lX35lYlmWzWmTNCeGG0Kr9tO"}}]