[{"senderKeyId":758443007,"senderChainKey":{"iteration":0,"seed":"NyQT6P8yxGA9VTGoMgJhtmyDUECaC/qBaIJ0mcVPATs="},"senderSigningKey":{"public":"BX1CWeOXO4q0Awumk0KDTtW+2DQ/C7bB+brU+Hg2Cmcf"},"senderMessageKeys":[]},{"senderKeyId":974891802,"senderChainKey":{"iteration":0,"seed":"scLehfPQUBDIteeTQx0Q3Lhag56HV1En11rKNCfsK/w="},"senderSigningKey":{"public":"BblHCoTPw8dv4FrPPW3Yqg5/48h8ACvKPWOWCd96V1lA"},"senderMessageKeys":[]},{"senderKeyId":1311068419,"senderChainKey":{"iteration":0,"seed":"AWhh5kpcBx011uStar9hyoN97vf4MjOmUbB5y2CAXPs="},"senderSigningKey":{"public":"Bc2OKPI3dmdu+fpA5RVMYkmD3xQg4NhjhWdKtAry7pFI"}}]