[{"senderKeyId":1372447272,"senderChainKey":{"iteration":0,"seed":"7bte2oWrIBA4UnjzL23rC/Pg7Km0SZrJMez2uilKvTY="},"senderSigningKey":{"public":"BdwL+C6n1hyV/Af9tq3NMk6YXyMFgUgRQT70btu9D9go"},"senderMessageKeys":[]},{"senderKeyId":1361742026,"senderChainKey":{"iteration":0,"seed":"ocZz8ZsrA3HGPHEuybj+CL2VAIEM9+zP19znTD05PD4="},"senderSigningKey":{"public":"BRcS4tSDM4ReDsnx2NvPySvJip5d58Zpp51xLyXoYMJK"},"senderMessageKeys":[]},{"senderKeyId":450902363,"senderChainKey":{"iteration":0,"seed":"LI70xAsMO4507y5YDUF4YXKnAJ1qOUn92Hln7hAzg1U="},"senderSigningKey":{"public":"Bb1gdCmVU1Dnd4ezdCBa2jESrURDUn5yKXEFFXBTBiAX"}}]