[{"senderKeyId":1688975075,"senderChainKey":{"iteration":0,"seed":"pKyCOiVNhqW6xAHJlz7T7sWJl/WegGhtjwrD/fjbFpg="},"senderSigningKey":{"public":"BcNcN6wEr/ixYLc5O68TndRLJIg7K6vqbA65BSbExD0D"},"senderMessageKeys":[]},{"senderKeyId":1448979317,"senderChainKey":{"iteration":0,"seed":"RGZJa5syOyyx4DuE8LvXWlBEoBMzRh7rmLk8KHe0saw="},"senderSigningKey":{"public":"BckYRZXRLiNfR4cODaqNwMfsna/4M8AH/2j1GQ0/nLI9"},"senderMessageKeys":[]},{"senderKeyId":422128436,"senderChainKey":{"iteration":0,"seed":"sYc3vVnVWasrvBdqEeWSgxmHu4iabkWnPV2L47PpbVc="},"senderSigningKey":{"public":"BcpVv9D3SocsV7NM7C8Hx8VA15WqjhtJ5SLstX5W6IBz"}}]