[{"senderKeyId":1507620947,"senderChainKey":{"iteration":0,"seed":"FBltLtT8c73LNQxBxUNRbB04Qq2bu1myGvBZiZZsf70="},"senderSigningKey":{"public":"Bct7MBM0v60az65sIry8EREfVxisA09TVY5bbY9lGKsz"},"senderMessageKeys":[]},{"senderKeyId":2100019869,"senderChainKey":{"iteration":0,"seed":"ALkV0/4U0y5BkJxjWI2kty4SK9WmEw4F8ncaYccvbwM="},"senderSigningKey":{"public":"BTK20/5f5BO+LM5s6DJ4NWnrLOmGZuG7zTGPzIF76DBp"},"senderMessageKeys":[]},{"senderKeyId":536567044,"senderChainKey":{"iteration":0,"seed":"PTtE9vimaJukZVlqCMhPhhizeQfrA49L6kfwfG04Wck="},"senderSigningKey":{"public":"BaGPeJJqxunIyldYtU0jk9Wsej+10iqWWXzO/Nh1Pjxm"}}]