[{"senderKeyId":1001666495,"senderChainKey":{"iteration":0,"seed":"eQK7BHxAUINjO5IsnM3LPzOajrmA1EhAPIZ2rIBsdgw="},"senderSigningKey":{"public":"BRS478Z8g2PmIpJzPrTHbPfC1dpxORkYKLtxjxoonPQC"},"senderMessageKeys":[]},{"senderKeyId":1990144165,"senderChainKey":{"iteration":0,"seed":"F2hAMz6EA9U7ffmUUZh2ewgbeVAUgXZTVl+gZqh5zLU="},"senderSigningKey":{"public":"BbCuyHva6GDc+m4IUWz6F9Ri0jpvqzizJKVtNcyyNvJh"},"senderMessageKeys":[]},{"senderKeyId":439898351,"senderChainKey":{"iteration":0,"seed":"uSY0FqjvE74EwHNbrjBG3ExYcSeYsYvc+Xo55BA9gfI="},"senderSigningKey":{"public":"BfHKIboN6ayrT5atv3AFa7nafONquBLJWGF5UccwsulU"}}]