[{"senderKeyId":455176801,"senderChainKey":{"iteration":3,"seed":"5nf9cKI/gx0SRcCw2fz5jszUyxeiyRn16UfC8stoyig="},"senderSigningKey":{"public":"BRgxPQWZr+AMnGRuE0ydhPANrLgEfvhd9mi7nJhLdu8k"},"senderMessageKeys":[]},{"senderKeyId":1922539208,"senderChainKey":{"iteration":4,"seed":"vUGocAp3941GdsFkfO9otlK0T3VrGNo9Ig4GIM7V+9U="},"senderSigningKey":{"public":"BTaE2MNQ07SDmsYIiBpXInS/UwePy0LIZBIqxwzauGAm"},"senderMessageKeys":[]},{"senderKeyId":1466568844,"senderChainKey":{"iteration":6,"seed":"CN9r+tTPLPTrLqBUeC9uoiui3zI3UqOSZ/b4GmObN60="},"senderSigningKey":{"public":"BZV2rtyCxPkyGRpUAP1YwTZBNEHlVUJ+OQT9T1yE5fs1"},"senderMessageKeys":[]},{"senderKeyId":1154559610,"senderChainKey":{"iteration":3,"seed":"ulB7H9U7ckwELYi109wfb/HCdH3vcxbzeRRpdLI92Pk="},"senderSigningKey":{"public":"BfDtRlMSxnJs/bBIpxWiIvhNJuoiCeR6evYvh85mCKZY"},"senderMessageKeys":[]},{"senderKeyId":1222804143,"senderChainKey":{"iteration":1,"seed":"yVm73izR/GKd2+t3Dz1r1IlrmUZxZpZtX/tXaz/N/hE="},"senderSigningKey":{"public":"BRA86ULqChZkx8zldqUKW8DmvFHTYXnNnC5pMr9sI+tC"},"senderMessageKeys":[]},{"senderKeyId":1377440193,"senderChainKey":{"iteration":0,"seed":"uqcd8z+u/PUtqYM94BfuZKV35O2UHByReYBKKhCCcB0="},"senderSigningKey":{"public":"BXzKyqJcJ+iy2LzEsG3LD0rat4HrGKXqv+ZbAj6QEIk6"}}]