[{"senderKeyId":1300146627,"senderChainKey":{"iteration":0,"seed":"13EhR0GhvBoL7QQVw8XxXAaF/pDPNG7HNbAd/+sJ+jY="},"senderSigningKey":{"public":"BYr69e6RYATwZWR1NgF0jtqy2jJCwOSuQkCm4At0gBF6"},"senderMessageKeys":[]},{"senderKeyId":781136039,"senderChainKey":{"iteration":0,"seed":"fKyTX0keobAUTQuozkkCqK8pkZTE+a3h1s5mhcfnPmo="},"senderSigningKey":{"public":"BTpHO6bNOi2y/T4hx/zJvqqVdRQ+29XT8OyQROPh5e0q"},"senderMessageKeys":[]},{"senderKeyId":1830062658,"senderChainKey":{"iteration":0,"seed":"BZvIWJu0lfbr+cFCj+oEl1B0S8lAvnd4PDeu3fZVOsQ="},"senderSigningKey":{"public":"BRx2ALaPsV9liEHUlncIbzrVtDSZLlv2JPJjJNpN3nQN"}}]