[{"senderKeyId":1618481536,"senderChainKey":{"iteration":0,"seed":"PLrC23/PZd2Q4B0wA+nkCbml94pkhOOKIu9ccrRRXbU="},"senderSigningKey":{"public":"BV7E5jPW0NAUowSdrr63yeEYxxFj1jaRLFViIok4KU9n"},"senderMessageKeys":[]},{"senderKeyId":1776317248,"senderChainKey":{"iteration":0,"seed":"E6QHbkfCUfNxz0NJRIcyEULrM4OFcIZ8zKPZweNtnDI="},"senderSigningKey":{"public":"BWUA4/oUYmegB6kzxTPHa5pJG5wPtDD1mgKoYVDXyiwU"},"senderMessageKeys":[]},{"senderKeyId":514900753,"senderChainKey":{"iteration":0,"seed":"xN/J2bgn7yENnpiN69R7XkDyv7H8/9L1cRSQfDhGhSY="},"senderSigningKey":{"public":"BVwG6nCTWrX44cHAcSEsRN22r6cJyZDxHNaqmozq6EQT"}}]