[{"senderKeyId":1769154062,"senderChainKey":{"iteration":0,"seed":"2VBXV7zc+rk5t5TT3xVtjM4YB8ECwXuJ7veb49m09yY="},"senderSigningKey":{"public":"BcR/pZYXdtvFHCLMxFm4w53nq7MAGMGCip/8JZj+bdYx"},"senderMessageKeys":[]},{"senderKeyId":1684831780,"senderChainKey":{"iteration":0,"seed":"gSVkN8dzNfVBA8Bd1M7Kd9PoKQMbT4/A32uUQnOpHRA="},"senderSigningKey":{"public":"Ba2fZi7HGb90/M7dQS/KYf4Lt0d3TNzZZWNUjH1hDGQ0"},"senderMessageKeys":[]},{"senderKeyId":1795547535,"senderChainKey":{"iteration":0,"seed":"NBn4G8CefmuRYAZPh5TdgomQtLuvcya7P4O2cp10DeQ="},"senderSigningKey":{"public":"BZj/SSwbFRAMtjUfAjfxBB0J5jNomrJ9PCTmPiG63IJe"}}]