[{"senderKeyId":1934062632,"senderChainKey":{"iteration":0,"seed":"qJPEkAKwssiNUDuQR/Wg/bEuHVGCVhJlzYQg1A8C6wU="},"senderSigningKey":{"public":"BZCrDoPjxdwRXNsitZvJYDek9F9VAUYxLV4/iyYiTIA7"},"senderMessageKeys":[]},{"senderKeyId":583804854,"senderChainKey":{"iteration":1,"seed":"qpF7LFWGPLCwqIEjK6hisTgMKXTQiMncwzwVCR+RuZQ="},"senderSigningKey":{"public":"BTbKRBit8Qr2mT93JNV4kF4h3lzAWQZg0Cxy09ZQ515b"},"senderMessageKeys":[]},{"senderKeyId":1079760833,"senderChainKey":{"iteration":0,"seed":"LcPZilDo1yR6L7dzUW+b0otZ2A11mqzEabNuz6KxIlA="},"senderSigningKey":{"public":"BYxz4CpT0Eg65pq1tgL4TyMCbW2AceeefHd7KMGdheBS"}}]