[{"senderKeyId":121432484,"senderChainKey":{"iteration":0,"seed":"ymOZ4Hts1YI5z0Zd9QZtYoJN0glCy9CPFrVxNm8D4k4="},"senderSigningKey":{"public":"BZ+IxEywdIENMLVtBrzOc7L2Mz6NvpwyYoAOdjKZxr8f"},"senderMessageKeys":[]},{"senderKeyId":2093477667,"senderChainKey":{"iteration":0,"seed":"WpOMi/l1T/CWHj8fHR/Qm67+HZzxQmExoCSyIYIbunY="},"senderSigningKey":{"public":"BRLAvJhOw9OmNbk06X5OYJMYWp477JAxo668gpVAGk96"},"senderMessageKeys":[]},{"senderKeyId":1571378441,"senderChainKey":{"iteration":0,"seed":"l9CZWaurChhNJzOqa3xD/lRWERRK4msmkV186UG7SmU="},"senderSigningKey":{"public":"BW+PJPAX95NEtnkg3RNmRt92hMkAF7YGKqsUqzqvrN51"}}]