[{"senderKeyId":1640933199,"senderChainKey":{"iteration":0,"seed":"doD5jsnMFx2EBRRb0uxatGk1DK33o72VVinFFn67plk="},"senderSigningKey":{"public":"BUIIUNtS1g115Q5M1Yu6dD+A10van0+rZ5oN586YQk0b"},"senderMessageKeys":[]},{"senderKeyId":1876634985,"senderChainKey":{"iteration":0,"seed":"B8gEA2U+Hd8lTFOVcbBPeu75v1eQkpHDzL0BILFNOEM="},"senderSigningKey":{"public":"BZ1/titkq4xacMjL3c8guHLQSsiDGCmTdk5g7Pafufoj"},"senderMessageKeys":[]},{"senderKeyId":1080698570,"senderChainKey":{"iteration":0,"seed":"TYuXcHQHQVfT2iwo43au03lWanFeQvRlHfy+HlVYeHg="},"senderSigningKey":{"public":"BXM7ISO6V8NhFDUtNDeOrk7mC2bz1KLZmcFRFkuYcp5d"}}]