[{"senderKeyId":340271251,"senderChainKey":{"iteration":0,"seed":"FuY+yDfqVlMXfsm5iVhuY96Juw5+RP66F88Myo2Hwd8="},"senderSigningKey":{"public":"BcXntJBshgSRggG3NnFNQChb/xgDWEyVQQPLBht1NeZ4"},"senderMessageKeys":[]},{"senderKeyId":264540886,"senderChainKey":{"iteration":0,"seed":"sJKfQrGalctciKqo2pgUI0w1/fFFqW/C3Z2+/tjfgns="},"senderSigningKey":{"public":"BRKNjlYT2TPLhA+smi2wHPpfc983vfc1lU2I5QNEpD54"},"senderMessageKeys":[]},{"senderKeyId":1118186973,"senderChainKey":{"iteration":0,"seed":"MSc2WfX78I7RYqc3fBJpy6AFP5bTCOz5sDeuhDBt0os="},"senderSigningKey":{"public":"BT+jRXCkHN3iYSdDl/NFLmqeWt8DGQNFZ/o5p5PZ2FM4"}}]