{"_sessions":{"Bc6Ktkim5/zAc9ftRvguOAByqngkdbmXXmaufpwrvd1S":{"registrationId":300218814,"currentRatchet":{"ephemeralKeyPair":{"pubKey":"Bf8+gJBK42awU/BziAIQ1rKyJpI+lK9JP+zK58n9zKst","privKey":"QDMc3WtY0imHfeTGPLEDq7uBpIJdW1sttJ5nI8GxPEI="},"lastRemoteEphemeralKey":"BZpoT9TPWNhrHfXGeGuPSiFUk6whQeX70uf7J1i3a45w","previousCounter":1,"rootKey":"8XEv0yp9NxTqrg6OLyFdn3YumIgAi3r9G1csv76TH58="},"indexInfo":{"baseKey":"Bc6Ktkim5/zAc9ftRvguOAByqngkdbmXXmaufpwrvd1S","baseKeyType":1,"closed":-1,"used":1682951187827,"created":1682946220368,"remoteIdentityKey":"BU44AXbJHEGhuvxp4f5xXhFOvJPiJnRWgKMq0Eyd/O4x"},"_chains":{"BV4vxPAPa9uazDTGdLPqGZAuFBzejYv7qE5Z54BWo8ZM":{"chainKey":{"counter":0},"chainType":2,"messageKeys":{}},"BRQxxkJ8jUO3IUXqh8MwrIItbCyY1HwhmPowBp2k82hf":{"chainKey":{"counter":0},"chainType":2,"messageKeys":{}},"BZpoT9TPWNhrHfXGeGuPSiFUk6whQeX70uf7J1i3a45w":{"chainKey":{"counter":0,"key":"fZTGA8LHXKNlvEvDa+D1baCHwbxA2FG2CNz8j0K01aQ="},"chainType":2,"messageKeys":{}},"Bf8+gJBK42awU/BziAIQ1rKyJpI+lK9JP+zK58n9zKst":{"chainKey":{"counter":1,"key":"bSJ2MadPn8jIlVPVTbGQyomXBBtXtuDADg+oa2Kd85U="},"chainType":1,"messageKeys":{}}}}},"version":"v1"}