{"_sessions":{"BZGEOcvCr9uIEwh6rvGpjehrry+jGSeMLSiZAuw14nVF":{"registrationId":2093929270,"currentRatchet":{"ephemeralKeyPair":{"pubKey":"BXh5sxUKHR3HYOlhHX/UXGjqn3peC0dJOd3FYalcMG8Q","privKey":"iCC2rwuJDZruCPl1xkIcqcbrjrXGUHHDMeABxeuWUGk="},"lastRemoteEphemeralKey":"BS+UPhvKLfG4jKygJSKXSys2indBWeZ+btNOB0F9a/le","previousCounter":0,"rootKey":"YqliQGPk3BDoskxcL8En6dL6ibEFNY856tIXrZqD+lI="},"indexInfo":{"baseKey":"BZGEOcvCr9uIEwh6rvGpjehrry+jGSeMLSiZAuw14nVF","baseKeyType":1,"closed":-1,"used":1682951107879,"created":1682951107879,"remoteIdentityKey":"BadtLMUo0nZr1+7QPM8ifeC7SxC/+fBXJzg90LedRcRx"},"_chains":{"BXh5sxUKHR3HYOlhHX/UXGjqn3peC0dJOd3FYalcMG8Q":{"chainKey":{"counter":0,"key":"KIdY7542QW9p6S8mSrbV9IJkAv1zx9qHDEnoMR/Zxtc="},"chainType":1,"messageKeys":{}}},"pendingPreKey":{"signedKeyId":30,"baseKey":"BZGEOcvCr9uIEwh6rvGpjehrry+jGSeMLSiZAuw14nVF","preKeyId":16434807}}},"version":"v1"}