{"_sessions":{"BQnkJ5Sf9bmoML/zM/JPhVhmgtmVU1oGuWRbbVLFc01I":{"registrationId":610685218,"currentRatchet":{"ephemeralKeyPair":{"pubKey":"BSX2hAY+rvIXHGNVx353HYXQVZE9diBhOBO6fUpRU2cq","privKey":"eBMnl2SFOs4N+4GmRQJEGSTjSv4wA0nwBcVWSXi9a1s="},"lastRemoteEphemeralKey":"BdHy8D2u5gCY0C3MHMXttnxtrlGT5ikYJ0771elYbdYw","previousCounter":0,"rootKey":"SJ2HKWIOfn8qz8crQvsOL6bBoeSNZWxn3WVyAYuWda0="},"indexInfo":{"baseKey":"BQnkJ5Sf9bmoML/zM/JPhVhmgtmVU1oGuWRbbVLFc01I","baseKeyType":1,"closed":-1,"used":1682951144425,"created":1682951144425,"remoteIdentityKey":"BUgOA8m84VYmGGY2A/fBNxon2O+BAkrFQVGU0gF/75Ro"},"_chains":{"BSX2hAY+rvIXHGNVx353HYXQVZE9diBhOBO6fUpRU2cq":{"chainKey":{"counter":0,"key":"jgwXs0GLZIAyAo9oISpgrrAcltlH0uLYVBo0oe6w2DA="},"chainType":1,"messageKeys":{}}},"pendingPreKey":{"signedKeyId":12,"baseKey":"BQnkJ5Sf9bmoML/zM/JPhVhmgtmVU1oGuWRbbVLFc01I","preKeyId":10203691}}},"version":"v1"}