{"_sessions":{"BVrwRAA17zhFWdPrhG/7kUAJS7H+ybjg3eck3nwebaMp":{"registrationId":1144104850,"currentRatchet":{"ephemeralKeyPair":{"pubKey":"BeCXVzNv1lXKyDJ/E0iCEx4d7kfSpRYn/zzxNG/ionAo","privKey":"GAJc492MhKx+Mv9+0bsz8svdL5VDsDEtEbu3oSnJZlQ="},"lastRemoteEphemeralKey":"BS91KzbOkJ65RGHwDBSc8Vxty8zKzhdtdAAMNAZOwWg4","previousCounter":0,"rootKey":"s3cUT5I/G5rkrV8SgOZlGFAf+U779Ay5EtaImYMPQXw="},"indexInfo":{"baseKey":"BVrwRAA17zhFWdPrhG/7kUAJS7H+ybjg3eck3nwebaMp","baseKeyType":1,"closed":-1,"used":1682951107832,"created":1682951107832,"remoteIdentityKey":"BSIUoo1ht3NoShRn0UUYaG5J9v/XiDpITA38rHXpALAC"},"_chains":{"BeCXVzNv1lXKyDJ/E0iCEx4d7kfSpRYn/zzxNG/ionAo":{"chainKey":{"counter":0,"key":"QbKs9j/x/4b5MgJuFHBPHkiy7L+dKICD7KygIQxdsPk="},"chainType":1,"messageKeys":{}}},"pendingPreKey":{"signedKeyId":7,"baseKey":"BVrwRAA17zhFWdPrhG/7kUAJS7H+ybjg3eck3nwebaMp","preKeyId":9146771}}},"version":"v1"}