{"_sessions":{"BXdsS6/oW2yKuCIeXFwODpwuJd6yawtnhJsmf3nrxhoO":{"registrationId":516731993,"currentRatchet":{"ephemeralKeyPair":{"pubKey":"BZFoysvt9npY4/qfQVXIUZUZ1kzmQNr5cAYJOdyCzHxq","privKey":"0Pqg+Paz97FH2wfrXnEgjiiM96ZiMCVkCTrxagARy3M="},"lastRemoteEphemeralKey":"BUHX4ONMjhTys/ES51HSmcADhiq+2nZ+3I5RFkBoTpFO","previousCounter":0,"rootKey":"TK07mNNLrjwsx9dpy4clPvZUBfU0SM3LOLhwW/6dwKo="},"indexInfo":{"baseKey":"BXdsS6/oW2yKuCIeXFwODpwuJd6yawtnhJsmf3nrxhoO","baseKeyType":1,"closed":-1,"used":1682951108048,"created":1682951108048,"remoteIdentityKey":"BZdM/DTTh7NsELBWDxNGhs46AaA5qq3KRk26bVH7tHBW"},"_chains":{"BZFoysvt9npY4/qfQVXIUZUZ1kzmQNr5cAYJOdyCzHxq":{"chainKey":{"counter":1,"key":"vptD5QGpu5ei2fW4P6hZNGgagDF8oB/VKjn7qFUbUK0="},"chainType":1,"messageKeys":{}}},"pendingPreKey":{"signedKeyId":11,"baseKey":"BXdsS6/oW2yKuCIeXFwODpwuJd6yawtnhJsmf3nrxhoO","preKeyId":3189560}}},"version":"v1"}