{"_sessions":{"BZsGJHcOebx6TljgOq4BEbDzSBANJl7VW8n22zowzekU":{"registrationId":552460957,"currentRatchet":{"ephemeralKeyPair":{"pubKey":"BaR8nXM3yrcq/KqvRmJ5zhjY3MmV7wqTE+bKqXeLixII","privKey":"CIvq2TG9bvicfsMMC0oGSIRkFvlKIwtyvApenuOU+nM="},"lastRemoteEphemeralKey":"BZwTOroqKViHvEKgAZbfZl7Wucxrb4GhiRYZsC3uSEQ/","previousCounter":0,"rootKey":"pAxdyrLdjxll2BgsBGc7tUNZfPyrOt3m01kHEYrtAmM="},"indexInfo":{"baseKey":"BZsGJHcOebx6TljgOq4BEbDzSBANJl7VW8n22zowzekU","baseKeyType":1,"closed":-1,"used":1682951108000,"created":1682951108000,"remoteIdentityKey":"BbT1dmpeo42lRV89TPT4EbqGeoxIiu1OLcVVT1NyMBB5"},"_chains":{"BaR8nXM3yrcq/KqvRmJ5zhjY3MmV7wqTE+bKqXeLixII":{"chainKey":{"counter":1,"key":"0ROyIA0uzytBSK8gpn8al1X8NbHBmFeSbTgujZjwSLE="},"chainType":1,"messageKeys":{}}},"pendingPreKey":{"signedKeyId":11,"baseKey":"BZsGJHcOebx6TljgOq4BEbDzSBANJl7VW8n22zowzekU"}}},"version":"v1"}