{"_sessions":{"BR5nWAEI1tW1NHnJUFY8jT62P1UJxcWwSNuVPfe/bXEK":{"registrationId":821442508,"currentRatchet":{"ephemeralKeyPair":{"pubKey":"BeNMY1M5Nz/6suy78H4qxdhP/t4qayfhtTYUZ6H6a3on","privKey":"IGa2pyl2b9jUN3nUArExBOeUMfr16uI5O72tcBiZdl8="},"lastRemoteEphemeralKey":"BfGIuoW2U988ZFj5r2jP6JaHOfyj9IedRt3vCXIb4ckG","previousCounter":0,"rootKey":"o7lqdGehXyQQAUNvIityVj8tgLu2tW6exUbrHJShT48="},"indexInfo":{"baseKey":"BR5nWAEI1tW1NHnJUFY8jT62P1UJxcWwSNuVPfe/bXEK","baseKeyType":1,"closed":-1,"used":1682951107995,"created":1682951107995,"remoteIdentityKey":"BcCRTIx20yN0Drg3bSHX9n2/pcUmAHN/qjE/tc1ymxEd"},"_chains":{"BeNMY1M5Nz/6suy78H4qxdhP/t4qayfhtTYUZ6H6a3on":{"chainKey":{"counter":0,"key":"ye6Nzlg0lESYUsVJxiLA5UQ6j0eckEOKXRyqEgIRAFE="},"chainType":1,"messageKeys":{}}},"pendingPreKey":{"signedKeyId":2,"baseKey":"BR5nWAEI1tW1NHnJUFY8jT62P1UJxcWwSNuVPfe/bXEK","preKeyId":7916716}}},"version":"v1"}