{"_sessions":{"BV4Sh1Z8NNkr5luwtji9jg023xKpYB+mww02pOtqwqg8":{"registrationId":33985099,"currentRatchet":{"ephemeralKeyPair":{"pubKey":"BW0+6MxXlfPF6QhnnJlMffKdyoII0Ul91DXLCM8zskJh","privKey":"+NLnF51W+wHhJfWAXc9jv1oKZTzXZHSSo1N4fYOvjGc="},"lastRemoteEphemeralKey":"Bc8r1gP3kxCUtDh0m5MaqNjQ9dJjJ0NR1j14ikkGlPJb","previousCounter":0,"rootKey":"Xpt7NT1yGTFReUehxd59mnox4rng36K/r2AcrT1kk4U="},"indexInfo":{"baseKey":"BV4Sh1Z8NNkr5luwtji9jg023xKpYB+mww02pOtqwqg8","baseKeyType":1,"closed":-1,"used":1682951144514,"created":1682951144514,"remoteIdentityKey":"BTkPXPzuZceFdqHibt1GEyB9VqDNykh6aq0JGuYIuWlZ"},"_chains":{"BW0+6MxXlfPF6QhnnJlMffKdyoII0Ul91DXLCM8zskJh":{"chainKey":{"counter":0,"key":"YMvzyQpsU6N9I6cuk9rq+q+/J6GGBA4vi1JoNSK9kDo="},"chainType":1,"messageKeys":{}}},"pendingPreKey":{"signedKeyId":27,"baseKey":"BV4Sh1Z8NNkr5luwtji9jg023xKpYB+mww02pOtqwqg8","preKeyId":5676017}}},"version":"v1"}