{"_sessions":{"BdEbwZRTBsZN/bbIK6xAirAIdXNxHOMyfr9fmg1P/o5P":{"registrationId":191576700,"currentRatchet":{"ephemeralKeyPair":{"pubKey":"BTPi+UPFIUqtRDT6TUn96xnEBcEyRWky9AqOa1cDMtpg","privKey":"4AtEUwQntQBg1AmH5WbbAKyiI7ZA2TfXQ86h/L3RBkA="},"lastRemoteEphemeralKey":"BayYeVCDY44G4zzWCOSkZ3y2hLzX8pRBvliQJu+nNENF","previousCounter":0,"rootKey":"e8UKwibAR6No49QU1Ow6Y2WXrUTnS5OQ5R/DR06GlL8="},"indexInfo":{"baseKey":"BdEbwZRTBsZN/bbIK6xAirAIdXNxHOMyfr9fmg1P/o5P","baseKeyType":1,"closed":-1,"used":1682951108061,"created":1682951108061,"remoteIdentityKey":"BVqX7rXZswGddCKlTMlKsoeEUjXpEX1p9Y3rIaIwR6Ui"},"_chains":{"BTPi+UPFIUqtRDT6TUn96xnEBcEyRWky9AqOa1cDMtpg":{"chainKey":{"counter":0,"key":"Zg5y+PSWMxSN0BtM/qISp1vkgN/+AX6F8GMSeJCVmVU="},"chainType":1,"messageKeys":{}}},"pendingPreKey":{"signedKeyId":1,"baseKey":"BdEbwZRTBsZN/bbIK6xAirAIdXNxHOMyfr9fmg1P/o5P","preKeyId":10165815}}},"version":"v1"}