{"_sessions":{"BY8/Hv5+2pzzzXGUbtuiRYc0+ifLuTAtvU1rJS7P1RFu":{"registrationId":1783707016,"currentRatchet":{"ephemeralKeyPair":{"pubKey":"BdLOWUZz0yJ3ImAjOwRy5jufxFR79evBgJJcMJrpKVID","privKey":"aOxThK3lKOGWNkVmrJJ0Kpnn0vzNYMZO9tK/xZKprXw="},"lastRemoteEphemeralKey":"BQYx6ihzeswI6gLhi1UzXZckQgSocyCXyi5buPCsm5sz","previousCounter":0,"rootKey":"T/4lHm/SKPm5+vzeybLHhHWNBfZ2xc0FXz7vh75ET9U="},"indexInfo":{"baseKey":"BY8/Hv5+2pzzzXGUbtuiRYc0+ifLuTAtvU1rJS7P1RFu","baseKeyType":1,"closed":-1,"used":1682951108073,"created":1682951108073,"remoteIdentityKey":"BfxIZuuQKEyUleYJXluu90xeBdl2c9HBoWykgbB/fpQj"},"_chains":{"BdLOWUZz0yJ3ImAjOwRy5jufxFR79evBgJJcMJrpKVID":{"chainKey":{"counter":0,"key":"ZaWjFS1hqov4bK+IIH1OmaVQUtFp9WJtnAuBg4lMLag="},"chainType":1,"messageKeys":{}}},"pendingPreKey":{"signedKeyId":21,"baseKey":"BY8/Hv5+2pzzzXGUbtuiRYc0+ifLuTAtvU1rJS7P1RFu","preKeyId":9396545}}},"version":"v1"}