{"_sessions":{"BZBJ6XGxx0p3AYUgxaSoYscrky8/inW2eqXNlPP9AJNR":{"registrationId":108054361,"currentRatchet":{"ephemeralKeyPair":{"pubKey":"BW07aqhtOZKF5Bue6kJtEvG0Hyi7bvqIuYQb0a29Rew4","privKey":"SISth4X6PUJydHJiwbwakALZbf3fRtf7mnCCZ7FKDVE="},"lastRemoteEphemeralKey":"BdDmvD02oUBAGo1w9kff0jreTARtxRO1GcS9+jedKF5p","previousCounter":4,"rootKey":"yhdSGMbOJ+tRZ9kDxFBo4nyqXSSKGlsb60FGnfDCcb0="},"indexInfo":{"baseKey":"BZBJ6XGxx0p3AYUgxaSoYscrky8/inW2eqXNlPP9AJNR","baseKeyType":1,"closed":-1,"used":1682951189606,"created":1682946220445,"remoteIdentityKey":"BSxuWK/JkfdbTfvsOVH1HbFOQnP72pnX9usem9PbTPxX"},"_chains":{"BXESxQRxIElyNHUh56qBqH9Y6QyYt9zJtK1rVGOI+oEM":{"chainKey":{"counter":0},"chainType":2,"messageKeys":{}},"BdDmvD02oUBAGo1w9kff0jreTARtxRO1GcS9+jedKF5p":{"chainKey":{"counter":0,"key":"cC/x5cEFz3aIzoP/VVxIRY/pp21h94KMV4enEPPEB8k="},"chainType":2,"messageKeys":{}},"BW07aqhtOZKF5Bue6kJtEvG0Hyi7bvqIuYQb0a29Rew4":{"chainKey":{"counter":1,"key":"uqpzFqSMPxpu/vPTUsigeTe2xNdu4gbBwRT5IvTYG0c="},"chainType":1,"messageKeys":{}}}}},"version":"v1"}