{"_sessions":{"BVAgCa+y/ujGkQHTfJyrzFG3GFtZLU59MkRBL4XL5UYE":{"registrationId":105556498,"currentRatchet":{"ephemeralKeyPair":{"pubKey":"BawGNMVFtHWFKoSZmzzivMLMlDglfklPR0ClLLiSbndr","privKey":"OLukoYMi9/7kikdvYDqBfU0ZAD8wwRyD5PrYlEp2v1c="},"lastRemoteEphemeralKey":"BY6FVtzXLo2ktDuS3le2njtlYU/+gcSKKjjV+9EQoioa","previousCounter":0,"rootKey":"fPAEOrpqMfgHZTwHDXjamsRMVvNsLjL/FpfhPpxnhDs="},"indexInfo":{"baseKey":"BVAgCa+y/ujGkQHTfJyrzFG3GFtZLU59MkRBL4XL5UYE","baseKeyType":1,"closed":-1,"used":1682946220460,"created":1682946220460,"remoteIdentityKey":"BdCjk+EzI8giWespCdX9sWvPZ+k4tr1RPLAlblXXi/d5"},"_chains":{"BawGNMVFtHWFKoSZmzzivMLMlDglfklPR0ClLLiSbndr":{"chainKey":{"counter":20,"key":"Af7nj8s69Ad3wM3PQXNAKAQ81bYFiq4GTMH73AvHDy0="},"chainType":1,"messageKeys":{}}},"pendingPreKey":{"signedKeyId":2,"baseKey":"BVAgCa+y/ujGkQHTfJyrzFG3GFtZLU59MkRBL4XL5UYE","preKeyId":3003292}}},"version":"v1"}