{"_sessions":{"BRhD5OQrEF/h2WaAASS9aoCBWZKQko74HscAJIGFB7dr":{"registrationId":458645266,"currentRatchet":{"ephemeralKeyPair":{"pubKey":"BTfY04n9+s4/+JvphGJ5jrIrDs0OILNxa0POTnf1gn1D","privKey":"QPrXInKrS8fq328Vo7m5DtWA9O4tmKPB9ItZUlVrh2I="},"lastRemoteEphemeralKey":"BQj8nDvJNQ/6IZgueZgoJFC+jFhvuu7bmr6nQiJVXaxE","previousCounter":0,"rootKey":"KNZpDygWdOvzYqdTd3O69+vDNRTl//L37D8VZHlRvvE="},"indexInfo":{"baseKey":"BRhD5OQrEF/h2WaAASS9aoCBWZKQko74HscAJIGFB7dr","baseKeyType":1,"closed":-1,"used":1682951144315,"created":1682951144315,"remoteIdentityKey":"BWV9w2Nfs5l4lZQ4sSMU4hhsJxywDyrjz9Ey6xjjWVpg"},"_chains":{"BTfY04n9+s4/+JvphGJ5jrIrDs0OILNxa0POTnf1gn1D":{"chainKey":{"counter":0,"key":"9CmdCXjETvSgHnnOOmfVaHz1q6IQrucOpqV5woPTz3M="},"chainType":1,"messageKeys":{}}},"pendingPreKey":{"signedKeyId":26,"baseKey":"BRhD5OQrEF/h2WaAASS9aoCBWZKQko74HscAJIGFB7dr","preKeyId":8825201}}},"version":"v1"}