{"_sessions":{"BT61NVryQxALPOVXjvtf4VKhy4Q6jQcuvpCichDhf9dJ":{"registrationId":156916696,"currentRatchet":{"ephemeralKeyPair":{"pubKey":"BSXp2BQvzISoeZjG2dZRpX/hSdebBHR5U7YaMam/xnYi","privKey":"qDW1Lt1KEbRG2eKaRzvOz1R1O0jGeWkWwEcO9qUPiEw="},"lastRemoteEphemeralKey":"BfqVczkaeS+8zJP9K1LkPjKfQF8A938IYBdhbToT7bEA","previousCounter":0,"rootKey":"6SnBOk2AkjDETmaJoDy1q0hrnqYHCkpXt7M4dvBnwts="},"indexInfo":{"baseKey":"BT61NVryQxALPOVXjvtf4VKhy4Q6jQcuvpCichDhf9dJ","baseKeyType":1,"closed":-1,"used":1682951144459,"created":1682951144459,"remoteIdentityKey":"BVC+4XfSjjWmHsfjcU+e3Lgun2p92C3B8vSsdZdGDlJT"},"_chains":{"BSXp2BQvzISoeZjG2dZRpX/hSdebBHR5U7YaMam/xnYi":{"chainKey":{"counter":0,"key":"Kckaljysh5RI33t+/+weVikyopD7+lHNGV17g1w8DXo="},"chainType":1,"messageKeys":{}}},"pendingPreKey":{"signedKeyId":15,"baseKey":"BT61NVryQxALPOVXjvtf4VKhy4Q6jQcuvpCichDhf9dJ","preKeyId":9625250}}},"version":"v1"}