{"_sessions":{"BT+PRkJUZfsfST6lmHDL+auOKj6tIcV1XkxR2uVO6zsz":{"registrationId":585174583,"currentRatchet":{"ephemeralKeyPair":{"pubKey":"BRZ0q5G7sGk1lauwpOZNC1wmionTrLYrXcyMPgHfeUR8","privKey":"mI8YjNrmmvVSXwo05cPsnPy5l6BKX8rYs0plX/VWTUY="},"lastRemoteEphemeralKey":"BcGrcCvSnWaKkJJVCcqo73saRUeKKPQQlkQVfZPc3LAv","previousCounter":0,"rootKey":"YsRW9BJe8tMxs+pgB1Sn2yRRDk/3GFZprvMIymidU5g="},"indexInfo":{"baseKey":"BT+PRkJUZfsfST6lmHDL+auOKj6tIcV1XkxR2uVO6zsz","baseKeyType":1,"closed":-1,"used":1682951144382,"created":1682951144382,"remoteIdentityKey":"Bd03Notqkrn/8oHhqFM0CjcuDGDQOwWx9YzCg63FZ/Am"},"_chains":{"BRZ0q5G7sGk1lauwpOZNC1wmionTrLYrXcyMPgHfeUR8":{"chainKey":{"counter":0,"key":"rnn1YDQ8+hYvIlVYj9qIpkIRzfvXFbFy/dHgCl0URbo="},"chainType":1,"messageKeys":{}}},"pendingPreKey":{"signedKeyId":3,"baseKey":"BT+PRkJUZfsfST6lmHDL+auOKj6tIcV1XkxR2uVO6zsz","preKeyId":2765907}}},"version":"v1"}