{"_sessions":{"BYdsOnxiIwwxNGo9UIqbbP8rWwO9SKSislwoEasLrsAf":{"registrationId":1883237268,"currentRatchet":{"ephemeralKeyPair":{"pubKey":"BTj1L7eZnLAJbODWOxpxFAkbuY8T3mpZMLN930Ivx9Ri","privKey":"4K1vGXfw0emIcKUC2JRVO3NNZDn/RdiWKp4SVOM4KWo="},"lastRemoteEphemeralKey":"BajWUia72Npw2x/i6GA4NSkU4G8Q7dRSojxsYQtJCF4I","previousCounter":0,"rootKey":"MHeR5fW/uBqodUTiL9o2khDCg+AiPO/+EMCj5aStDCA="},"indexInfo":{"baseKey":"BYdsOnxiIwwxNGo9UIqbbP8rWwO9SKSislwoEasLrsAf","baseKeyType":1,"closed":-1,"used":1682951144448,"created":1682951144448,"remoteIdentityKey":"BaAD/XG8EJa6S3nCqi3urgv/W5plhdaBFCIq/aKZ1cFj"},"_chains":{"BTj1L7eZnLAJbODWOxpxFAkbuY8T3mpZMLN930Ivx9Ri":{"chainKey":{"counter":0,"key":"C9FjJyefpDQxuZTfCkiK0LOBvI46Ejm4IBJBt+GRxDU="},"chainType":1,"messageKeys":{}}},"pendingPreKey":{"signedKeyId":0,"baseKey":"BYdsOnxiIwwxNGo9UIqbbP8rWwO9SKSislwoEasLrsAf"}}},"version":"v1"}