{"_sessions":{"BSpJHVu8/eFBaROicJNCIY/2d9piJZlmNPl9I91vDrY8":{"registrationId":1754534720,"currentRatchet":{"ephemeralKeyPair":{"pubKey":"Be5rak7Z4k/Q1r403THNHKdEMCDYeHvyvffjQ5uGFrdI","privKey":"mC2jgNu/RZigiY+gRb2UkCEw+Sgez44LzBsXz0BQGmw="},"lastRemoteEphemeralKey":"BY0gWGk2LMTrViHPXCoO5fVyEIOvvzDxVuLQuKcKhRoi","previousCounter":0,"rootKey":"NQZDoyQuEZZJFdNudniC1KZeGA2fL4RkdeUVQajKLjo="},"indexInfo":{"baseKey":"BSpJHVu8/eFBaROicJNCIY/2d9piJZlmNPl9I91vDrY8","baseKeyType":1,"closed":-1,"used":1682951107840,"created":1682951107840,"remoteIdentityKey":"BaiGMDFcHFte/otsXXqDZoBxneAafnfz/RlixUpunR0d"},"_chains":{"Be5rak7Z4k/Q1r403THNHKdEMCDYeHvyvffjQ5uGFrdI":{"chainKey":{"counter":1,"key":"7qPF1HQdjqXahIOGcj6SA0Z0jwSmP/1fVpVVR6xKTog="},"chainType":1,"messageKeys":{}}},"pendingPreKey":{"signedKeyId":4,"baseKey":"BSpJHVu8/eFBaROicJNCIY/2d9piJZlmNPl9I91vDrY8"}}},"version":"v1"}