{"_sessions":{"BbRKTCoEAL0It/ndY9hTwawbZYGqlj/7p9NqcN3ZlS4L":{"registrationId":630407345,"currentRatchet":{"ephemeralKeyPair":{"pubKey":"BXcV3R6rPlncJqQEu84+NR+lKUFmoJ7NKjG0rP0/GM5r","privKey":"0OKr7dyrT8R/5dm7CM1pka4SMVgnG+11BWUpXnq6SUk="},"lastRemoteEphemeralKey":"BQjQ2QV6QYragRzfVmu1W65LaXLRD7JgZCUMhEQ8NJwE","previousCounter":0,"rootKey":"q95xTq47e36Sm/WZmwKipatfQxFZFTAHVNKzTKZjwJ4="},"indexInfo":{"baseKey":"BbRKTCoEAL0It/ndY9hTwawbZYGqlj/7p9NqcN3ZlS4L","baseKeyType":1,"closed":-1,"used":1682946220450,"created":1682946220450,"remoteIdentityKey":"BZ6L0z2wzz92gM3t+Iy9r7Tok1oKwNQlY8XmEQGXn7Uo"},"_chains":{"BXcV3R6rPlncJqQEu84+NR+lKUFmoJ7NKjG0rP0/GM5r":{"chainKey":{"counter":20,"key":"AtILxo3TtvLOVTF6gC3RD6oZlN2/0mUaFW04AwPem8U="},"chainType":1,"messageKeys":{}}},"pendingPreKey":{"signedKeyId":16597733,"baseKey":"BbRKTCoEAL0It/ndY9hTwawbZYGqlj/7p9NqcN3ZlS4L","preKeyId":8317}}},"version":"v1"}