{"_sessions":{"BVyR6ZrvfkFLzrOanvr2UlfvL3yMteQU5TsY5O85WrRB":{"registrationId":298705549,"currentRatchet":{"ephemeralKeyPair":{"pubKey":"BW9ktp1urfaf42llRMVM9wfcC9S81RzlssDiSyzsKzA9","privKey":"AN4jk0SyDHaUa/90utCl62kO6gFU6ShOX8DuQQwMj2o="},"lastRemoteEphemeralKey":"BZNzvXZNL8WTihr4VM/yFstKm2lMB+JJXRVp+EWtQMFq","previousCounter":0,"rootKey":"763rYUnRbQvaFGvlkb+tmBTcRsEyDLzWom9zrqMRYbU="},"indexInfo":{"baseKey":"BVyR6ZrvfkFLzrOanvr2UlfvL3yMteQU5TsY5O85WrRB","baseKeyType":1,"closed":-1,"used":1682951144405,"created":1682951144405,"remoteIdentityKey":"BZ6VfQLP7f68FMVsQJwfMggEuiUD0roStI6SW9OTrqQi"},"_chains":{"BW9ktp1urfaf42llRMVM9wfcC9S81RzlssDiSyzsKzA9":{"chainKey":{"counter":0,"key":"GhsfPzERPo8FIz/ktpuQic3lDgPmrxD0OcEvwi22D/w="},"chainType":1,"messageKeys":{}}},"pendingPreKey":{"signedKeyId":6,"baseKey":"BVyR6ZrvfkFLzrOanvr2UlfvL3yMteQU5TsY5O85WrRB","preKeyId":10456438}}},"version":"v1"}