{"_sessions":{"BW07/AHrD7ZHygu0FjWRyba7VqOZbuQpc3c+/FIkTHVZ":{"registrationId":1706797248,"currentRatchet":{"ephemeralKeyPair":{"pubKey":"BRNG6gA+DWRzwfVKB5nz+NKw2KrUbUo8E7UdM69t+2A2","privKey":"eP++b7/9fz6eu1nYjenBfzvfMP2us8ADh+1d0FUsEmw="},"lastRemoteEphemeralKey":"Ba9PWK/9nEy66LzRt55oJAy8/UIMmqIGZ0C2Qu34EBVt","previousCounter":0,"rootKey":"QSjafU2u6WeMpMPMSMcGxE+JMMfLVVH4avYI5RP8gJQ="},"indexInfo":{"baseKey":"BW07/AHrD7ZHygu0FjWRyba7VqOZbuQpc3c+/FIkTHVZ","baseKeyType":1,"closed":-1,"used":1682951144303,"created":1682951144303,"remoteIdentityKey":"BSXSAHYP/d1hcm4doQCOvDd9oK7AKATf/lrO5ErFGzRQ"},"_chains":{"BRNG6gA+DWRzwfVKB5nz+NKw2KrUbUo8E7UdM69t+2A2":{"chainKey":{"counter":0,"key":"VyYjFogRwsejBetsg/Zm/g+FdQTSrbDKk5SUW/GP/Dw="},"chainType":1,"messageKeys":{}}},"pendingPreKey":{"signedKeyId":0,"baseKey":"BW07/AHrD7ZHygu0FjWRyba7VqOZbuQpc3c+/FIkTHVZ"}}},"version":"v1"}