{"_sessions":{"BVpm4kX+kFFddRKnmilYCo0BdyNKC8n0u7CU7LV/zM8I":{"registrationId":102414631,"currentRatchet":{"ephemeralKeyPair":{"pubKey":"BdNbw+engKBFWRJFrMYXn2pwcGdRoUKKLdmCJFdsKA0j","privKey":"2AZBecHKA7B38KJ/IOCu5ffiApW1bxWjo7FwCcFB1H8="},"lastRemoteEphemeralKey":"BZImaZ1HoevO+X/3gD7OGuMJ3vTFrK04E18A2E6U0UMO","previousCounter":0,"rootKey":"AqEldwnPkEafkhUEIjGTldtJaYw+ZmY8+7mB2aEv14Y="},"indexInfo":{"baseKey":"BVpm4kX+kFFddRKnmilYCo0BdyNKC8n0u7CU7LV/zM8I","baseKeyType":1,"closed":-1,"used":1682951108006,"created":1682951108006,"remoteIdentityKey":"BQIIAx1hm17KNvL5xVGlGhd+FAfkZoLZPPDyWJ3NyiU7"},"_chains":{"BdNbw+engKBFWRJFrMYXn2pwcGdRoUKKLdmCJFdsKA0j":{"chainKey":{"counter":0,"key":"BHBBVBsTuz8YfWzvpI5DBl4sOp/t5S43ql6eiPF76J8="},"chainType":1,"messageKeys":{}}},"pendingPreKey":{"signedKeyId":3,"baseKey":"BVpm4kX+kFFddRKnmilYCo0BdyNKC8n0u7CU7LV/zM8I","preKeyId":660239}}},"version":"v1"}