{"_sessions":{"BSR3MRUmzIiYgCWSOcNod2dopMV7/qs31JmbDEjIXkwx":{"registrationId":14426,"currentRatchet":{"ephemeralKeyPair":{"pubKey":"Bd4ajrzrkLCRLcoHsvbAtdsWMPf0fL3w1iDr8NyZwhsA","privKey":"aCACU96EbOIahcnUyMUA6Tg52B1SRcGf7P8885lUQW4="},"lastRemoteEphemeralKey":"BWLIkzHK2O8VzJZWJAcJwMhqLdPNxXdGowm+eGr556ds","previousCounter":0,"rootKey":"zwq3zbn+lsxifG7vMUKB/PxKBjcHtscMdzk10fXRN4g="},"indexInfo":{"baseKey":"BSR3MRUmzIiYgCWSOcNod2dopMV7/qs31JmbDEjIXkwx","baseKeyType":1,"closed":-1,"used":1682951107524,"created":1682951107524,"remoteIdentityKey":"BQ0a57pIf9DXmhTysDWLEThqjXYFJ0x97Wm09M6r9AAm"},"_chains":{"Bd4ajrzrkLCRLcoHsvbAtdsWMPf0fL3w1iDr8NyZwhsA":{"chainKey":{"counter":0,"key":"F7lsTuNLPDyDDfWXrcEIzVAayuwVCk/8RFqZhsnHxTU="},"chainType":1,"messageKeys":{}}},"pendingPreKey":{"signedKeyId":1,"baseKey":"BSR3MRUmzIiYgCWSOcNod2dopMV7/qs31JmbDEjIXkwx"}}},"version":"v1"}