{"_sessions":{"BYFzTivQlUhFOyhAKpdo0kTNm0YGE9ZkA2F51npW5UBy":{"registrationId":2015187247,"currentRatchet":{"ephemeralKeyPair":{"pubKey":"BYQ8XRu3fnK5CtMAKrFFN+YDR0czqloLzl+ZUXhG4/VE","privKey":"WFArXrC3B6zeJKhNayeCUtpGRoBLSZ94GNkdTGedTEo="},"lastRemoteEphemeralKey":"BaB1rNFCqPJTvWgAYrL32mPzIA2I+sdhHt5BD1ldLcU3","previousCounter":0,"rootKey":"5SW2ojNboXB0KD/3DeFIIZDcgPOmIsAbnZG7cHv/KyA="},"indexInfo":{"baseKey":"BYFzTivQlUhFOyhAKpdo0kTNm0YGE9ZkA2F51npW5UBy","baseKeyType":1,"closed":-1,"used":1682951144437,"created":1682951144437,"remoteIdentityKey":"BX1H4spkXR73euiKVDonxZSOfzMzsBIOxTxfYwgn4vox"},"_chains":{"BYQ8XRu3fnK5CtMAKrFFN+YDR0czqloLzl+ZUXhG4/VE":{"chainKey":{"counter":0,"key":"uGEvfRDMnouBoW7FkqKiMjX5NXj5I+P+oI9vDORnSjk="},"chainType":1,"messageKeys":{}}},"pendingPreKey":{"signedKeyId":4,"baseKey":"BYFzTivQlUhFOyhAKpdo0kTNm0YGE9ZkA2F51npW5UBy","preKeyId":16332613}}},"version":"v1"}