{"_sessions":{"Baib87Wb7dvPt0Lj17TOnNvjWeDWMxfjlsUjV65QLDsK":{"registrationId":705413497,"currentRatchet":{"ephemeralKeyPair":{"pubKey":"BSZvpDn78faSPWBmPV47hh55+NLdrk2BBliPsV9z8oxQ","privKey":"kFZZ38xpsjlziC5o81tIR479l1WF/G6ro8+bmZWlemc="},"lastRemoteEphemeralKey":"BXTfb9vlJovQqArg6l/pyzTPGzvrLhxPDepTCNoeYmU/","previousCounter":0,"rootKey":"zfkzInYEJ8PLWakMXvbuyT0iafibT/6WEBSSLCK6bW8="},"indexInfo":{"baseKey":"Baib87Wb7dvPt0Lj17TOnNvjWeDWMxfjlsUjV65QLDsK","baseKeyType":1,"closed":-1,"used":1682951144398,"created":1682951144398,"remoteIdentityKey":"BfS2ACi+kgfJcFux5H5zS5og8wxScJ3XKPe8cqpujHYN"},"_chains":{"BSZvpDn78faSPWBmPV47hh55+NLdrk2BBliPsV9z8oxQ":{"chainKey":{"counter":0,"key":"FK/+lOQghlsGaW5KNDz/QCc0K2jIk11ZyNauRxkk6t0="},"chainType":1,"messageKeys":{}}},"pendingPreKey":{"signedKeyId":2,"baseKey":"Baib87Wb7dvPt0Lj17TOnNvjWeDWMxfjlsUjV65QLDsK","preKeyId":4366144}}},"version":"v1"}