{"_sessions":{"Bcb9vRHZs+PcJOy7zU2X55FF9JhcVvwMH3IaHighyaN5":{"registrationId":568658962,"currentRatchet":{"ephemeralKeyPair":{"pubKey":"BUVpz1SgzzDCiV2xf1u+HbmJSUhNkhyatZ0bJ5aU+Ap9","privKey":"0NMF/zgPWwClauCxpfhpBLkzeITL+vRhK1PH4qZcX1I="},"lastRemoteEphemeralKey":"BRHSkJbcOe4juZ1ujA7B4BUzWDsN/2CN8xk+vhKWDIQE","previousCounter":2,"rootKey":"GORRMn5h3qxLoAKdBO6pCfHkXql4QcEvu6QF/o+Knkw="},"indexInfo":{"baseKey":"Bcb9vRHZs+PcJOy7zU2X55FF9JhcVvwMH3IaHighyaN5","baseKeyType":1,"closed":-1,"used":1682947054084,"created":1682946220390,"remoteIdentityKey":"Bddcg4BEPcTdP1s3I6dPr60QHnqZM8uvccd7uPKsTAtq"},"_chains":{"BYDmFscW3wJiVCmQ0Pi3YgqP0tVe7Jv1M8myN2YSdJ8U":{"chainKey":{"counter":0},"chainType":2,"messageKeys":{}},"BRHSkJbcOe4juZ1ujA7B4BUzWDsN/2CN8xk+vhKWDIQE":{"chainKey":{"counter":0,"key":"sOY+P+QSR44F2MfkNAr7gkl7riHvG1HRyatX2Zd9Kao="},"chainType":2,"messageKeys":{}},"BUVpz1SgzzDCiV2xf1u+HbmJSUhNkhyatZ0bJ5aU+Ap9":{"chainKey":{"counter":3,"key":"/FZvhbRQDA7LWUgNLKKbobicoaRz469Rhj77iyWGOHk="},"chainType":1,"messageKeys":{}}}}},"version":"v1"}