{"_sessions":{"BaYLIpxy/J+ApNeZd3XBL2HhnViCd7ob4AVDIUEjV8wN":{"registrationId":1643912061,"currentRatchet":{"ephemeralKeyPair":{"pubKey":"BYqzVTFWVGb1beA9nCWr6REFoy0dZFZ0dLUre9KnEDxW","privKey":"CAr01/h5YoVvgBM8QQVMe/1uy+xIPrvN1czhjLEHt38="},"lastRemoteEphemeralKey":"Bc9YQIp7bA7eGOpk8Mc2VEVv4vryeavI5NvJZcHbJR5U","previousCounter":0,"rootKey":"0KkJbUV6x94w4yCe+3T0XsVyenmGDQfUpCh3geZkQ4w="},"indexInfo":{"baseKey":"BaYLIpxy/J+ApNeZd3XBL2HhnViCd7ob4AVDIUEjV8wN","baseKeyType":1,"closed":-1,"used":1682951107951,"created":1682951107951,"remoteIdentityKey":"BfFAN20IpHt9fr3NnyDWamhoBQUdQ2gcA/4TOfb9Ejgu"},"_chains":{"BYqzVTFWVGb1beA9nCWr6REFoy0dZFZ0dLUre9KnEDxW":{"chainKey":{"counter":0,"key":"Ux8ZGoXffvo75y5xZdNPGLFAtt7HQ7soFtzCC+Xq9Lw="},"chainType":1,"messageKeys":{}}},"pendingPreKey":{"signedKeyId":0,"baseKey":"BaYLIpxy/J+ApNeZd3XBL2HhnViCd7ob4AVDIUEjV8wN","preKeyId":5263441}}},"version":"v1"}