{"_sessions":{"BTPN/EDPX4GtI7O/vlQlAwC5UqTCey1c8XQV9ZtkUfV/":{"registrationId":184,"currentRatchet":{"ephemeralKeyPair":{"pubKey":"BUx4TkHuFV+FbcY6ZAs9wdzoKjgH3TTwYmNuE3AglplT","privKey":"CF2FtdGrV4hSLoFYUVPSf/LETNA/W4f9EFDnkKmjhWg="},"lastRemoteEphemeralKey":"BfrkSGBooF6gCiVeZTngL56zpmt6+ZPPvpaeltHgRMo1","previousCounter":0,"rootKey":"bPLKfn5mhxbdxSVs21zFHLWdpi/O9aOe4BLyOqCSGfw="},"indexInfo":{"baseKey":"BTPN/EDPX4GtI7O/vlQlAwC5UqTCey1c8XQV9ZtkUfV/","baseKeyType":1,"closed":-1,"used":1682951144081,"created":1682951144081,"remoteIdentityKey":"BVyYqa96R+49eFEgPOHEXwgDMIcWhrZrDZp2Lz196QEL"},"_chains":{"BUx4TkHuFV+FbcY6ZAs9wdzoKjgH3TTwYmNuE3AglplT":{"chainKey":{"counter":0,"key":"7a5RJMaL3P0jxkDBw3L0gJvjjKwBbF1M+Z4A4cj2Wt8="},"chainType":1,"messageKeys":{}}},"pendingPreKey":{"signedKeyId":2,"baseKey":"BTPN/EDPX4GtI7O/vlQlAwC5UqTCey1c8XQV9ZtkUfV/","preKeyId":2145}}},"version":"v1"}