{"_sessions":{"BYYyJq5yKV6jgeB3sE2eeoCXTUC+rIn7wQ6BSPWJA1E+":{"registrationId":1126610056,"currentRatchet":{"ephemeralKeyPair":{"pubKey":"BROYfHfDfRdxlACDTnW9jN+95Dnomxzcj8bmeljefatN","privKey":"eAL7wHII2vyKj5sIgBWyRQezBZSFjIAnv946pSBrrmI="},"lastRemoteEphemeralKey":"Be5OPiPdbv3/L149V5ykt9CVaE6kgG7bE1oI2XjXwMED","previousCounter":0,"rootKey":"CXNHrdQg6iJjA26idycX3uVXlzB7y602L9ITHOEYIUQ="},"indexInfo":{"baseKey":"BYYyJq5yKV6jgeB3sE2eeoCXTUC+rIn7wQ6BSPWJA1E+","baseKeyType":1,"closed":-1,"used":1682951107971,"created":1682951107971,"remoteIdentityKey":"BXUe1SPVOPzq5PqYSDAEiwDpZZfkFCVb0lIBhIuTLiZQ"},"_chains":{"BROYfHfDfRdxlACDTnW9jN+95Dnomxzcj8bmeljefatN":{"chainKey":{"counter":0,"key":"a0Fwnlb22QTHnlbV7i9r+74DdZg5lFeArafbHVgcB8k="},"chainType":1,"messageKeys":{}}},"pendingPreKey":{"signedKeyId":10,"baseKey":"BYYyJq5yKV6jgeB3sE2eeoCXTUC+rIn7wQ6BSPWJA1E+","preKeyId":7668737}}},"version":"v1"}