{"_sessions":{"BTgvyp2po4sCT1afSgZ8yRxzSZDesbhICiPEff21xrAf":{"registrationId":877476864,"currentRatchet":{"ephemeralKeyPair":{"pubKey":"BV+LF3Jr5OFBo2einJlZNoOLMro9YSaU8m7502Jz/JVi","privKey":"EIK2SCkAW3FSHZyvijSJqs+lCCgv/k4NuxztAUlr3X4="},"lastRemoteEphemeralKey":"BU/3/cocHGDsapCpKeiEJBuRmyMqYkIOIS/rJ+LTk2RU","previousCounter":0,"rootKey":"iJemZPDAGFN9uGdhWfMSFZB82dWr/tb767ZvTomUsAs="},"indexInfo":{"baseKey":"BTgvyp2po4sCT1afSgZ8yRxzSZDesbhICiPEff21xrAf","baseKeyType":1,"closed":-1,"used":1682951144319,"created":1682951144319,"remoteIdentityKey":"BZsVnhLyCGZzSIMFCuiPhrCtvIFDYxJ0sn/XyUKxMbBi"},"_chains":{"BV+LF3Jr5OFBo2einJlZNoOLMro9YSaU8m7502Jz/JVi":{"chainKey":{"counter":0,"key":"RT9XyHnei0XhOdp8STwSMSHt7aoGPDo7HiIdNiBQE/o="},"chainType":1,"messageKeys":{}}},"pendingPreKey":{"signedKeyId":8,"baseKey":"BTgvyp2po4sCT1afSgZ8yRxzSZDesbhICiPEff21xrAf","preKeyId":6725835}}},"version":"v1"}