{"_sessions":{"BXqUOMJsRn0uDg/n7/VAfaYHgwTn7GJqULa1kaHBNKJP":{"registrationId":1063192180,"currentRatchet":{"ephemeralKeyPair":{"pubKey":"Bce21JIyotqQZsSo4mlzGtxXZYlpSr1I4Nl9fAM0/v4j","privKey":"yKfFpAclDsoZGZfp86RRR9n5w/noOkmJaJyVcqNuoH8="},"lastRemoteEphemeralKey":"Bb/qTZV9sk/LMNAB6D8PyEJN2e0CpIshZjPwuY6U5Bwm","previousCounter":0,"rootKey":"4aIrWP8fUp7Eoio/z0dKg7oYklIILfXwQLNR8nU1BAs="},"indexInfo":{"baseKey":"BXqUOMJsRn0uDg/n7/VAfaYHgwTn7GJqULa1kaHBNKJP","baseKeyType":1,"closed":-1,"used":1682951107865,"created":1682951107865,"remoteIdentityKey":"BRs/aFRlZNBrGK1e992W+uNyPbsjfhM50nPg5ZoC1Ic3"},"_chains":{"Bce21JIyotqQZsSo4mlzGtxXZYlpSr1I4Nl9fAM0/v4j":{"chainKey":{"counter":0,"key":"Mf1MtuVrjQxTJ1pMOh2/O3JClwpMvcOXdeOYHtaa43c="},"chainType":1,"messageKeys":{}}},"pendingPreKey":{"signedKeyId":12,"baseKey":"BXqUOMJsRn0uDg/n7/VAfaYHgwTn7GJqULa1kaHBNKJP"}}},"version":"v1"}