{"_sessions":{"BZXz2OppZr8ZjdYCdatgknrn1myT22InsjoZyPY7fnwN":{"registrationId":1354163731,"currentRatchet":{"ephemeralKeyPair":{"pubKey":"BaHu77RcBb7QOtOFZK5F6xSzJKly06iIwjxtBYsOeCtp","privKey":"AHDpE7uWsFAmUpglkbb0YIYR4fDIXNVqBYi8M5ckgHQ="},"lastRemoteEphemeralKey":"Bd8nYrwHXIKjlXlvdOjm82sIFoOA+pDtbegVl6qh8/02","previousCounter":0,"rootKey":"AccL5CqGVAYE1NJ55M887Ns//CNG9ChTrG1UncXIEP8="},"indexInfo":{"baseKey":"BZXz2OppZr8ZjdYCdatgknrn1myT22InsjoZyPY7fnwN","baseKeyType":1,"closed":-1,"used":1682951144307,"created":1682951144307,"remoteIdentityKey":"Bcw+tzB6ZZ0Hc8MSAjqHC3B10RbPYGR4PaWRn0RA7bVg"},"_chains":{"BaHu77RcBb7QOtOFZK5F6xSzJKly06iIwjxtBYsOeCtp":{"chainKey":{"counter":0,"key":"6HiQzi4NksYlFhknTBFG4HBs3EKu4PGgM7TcRsJpPPI="},"chainType":1,"messageKeys":{}}},"pendingPreKey":{"signedKeyId":9,"baseKey":"BZXz2OppZr8ZjdYCdatgknrn1myT22InsjoZyPY7fnwN","preKeyId":14179887}}},"version":"v1"}