{"_sessions":{"BYJxjz9N2vxgNzr3KxgXV3USqS0QOvRTK3jaueexigg+":{"registrationId":1146977959,"currentRatchet":{"ephemeralKeyPair":{"pubKey":"BZMNntnx1V+gyf0uZVMjbres2Odr473M1oaGPQA4a0hI","privKey":"6HkLJwukHp7Fzcw+KKw2zrwLTMMbaRO1vcL5pS/EinA="},"lastRemoteEphemeralKey":"BaL0xhPORbZ8paRG8k91eKAgnP65o/788V50kO8I7Lkv","previousCounter":0,"rootKey":"xfPYDtONxfItNiEkAuzbiiusTb+jwOLOAV4PITafk2s="},"indexInfo":{"baseKey":"BYJxjz9N2vxgNzr3KxgXV3USqS0QOvRTK3jaueexigg+","baseKeyType":1,"closed":-1,"used":1682951108035,"created":1682951108035,"remoteIdentityKey":"Babx1Dtw9PtUGt2rprPqo4B8UzGHcU2c88Yx5aZ8Oa8I"},"_chains":{"BZMNntnx1V+gyf0uZVMjbres2Odr473M1oaGPQA4a0hI":{"chainKey":{"counter":0,"key":"o1tifqU8vHst/3frb4i2nDK0nqfVcPnxfAPVWF1OkKE="},"chainType":1,"messageKeys":{}}},"pendingPreKey":{"signedKeyId":9,"baseKey":"BYJxjz9N2vxgNzr3KxgXV3USqS0QOvRTK3jaueexigg+","preKeyId":9675882}}},"version":"v1"}