{"_sessions":{"BTv6dWY/hfL6jEeQOvFFrr9bLXpqWR1s1cCl0+6WjLIK":{"registrationId":1482986535,"currentRatchet":{"ephemeralKeyPair":{"pubKey":"BfZFKXB2ymHaQV+wz2+HMv1l4S2f+mgpL5QFYfS6XkBZ","privKey":"wGnUF/EJ+9iY7y9hNAs5CQNKwZOlnjxkDQmH28uQO2A="},"lastRemoteEphemeralKey":"BWzE2vvxSqd/AJt/0xygS8eHYlwzVfdCpNfPxrDyz7Rm","previousCounter":0,"rootKey":"ypfdscp6x+nfmGNjoU4Z9DAMM/fdYCl2LR87azrh4/4="},"indexInfo":{"baseKey":"BTv6dWY/hfL6jEeQOvFFrr9bLXpqWR1s1cCl0+6WjLIK","baseKeyType":1,"closed":-1,"used":1682951144370,"created":1682951144370,"remoteIdentityKey":"Bfcdy5WJfVt0r+AwJ4jzfxSgSi47drJC6qC5/8HnhRJI"},"_chains":{"BfZFKXB2ymHaQV+wz2+HMv1l4S2f+mgpL5QFYfS6XkBZ":{"chainKey":{"counter":0,"key":"8IpSTzwKr3tIIy3Xcp0VDJm6/wEHs3AaS+Xr7ktgOg8="},"chainType":1,"messageKeys":{}}},"pendingPreKey":{"signedKeyId":4,"baseKey":"BTv6dWY/hfL6jEeQOvFFrr9bLXpqWR1s1cCl0+6WjLIK","preKeyId":12364843}}},"version":"v1"}