{"_sessions":{"BZ0r5gVouW0xSZeTTznmUem61ii8GLqeqGd+NQTYkVxy":{"registrationId":796060495,"currentRatchet":{"ephemeralKeyPair":{"pubKey":"BZ92U3TNlsjYU5NU9nrdtcjJr1zef3FOMRDveCaFjZwe","privKey":"kPEQaPOg304CzjFmP+KSP/JbgOZ5ClvahAgrpmgJc1M="},"lastRemoteEphemeralKey":"BcvhyGhj+eHF7mJ6IZOsW9LXPqGdErUN1mF5s7L/qe0x","previousCounter":0,"rootKey":"wniw4NSo8Ur84lJ9nxF2vac/j05puZUS5z4zqVzph14="},"indexInfo":{"baseKey":"BZ0r5gVouW0xSZeTTznmUem61ii8GLqeqGd+NQTYkVxy","baseKeyType":1,"closed":-1,"used":1682951108055,"created":1682951108055,"remoteIdentityKey":"BR4GYhzpUViFf5il2g/fmGkNJYetrqujO5Y1K7JHDcUw"},"_chains":{"BZ92U3TNlsjYU5NU9nrdtcjJr1zef3FOMRDveCaFjZwe":{"chainKey":{"counter":0,"key":"8xNzYwzyEA8wD8ojWzyexeDnzkPvGeBQIubPNX3ziWA="},"chainType":1,"messageKeys":{}}},"pendingPreKey":{"signedKeyId":15,"baseKey":"BZ0r5gVouW0xSZeTTznmUem61ii8GLqeqGd+NQTYkVxy","preKeyId":5806789}}},"version":"v1"}