{"_sessions":{"Bej1JNF0EMKaYfru3sXC9NECihcl21QQs8o9Wq8rUPI2":{"registrationId":13717,"currentRatchet":{"ephemeralKeyPair":{"pubKey":"BXmGuRS6Q3jRI6p9lT0el3I8hWQI8gFKob1ePxiN89cA","privKey":"aMyNZRV/ZW9pPb9zGJpuOR7IRf4MLDykf6eczR7VBVA="},"lastRemoteEphemeralKey":"BYF+VKeurJkcU6bxpj9vEDgR20Ay4q1cFNIzEmLJUeRe","previousCounter":0,"rootKey":"GVsLEGERfmGZN7N0WM4YnI7/kqT2exCeC4Lv/94joWQ="},"indexInfo":{"baseKey":"Bej1JNF0EMKaYfru3sXC9NECihcl21QQs8o9Wq8rUPI2","baseKeyType":1,"closed":-1,"used":1682951107492,"created":1682951107492,"remoteIdentityKey":"BaRF9aiM2ERuxkgVWopfgg8wpZNdNHRCIAEQ7T6IMPRC"},"_chains":{"BXmGuRS6Q3jRI6p9lT0el3I8hWQI8gFKob1ePxiN89cA":{"chainKey":{"counter":0,"key":"GTUVJoeR+hMRGv0oOAzVELw/uV0OrtZNo76vWtnz1/g="},"chainType":1,"messageKeys":{}}},"pendingPreKey":{"signedKeyId":1,"baseKey":"Bej1JNF0EMKaYfru3sXC9NECihcl21QQs8o9Wq8rUPI2"}}},"version":"v1"}