{"_sessions":{"BV2hNsu4Q0jtwwaIaWXJxA/fgX9PWhrmJTDpJpis3so9":{"registrationId":84335495,"currentRatchet":{"ephemeralKeyPair":{"pubKey":"BR/9KhKGNxJtTunnj1stqt4+mh0LHZD3o3MpxJs6A349","privKey":"MGDFFqO8zrui4cErEa7ZiCzZqqjIVgLhDzZLrld392k="},"lastRemoteEphemeralKey":"BdbKoo/pTqWNDCrJt4998tpbv+Pbkk1qdeoj/dCx7q80","previousCounter":4,"rootKey":"zS3waU30A3iqp+CElyVAUFsGzqjZEu1xCsJrJABs2rQ="},"indexInfo":{"baseKey":"BV2hNsu4Q0jtwwaIaWXJxA/fgX9PWhrmJTDpJpis3so9","baseKeyType":1,"closed":-1,"used":1682951189726,"created":1682946220417,"remoteIdentityKey":"BVwijejHipZvB7X5Ze86dSvarZKU+cYkcnJ7ejKKTjAB"},"_chains":{"BX5zaJaDSRKnpH2MBk3apCuwb8N7O4c0djhVFVktZFZJ":{"chainKey":{"counter":0},"chainType":2,"messageKeys":{}},"BdbKoo/pTqWNDCrJt4998tpbv+Pbkk1qdeoj/dCx7q80":{"chainKey":{"counter":0,"key":"bcYA0mlIBytU7LM6/ioSFmIuJeOz24sl6ktjGTUTYcg="},"chainType":2,"messageKeys":{}},"BR/9KhKGNxJtTunnj1stqt4+mh0LHZD3o3MpxJs6A349":{"chainKey":{"counter":1,"key":"Q8+olmSwRL+LMvPGkjQ46oQq8WkUx5UJxu0+p7uxX9Y="},"chainType":1,"messageKeys":{}}}}},"version":"v1"}