{"_sessions":{"BXIuw5ofDAfn9khSgno3OCYvkCjcXRQfgO0JqoSSliYr":{"registrationId":9578,"currentRatchet":{"ephemeralKeyPair":{"pubKey":"BV4G3qkR2xx9gZX+/ZpZg5ElTRMvDxlpfMNPpwrTUfE1","privKey":"WPTmF/lM2cmCQt/HfjTxBwYZlN8yXvX6xTlB0vnjHEE="},"lastRemoteEphemeralKey":"BbPp3j8SsF1azzKaV6YBe8tYhTEuRqt11BPPSrmOFB4a","previousCounter":0,"rootKey":"MVVMNXfaY1LmHaZ4HqrAlmILwMPqjBklln1w/MLCNO0="},"indexInfo":{"baseKey":"BXIuw5ofDAfn9khSgno3OCYvkCjcXRQfgO0JqoSSliYr","baseKeyType":1,"closed":-1,"used":1682951144066,"created":1682951144066,"remoteIdentityKey":"BagqqzhVuu1h55UCkI49pmHGRPzV/8h5FSwereeFQSVd"},"_chains":{"BV4G3qkR2xx9gZX+/ZpZg5ElTRMvDxlpfMNPpwrTUfE1":{"chainKey":{"counter":0,"key":"uhTGNr5jdAwA2tgwl012B3vYE1IPxUFoDVfjDRSOteY="},"chainType":1,"messageKeys":{}}},"pendingPreKey":{"signedKeyId":2,"baseKey":"BXIuw5ofDAfn9khSgno3OCYvkCjcXRQfgO0JqoSSliYr","preKeyId":226}}},"version":"v1"}