{"_sessions":{"BQCY5sR6jwjcZ8NvBX/b9ogYK4DxSpBENCrqHK3kwBMz":{"registrationId":487705072,"currentRatchet":{"ephemeralKeyPair":{"pubKey":"Bd5hIKjkgo36Evem3UrbfjCraScxQHTzGsdC7jzgg2Fd","privKey":"ONCf6wrdfYKRs8PLUaxg5qLDsgn6ZY2USHICuaVI+3I="},"lastRemoteEphemeralKey":"BaXEWBTz5nE9ppCr2x9pQDsaqyCWaP6f4u70DwG/VKp2","previousCounter":0,"rootKey":"CHi858GDZhG8eyjvTBkQpeaiveY+Lbsry8WAS4qVkAA="},"indexInfo":{"baseKey":"BQCY5sR6jwjcZ8NvBX/b9ogYK4DxSpBENCrqHK3kwBMz","baseKeyType":1,"closed":-1,"used":1682951107803,"created":1682951107803,"remoteIdentityKey":"BWpLFxJN6+iukKDBrGlsbQNSHvKxNMuJO03zH13RabRC"},"_chains":{"Bd5hIKjkgo36Evem3UrbfjCraScxQHTzGsdC7jzgg2Fd":{"chainKey":{"counter":0,"key":"33Lz2MLjiG9y2sE/0TRncm0OUm3hcNKNistn0j6JXKE="},"chainType":1,"messageKeys":{}}},"pendingPreKey":{"signedKeyId":20,"baseKey":"BQCY5sR6jwjcZ8NvBX/b9ogYK4DxSpBENCrqHK3kwBMz","preKeyId":9759576}}},"version":"v1"}