{"_sessions":{"BVGktnU3EVzFX5CiN/PeU7dUZUzlzyvfgE6RQF1rRPd/":{"registrationId":1054361735,"currentRatchet":{"ephemeralKeyPair":{"pubKey":"BeC2PEXC2xDuCKE+538wwGDaIJtnkXCqRjbqpfAoOrUK","privKey":"gLATLWLdKDffKyxDHnaSoSfNEp4lFrUu1OWbmOi+4F4="},"lastRemoteEphemeralKey":"BS4LR/WexwbTqBSvAt6wofI9t+/WVWmm8mbraFefi1QL","previousCounter":0,"rootKey":"oa5d79rk4+bIVdqZh3leHQuoIDoGRrxGin8A61B9bB0="},"indexInfo":{"baseKey":"BVGktnU3EVzFX5CiN/PeU7dUZUzlzyvfgE6RQF1rRPd/","baseKeyType":1,"closed":-1,"used":1682951108086,"created":1682951108086,"remoteIdentityKey":"BZgWrBlnOFhPNhJ7IfTvQLd6AL7QIbvS7sogsZaMY2o1"},"_chains":{"BeC2PEXC2xDuCKE+538wwGDaIJtnkXCqRjbqpfAoOrUK":{"chainKey":{"counter":0,"key":"75etoX5mnbdhtkrsijgfz9lCLwtUwTGwcqUNDVa6iFc="},"chainType":1,"messageKeys":{}}},"pendingPreKey":{"signedKeyId":3,"baseKey":"BVGktnU3EVzFX5CiN/PeU7dUZUzlzyvfgE6RQF1rRPd/","preKeyId":10668550}}},"version":"v1"}