{"_sessions":{"BfmcCYC6fo9qUAjjaph2+Cu4xB1XDeBt5YvLgRmA2pAe":{"registrationId":1185963805,"currentRatchet":{"ephemeralKeyPair":{"pubKey":"BS6Z6rG6MaUdq9cn5U8BXj9dsj/h1ar3ZB1nBtBKsCAV","privKey":"6EynWWcyJJyNE3cr0QXw0pVT6eEruWCICU8RSaU2jmA="},"lastRemoteEphemeralKey":"BcUYbtPU6dZIKihF85DJTAnl8quGscQq2HtPn7Hjpftb","previousCounter":0,"rootKey":"fsI1LoUyCk/TwJuMriPFmTar/SYG8EF2f6z3pllb1Bs="},"indexInfo":{"baseKey":"BfmcCYC6fo9qUAjjaph2+Cu4xB1XDeBt5YvLgRmA2pAe","baseKeyType":1,"closed":-1,"used":1682951144287,"created":1682951144287,"remoteIdentityKey":"BSjiV93sdQYdC7CvRmag9qpACftr+VRf5a2fLoGDtT5t"},"_chains":{"BS6Z6rG6MaUdq9cn5U8BXj9dsj/h1ar3ZB1nBtBKsCAV":{"chainKey":{"counter":0,"key":"gISMl3fzeXZl28gqyfQiOhC4XnDMGHQkJLMOpDXuynY="},"chainType":1,"messageKeys":{}}},"pendingPreKey":{"signedKeyId":1,"baseKey":"BfmcCYC6fo9qUAjjaph2+Cu4xB1XDeBt5YvLgRmA2pAe","preKeyId":341708}}},"version":"v1"}