{"_sessions":{"Bc//NIWRWbr4Vr4fE01Qr43IWC+bNYL9sSSChBATBO0y":{"registrationId":888536386,"currentRatchet":{"ephemeralKeyPair":{"pubKey":"BdrNcC+Gr1/5nmGHBsYDugAktFmywz/kIIDEDJqFWCI3","privKey":"cPDydNwZ4AnAA9y1mdx7GHfzoLF/Pl62b3OcQ4OOkkg="},"lastRemoteEphemeralKey":"BT0PaWlHnHfT9v02UIf9ZSnXp0GzfJcRqPVfNlpcyjA2","previousCounter":0,"rootKey":"itq63N9uUpfsM7WzZvlS5zwMLX6LKCeOrLkB1Xp4kHg="},"indexInfo":{"baseKey":"Bc//NIWRWbr4Vr4fE01Qr43IWC+bNYL9sSSChBATBO0y","baseKeyType":1,"closed":-1,"used":1682951108012,"created":1682951108012,"remoteIdentityKey":"Bey03ZdlJHawCNkYjL1q3rdbM3PFubqIkxfy3ul+WiIT"},"_chains":{"BdrNcC+Gr1/5nmGHBsYDugAktFmywz/kIIDEDJqFWCI3":{"chainKey":{"counter":0,"key":"LIyRfrsLSbxukl6qGMAHmxUCjfl/aYSHLuizfTq8haE="},"chainType":1,"messageKeys":{}}},"pendingPreKey":{"signedKeyId":2,"baseKey":"Bc//NIWRWbr4Vr4fE01Qr43IWC+bNYL9sSSChBATBO0y","preKeyId":7827713}}},"version":"v1"}