{"_sessions":{"BZi5W1GSo3a5YV6tZpjzI+XOsm3CtFR4fIVOIxuJxPIC":{"registrationId":386133280,"currentRatchet":{"ephemeralKeyPair":{"pubKey":"BayivtsYzniXexA2MbmrNbktYidGfDcmahu2yZUDALlf","privKey":"WIxndxgWW9UFSPphAgovd5SftphD7fYRqjUUwUK/vV4="},"lastRemoteEphemeralKey":"BRBPr9XSn1dp/O2DI8+W3kg1SMuvpQC94lDfUg8qeHRE","previousCounter":4,"rootKey":"kgrTJhc0dP0Okrp89UsU0KOx2AQXa15+o1v2un9Dpzg="},"indexInfo":{"baseKey":"BZi5W1GSo3a5YV6tZpjzI+XOsm3CtFR4fIVOIxuJxPIC","baseKeyType":1,"closed":-1,"used":1682951182554,"created":1682946220521,"remoteIdentityKey":"BZXOIrLBgalkV744eXy4DZDCeYX8v62CaDfQXvdsmrNb"},"_chains":{"BUloINZ4UBvBe6VsuLVv9HwSd3Yoo3G7R8Rmz0qSHhln":{"chainKey":{"counter":0},"chainType":2,"messageKeys":{}},"BRBPr9XSn1dp/O2DI8+W3kg1SMuvpQC94lDfUg8qeHRE":{"chainKey":{"counter":1,"key":"LeENDA+QwX2DBvHc7dEJH3qSwBCnmwPcHsSdOtUiupc="},"chainType":2,"messageKeys":{}},"BayivtsYzniXexA2MbmrNbktYidGfDcmahu2yZUDALlf":{"chainKey":{"counter":1,"key":"teBcoBJ67PS6GNl8faQRlvYZBIgd1r13oiO9kOF50nU="},"chainType":1,"messageKeys":{}}}}},"version":"v1"}