{"_sessions":{"BbH7jEzkGwcctuaxyDOLk0WQJucaZhOLWJdJjyv2vVJL":{"registrationId":1438217126,"currentRatchet":{"ephemeralKeyPair":{"pubKey":"BU7lbM64YrPDeg0JLOxRfWs/lx3edDs8dEivymZBHxEb","privKey":"WIqeGRaLUJU8Z2wVGTXuGIkui1OVTdmySqP27k+LQmM="},"lastRemoteEphemeralKey":"BXJhf6L68qHWhR1yN4oZJOUFvgH38oggFDboXSuUgltV","previousCounter":0,"rootKey":"rHnmocInWgrXYARCoZlPIfdG/N9CD/J3hbS5Vfv+uwI="},"indexInfo":{"baseKey":"BbH7jEzkGwcctuaxyDOLk0WQJucaZhOLWJdJjyv2vVJL","baseKeyType":1,"closed":-1,"used":1682951107965,"created":1682951107965,"remoteIdentityKey":"BSUZaSHX9wmxCGNbk40rb2K56MQ1WLABLr590M89PhEH"},"_chains":{"BU7lbM64YrPDeg0JLOxRfWs/lx3edDs8dEivymZBHxEb":{"chainKey":{"counter":1,"key":"k3ag6MlO9dUlsyqx7w8ORw+isQLiTa/VMOdLxKvlRog="},"chainType":1,"messageKeys":{}}},"pendingPreKey":{"signedKeyId":1,"baseKey":"BbH7jEzkGwcctuaxyDOLk0WQJucaZhOLWJdJjyv2vVJL","preKeyId":5930556}}},"version":"v1"}