{"_sessions":{"BTrHozj2lhHRWut7tmWmqhnEEhKEs82V7VLkWtrSy6ME":{"registrationId":1814787987,"currentRatchet":{"ephemeralKeyPair":{"pubKey":"BR6jthuk0xo+JL+vY977MERmltqzhXWVKTzYEuiWkhl9","privKey":"uPzkdSMRqxX7xJG0BxT5eNsUU8kP4w1Cf1itfU0U418="},"lastRemoteEphemeralKey":"BTaa0NUpECwtX+QGpmUznRw/LUikNkoPVbBswDygCqct","previousCounter":3,"rootKey":"Lymdvwu7jTw4fF2xrIBMYmpQwv5Cg5EOz2U2RAnVUmQ="},"indexInfo":{"baseKey":"BTrHozj2lhHRWut7tmWmqhnEEhKEs82V7VLkWtrSy6ME","baseKeyType":1,"closed":-1,"used":1682951399849,"created":1682946220509,"remoteIdentityKey":"BSvg/AZISWf1PJxxQy/PbPig5QFbW4il8GaH//QNEC19"},"_chains":{"BV3zC6cOgOAPzuSEf97UvZQnETfsYiWs71UBukGdJpcD":{"chainKey":{"counter":0},"chainType":2,"messageKeys":{}},"BXL0e0sEgmyNzL21yyFsHr+HQLTaC5r1XxD8DEqW5UUQ":{"chainKey":{"counter":0},"chainType":2,"messageKeys":{}},"BTaa0NUpECwtX+QGpmUznRw/LUikNkoPVbBswDygCqct":{"chainKey":{"counter":0,"key":"w3JkHLiWZGgfvbeZAebf8n9xGStmnY8WQGtngjrrKfk="},"chainType":2,"messageKeys":{}},"BR6jthuk0xo+JL+vY977MERmltqzhXWVKTzYEuiWkhl9":{"chainKey":{"counter":-1,"key":"a8nf1BXAHvMjifEs6AqNvm2Tbhb0shyDbkMgblTvMbc="},"chainType":1,"messageKeys":{}}}}},"version":"v1"}