{"_sessions":{"BfQ3OgeX4z51052Ey8IHISBPrwUVONInKJyh+Ge+NnsJ":{"registrationId":1841413153,"currentRatchet":{"ephemeralKeyPair":{"pubKey":"BfazScukSK3DwyUYrtcdvqedA7FZOzJPaVTNEJTH/0tG","privKey":"gI3nVLT0gU6NjWn0lkW9nNZ3lfjzgXcOD3GhwrE+l0w="},"lastRemoteEphemeralKey":"BUjuhMRv7pIc5zRbpQqntoSBJ2OKfkQOOxUOIOEHbLAn","previousCounter":4,"rootKey":"+LkzDFWAiAYXJTzJeK0UcdStpzdza4rwfJCj73og3QU="},"indexInfo":{"baseKey":"BfQ3OgeX4z51052Ey8IHISBPrwUVONInKJyh+Ge+NnsJ","baseKeyType":1,"closed":-1,"used":1682951185554,"created":1682946220385,"remoteIdentityKey":"BbRC/ZLQgk1his8H8MycQNfVycWOLuFKk+vac2IwRYAG"},"_chains":{"BSbOaIeaiLNnY4ejd+QUswzQAicBxNv4jV4u7HFy0uxL":{"chainKey":{"counter":0},"chainType":2,"messageKeys":{}},"BUjuhMRv7pIc5zRbpQqntoSBJ2OKfkQOOxUOIOEHbLAn":{"chainKey":{"counter":0,"key":"4m8y365ajKuC1Y1HekB1mJhb0EZumdRUangPHn1Ixcs="},"chainType":2,"messageKeys":{}},"BfazScukSK3DwyUYrtcdvqedA7FZOzJPaVTNEJTH/0tG":{"chainKey":{"counter":1,"key":"WDwsFsGtG4FB6Su+iKldxfc0qMHzlldEGiyR43QUb+Y="},"chainType":1,"messageKeys":{}}}}},"version":"v1"}