{"_sessions":{"BY6cbyqJDaCeSa+M/qzvYSpo7ZU+QpxwvC8aAuqYmABO":{"registrationId":1670171310,"currentRatchet":{"ephemeralKeyPair":{"pubKey":"BWKPIn/hJXHfqDcUXsxmLGbqHN8uUxUjnmlLhmzX2P8C","privKey":"SAaHZXibMmlcHh8rijrl39CVaQFzlzf+fm7mhwrPrls="},"lastRemoteEphemeralKey":"BcrF+7J2IsXygRkKf4RYXpp7vuY4db5pAzQMDz0Kj3Y2","previousCounter":0,"rootKey":"sslA2UO6N8PqPL1kRU1MFPxPtONAo3jBBOnt6rndClU="},"indexInfo":{"baseKey":"BY6cbyqJDaCeSa+M/qzvYSpo7ZU+QpxwvC8aAuqYmABO","baseKeyType":1,"closed":-1,"used":1682946220431,"created":1682946220431,"remoteIdentityKey":"BRpSKYWw1297kHRHrCr4HQPwMqDcTHdtBL7xSspbjQFx"},"_chains":{"BWKPIn/hJXHfqDcUXsxmLGbqHN8uUxUjnmlLhmzX2P8C":{"chainKey":{"counter":20,"key":"iNn/GnS7TxQVYC4HS2xDe8dNA4Eiz4OoTuRkjRCvjwE="},"chainType":1,"messageKeys":{}}},"pendingPreKey":{"signedKeyId":6,"baseKey":"BY6cbyqJDaCeSa+M/qzvYSpo7ZU+QpxwvC8aAuqYmABO"}}},"version":"v1"}