{"_sessions":{"BTTx9bSpii9C3oYShxRXqpLs8dycQYwOTNEbM+t88zxu":{"registrationId":1131553285,"currentRatchet":{"ephemeralKeyPair":{"pubKey":"BUNPJnKqEN8l/m5uxYVRgllT+RYrA0WHma+9FTmH9GRV","privKey":"QPtrpXPN9qHqVNQdXU8qqCgWuOfcPd/QQfhDb33qWW4="},"lastRemoteEphemeralKey":"BaMNKYMEgAzyBrr/BdK+KFNfqNW6djVskN0t8oOqu/ls","previousCounter":0,"rootKey":"NpSQ7JqPWPQtPxsG6Jjl1Af+EhHbxLBgl21Mk1Zxn18="},"indexInfo":{"baseKey":"BTTx9bSpii9C3oYShxRXqpLs8dycQYwOTNEbM+t88zxu","baseKeyType":1,"closed":-1,"used":1682951107924,"created":1682951107924,"remoteIdentityKey":"BRj8E2LL6fzZbyKeS6cG0eVxL1e/yY0HANmAYCZn7yw8"},"_chains":{"BUNPJnKqEN8l/m5uxYVRgllT+RYrA0WHma+9FTmH9GRV":{"chainKey":{"counter":0,"key":"PTW+9wlMpOuiZSixaKYxd7EnLuWUcV/WrrYJDFmQH8M="},"chainType":1,"messageKeys":{}}},"pendingPreKey":{"signedKeyId":15,"baseKey":"BTTx9bSpii9C3oYShxRXqpLs8dycQYwOTNEbM+t88zxu","preKeyId":4640762}}},"version":"v1"}