{"_sessions":{"BRXyRGB2xGBSxOqimLzaJ0Y5KDlTUItBHISNJw9igv56":{"registrationId":703346937,"currentRatchet":{"ephemeralKeyPair":{"pubKey":"Bdzeq+3BNw14CdtLMUZnPHN9u270isG57tDYssAk5xg4","privKey":"4GvcTd/goA0yVEla82TAC7Aimq5y7T3mpcNj2XCDrVo="},"lastRemoteEphemeralKey":"BQhUE+ObQCqTdpXGPID4uUot8ujN/lt5fZv+aUEQn9N5","previousCounter":0,"rootKey":"tmc1owIVRmA+/HvFCOtMD037krilw75NxBg7n6v7VWw="},"indexInfo":{"baseKey":"BRXyRGB2xGBSxOqimLzaJ0Y5KDlTUItBHISNJw9igv56","baseKeyType":1,"closed":-1,"used":1682946220463,"created":1682946220463,"remoteIdentityKey":"BeJagEEbSJu7EroNejzxq4s5v8bKXisExZSvlDJDXqE2"},"_chains":{"Bdzeq+3BNw14CdtLMUZnPHN9u270isG57tDYssAk5xg4":{"chainKey":{"counter":20,"key":"jRzYpaQlAA6E+sGQmRn32C4izez12z0XUcfjVcIkq0E="},"chainType":1,"messageKeys":{}}},"pendingPreKey":{"signedKeyId":7,"baseKey":"BRXyRGB2xGBSxOqimLzaJ0Y5KDlTUItBHISNJw9igv56","preKeyId":5615478}}},"version":"v1"}