{"_sessions":{"BSTfJcePFwOhwj5sjb+jmlfU4AuiX9G7L4zK4GRXhHBY":{"registrationId":971627188,"currentRatchet":{"ephemeralKeyPair":{"pubKey":"BW23vKGMmlrpILQPt4qvndxoqv17l2M0m9Rio/QgHPxg","privKey":"SBbRRfmFhugi55vzbHb4MnlPGg4BdXX9O8xpOntJhm8="},"lastRemoteEphemeralKey":"BZ4r07ZtER9DDMh+qtXhk3Xc7roQn9lEoefghtYnN2Qf","previousCounter":4,"rootKey":"2ebUTCPuzAHANI+yIeCwDtqtF/H1RFBXvPv1bnhklGQ="},"indexInfo":{"baseKey":"BSTfJcePFwOhwj5sjb+jmlfU4AuiX9G7L4zK4GRXhHBY","baseKeyType":1,"closed":-1,"used":1682951187121,"created":1682946220456,"remoteIdentityKey":"BU2Oi69Q/7d/kKksDH08oSquC8tdesYQjOkFMmCB4Ns7"},"_chains":{"BRcx7F7F8TPIsM+7Uiv1LPDO/HVvqSkLEKIvXR1R3DdV":{"chainKey":{"counter":0},"chainType":2,"messageKeys":{}},"BZ4r07ZtER9DDMh+qtXhk3Xc7roQn9lEoefghtYnN2Qf":{"chainKey":{"counter":0,"key":"KOcneZJ/L3vy240aowJxn6LLuLEJ6NIw44d0ncUNiIs="},"chainType":2,"messageKeys":{}},"BW23vKGMmlrpILQPt4qvndxoqv17l2M0m9Rio/QgHPxg":{"chainKey":{"counter":1,"key":"89WEv+0OmZq5D9+p8JKzB9iU9Z9s6NewI7WNx7i2ZyY="},"chainType":1,"messageKeys":{}}}}},"version":"v1"}