{"_sessions":{"BVmVrO3uM5g5JcLwQBZ2ZYq8LaRHGzuH39BkaQsliLAR":{"registrationId":339348849,"currentRatchet":{"ephemeralKeyPair":{"pubKey":"BV9Hd4duav2DFHSecYsLAtURwTZ9+CiAm94uGYgmhkk3","privKey":"kDCacE+5ayfK6vAoQD/ms9r5DPI9mjHYESSLlW8sjnE="},"lastRemoteEphemeralKey":"Bc4Vge0weFTSsGQvoMYGwgCFD4DI0myCdJmfWgpTozJ5","previousCounter":0,"rootKey":"lQyuwFPwUaRgFv9XetZRruE0tnFifwVX7DjyC017hgg="},"indexInfo":{"baseKey":"BVmVrO3uM5g5JcLwQBZ2ZYq8LaRHGzuH39BkaQsliLAR","baseKeyType":1,"closed":-1,"used":1682951144350,"created":1682951144350,"remoteIdentityKey":"BZ6hhLN1t+fOENCcHieWRVaXpCeJ8ROX9AYCVUB10ukl"},"_chains":{"BV9Hd4duav2DFHSecYsLAtURwTZ9+CiAm94uGYgmhkk3":{"chainKey":{"counter":0,"key":"uJcR0R4QK3hqLsEfcoDfwpL9UumxwMnT4Z0wi12ORzg="},"chainType":1,"messageKeys":{}}},"pendingPreKey":{"signedKeyId":53,"baseKey":"BVmVrO3uM5g5JcLwQBZ2ZYq8LaRHGzuH39BkaQsliLAR","preKeyId":16590632}}},"version":"v1"}