{"_sessions":{"BZ+J5EDYAOzVdG1uFbiwzjX2np4gM9Sdlal5QG0GdvFr":{"registrationId":1668391348,"currentRatchet":{"ephemeralKeyPair":{"pubKey":"BVzLaalZTLHwYQ6pqXmHzXKUqCVWVDIVaYJFsOvwIZE+","privKey":"gAOzUCO/V6Vc1avyAaXvwJEmBvTLL5nkoC6SBqXlulM="},"lastRemoteEphemeralKey":"BYYTspNw5gSK8Oax7CHpL/SjnBtEQz0IcsC10ZeY6zha","previousCounter":0,"rootKey":"mtVr6CTQLON0Q1wRztFMbczumuLHo+qwlX/rQI0/+tY="},"indexInfo":{"baseKey":"BZ+J5EDYAOzVdG1uFbiwzjX2np4gM9Sdlal5QG0GdvFr","baseKeyType":1,"closed":-1,"used":1682946220362,"created":1682946220362,"remoteIdentityKey":"BVoeeyF2jMPXKHgF/404I1+zhJPcL9e3vcD9LLALV9Ax"},"_chains":{"BVzLaalZTLHwYQ6pqXmHzXKUqCVWVDIVaYJFsOvwIZE+":{"chainKey":{"counter":20,"key":"douKuOVW7qmn9eDm2Wc1LrXw0g2tfDZCnkQ1q/+6sJ0="},"chainType":1,"messageKeys":{}}},"pendingPreKey":{"signedKeyId":14,"baseKey":"BZ+J5EDYAOzVdG1uFbiwzjX2np4gM9Sdlal5QG0GdvFr"}}},"version":"v1"}