{"_sessions":{"BbpQtqoXTN0apwMet0uKu42PzEISE7HuSIsHgGmrqakt":{"registrationId":354141211,"currentRatchet":{"ephemeralKeyPair":{"pubKey":"BeR9EdsfKGtHjXoqhqkjU5wlHJp+sWXGZtC50/1gYtkf","privKey":"2HYXWzj19eeQs4YGobBqex3LV/SjCamYnlybPzhpHVs="},"lastRemoteEphemeralKey":"BSrWNWq/1CIhgfH2X5DpIrV5T/6gNEkwfaPR4xnrFyVA","previousCounter":0,"rootKey":"FM5Z3UgUwOOYn6AyiNB6HRdCVuZXaMVdTHn7cCRNads="},"indexInfo":{"baseKey":"BbpQtqoXTN0apwMet0uKu42PzEISE7HuSIsHgGmrqakt","baseKeyType":1,"closed":-1,"used":1682951107945,"created":1682951107945,"remoteIdentityKey":"BWRXxAHs2tE0bDZHJ28c+xQajBJ77fWaZ4LHRxwXvhpB"},"_chains":{"BeR9EdsfKGtHjXoqhqkjU5wlHJp+sWXGZtC50/1gYtkf":{"chainKey":{"counter":0,"key":"2Ca0NcVjA9DxNjm2XNudyD1xc2E1u8A2akXRBwb/j4I="},"chainType":1,"messageKeys":{}}},"pendingPreKey":{"signedKeyId":22,"baseKey":"BbpQtqoXTN0apwMet0uKu42PzEISE7HuSIsHgGmrqakt","preKeyId":10522798}}},"version":"v1"}