{"_sessions":{"BbJni9MnrJbICpZSTCWT4eBtY37/7a4eleGF84PrMaUe":{"registrationId":490922957,"currentRatchet":{"ephemeralKeyPair":{"pubKey":"BTN67V/q2mfhGI1zj9Xnks9sLrUMBKEyBE56fPCCRAgl","privKey":"aOMecz1gIMl8VaHvGinCpDu1vyU0J61PnDDlgNmTwkY="},"lastRemoteEphemeralKey":"BZklYr22n52EC+x3gKGDlzGBYzhAxQP+q7cWHvulVpgr","previousCounter":0,"rootKey":"w7qzwKoB08Qiper42N9LVIHXnvttGbnwJOB3PG50Yvk="},"indexInfo":{"baseKey":"BbJni9MnrJbICpZSTCWT4eBtY37/7a4eleGF84PrMaUe","baseKeyType":1,"closed":-1,"used":1682951144445,"created":1682951144445,"remoteIdentityKey":"Bc37Lfn23e2y6uTGpMJdlorDGe00EagbCByu0QtFQXZi"},"_chains":{"BTN67V/q2mfhGI1zj9Xnks9sLrUMBKEyBE56fPCCRAgl":{"chainKey":{"counter":0,"key":"9K4ohJ483Kv62hdaxobSyClO8Cmly0w92sDuA0a2QXA="},"chainType":1,"messageKeys":{}}},"pendingPreKey":{"signedKeyId":3,"baseKey":"BbJni9MnrJbICpZSTCWT4eBtY37/7a4eleGF84PrMaUe","preKeyId":6560838}}},"version":"v1"}