{"_sessions":{"BTQM2rsR2fVQUCmhIM4QnWCLfmmA6OuSnjeWir9+kEcB":{"registrationId":1128398383,"currentRatchet":{"ephemeralKeyPair":{"pubKey":"Bd13z/asN1eNmiqdBAHjLyIB6TZycSnoxXLRqE+5fT9r","privKey":"+OZVOeN1gwZcmJDy7nlvaJFGGBf8pkqfdfXghPtf0Uc="},"lastRemoteEphemeralKey":"BedPHFvz7gvllbFjdzeD1EeFs+ooVVnit9Bq2BLVId4N","previousCounter":0,"rootKey":"XZwZza7VwOGiDIRmDLAaDKlNzwARnYk/G5kXPweBz7A="},"indexInfo":{"baseKey":"BTQM2rsR2fVQUCmhIM4QnWCLfmmA6OuSnjeWir9+kEcB","baseKeyType":1,"closed":-1,"used":1682951144495,"created":1682951144495,"remoteIdentityKey":"BYfgugw6J/quyU7y+I8j9ZRQPzT3BXY+rbIY0ImvGy0z"},"_chains":{"Bd13z/asN1eNmiqdBAHjLyIB6TZycSnoxXLRqE+5fT9r":{"chainKey":{"counter":0,"key":"TIPeJL16ExOpGoHf26hbqSP38wKyyLvVhn87xw382Uc="},"chainType":1,"messageKeys":{}}},"pendingPreKey":{"signedKeyId":21,"baseKey":"BTQM2rsR2fVQUCmhIM4QnWCLfmmA6OuSnjeWir9+kEcB","preKeyId":14442924}}},"version":"v1"}