{"_sessions":{"BStmpUJQoHUuBCLlwyh2y5wkpKJjHNQnyMC9XX5HhtcA":{"registrationId":92961452,"currentRatchet":{"ephemeralKeyPair":{"pubKey":"BbPwaXIhxbbwGG1tCjF1d3Dd+D//TAp1GofeJHreSuRb","privKey":"uOTI5KQbLP2/2UrJqoC/lW4zjiV4nSYHd3On7I2tenE="},"lastRemoteEphemeralKey":"BZTsPk/a2sszqwLEaKqbXa17paiVwJQoS9cmTVi06sRU","previousCounter":0,"rootKey":"F7Le0A41UepxWOnmxEbfODkW0cP2QgDcUmu43oQ4PD4="},"indexInfo":{"baseKey":"BStmpUJQoHUuBCLlwyh2y5wkpKJjHNQnyMC9XX5HhtcA","baseKeyType":1,"closed":-1,"used":1682951144487,"created":1682951144487,"remoteIdentityKey":"BeMBFGAV8A1wMIwLf5e9XBnQhYPvsXJF1K9dTW5IhnMB"},"_chains":{"BbPwaXIhxbbwGG1tCjF1d3Dd+D//TAp1GofeJHreSuRb":{"chainKey":{"counter":0,"key":"IHscEfIzMwm9Qjsoax1aSU7slyW75091OOBvAMxEp/8="},"chainType":1,"messageKeys":{}}},"pendingPreKey":{"signedKeyId":9,"baseKey":"BStmpUJQoHUuBCLlwyh2y5wkpKJjHNQnyMC9XX5HhtcA"}}},"version":"v1"}