{"_sessions":{"BVZ4FGL0z8/10mDNltxjBq/LRaO7/LbporT6vbYXsuUL":{"registrationId":1307335940,"currentRatchet":{"ephemeralKeyPair":{"pubKey":"BUrpFGPKK16YNWd/7ssdiAodiQxtHiyylcg+n1T29uc6","privKey":"GFq1GxQC+bFHfMzZfkRHkhBOJJ/kNzvsnYtJV1TiOko="},"lastRemoteEphemeralKey":"BQVH+HQ8hxS87RKAqhG/RJ0qYkdeXQBQH3/88LhMQqgN","previousCounter":0,"rootKey":"rez5XMnAsDX1vdEn51OmZDZiIv4KFha2746sxzSOSOA="},"indexInfo":{"baseKey":"BVZ4FGL0z8/10mDNltxjBq/LRaO7/LbporT6vbYXsuUL","baseKeyType":1,"closed":-1,"used":1682951144267,"created":1682951144267,"remoteIdentityKey":"BaeRFPhgQ4mjjhzk4ncWUgD6+mG9j0OkGk93lsknd0x7"},"_chains":{"BUrpFGPKK16YNWd/7ssdiAodiQxtHiyylcg+n1T29uc6":{"chainKey":{"counter":0,"key":"kNT+WCPjibMnP9PSfAzYEFDCjl6jVZQKc/sQCJmmRQo="},"chainType":1,"messageKeys":{}}},"pendingPreKey":{"signedKeyId":7,"baseKey":"BVZ4FGL0z8/10mDNltxjBq/LRaO7/LbporT6vbYXsuUL","preKeyId":9726873}}},"version":"v1"}