{"_sessions":{"BXxQwwovxVmBZObcFRbRorzcitDypIXoc4MoMqKrio8X":{"registrationId":427670697,"currentRatchet":{"ephemeralKeyPair":{"pubKey":"BfQ2nJxWMnMiz+kMUaKPEU6VEiMchCpyp1ndct7vCMZL","privKey":"ENLEMz1BwGb9brFz9aV/MiEURpJvONTiOtZfuWg+mV8="},"lastRemoteEphemeralKey":"BWgPciWIAF//p/CnEFkgW/t+I/gzwvALbgGisLKi6Q0X","previousCounter":0,"rootKey":"SEB+Ra/ZlzQuqNxM7zhwWGdn5Q3Z/ZFk5mRBXBBUDkE="},"indexInfo":{"baseKey":"BXxQwwovxVmBZObcFRbRorzcitDypIXoc4MoMqKrio8X","baseKeyType":1,"closed":-1,"used":1682951144353,"created":1682951144353,"remoteIdentityKey":"BcNTlb3gJt2+PwzaR3nL/ljIy2sqL3GLflE1G33F9gZb"},"_chains":{"BfQ2nJxWMnMiz+kMUaKPEU6VEiMchCpyp1ndct7vCMZL":{"chainKey":{"counter":0,"key":"sgnSGm9aDCewxXVs16q7i9+1cL4taptvdn67rT+Mq7E="},"chainType":1,"messageKeys":{}}},"pendingPreKey":{"signedKeyId":0,"baseKey":"BXxQwwovxVmBZObcFRbRorzcitDypIXoc4MoMqKrio8X"}}},"version":"v1"}