{"_sessions":{"BTfAQ4chTwdM2cAJgTtoZ6mnT6ZST1mNl34Q3ZaGyV8B":{"registrationId":230,"currentRatchet":{"ephemeralKeyPair":{"pubKey":"BaK7G+r6DopKV5q2UEosjy9TUW9q79JKdQ5RXlxqDvtg","privKey":"KF0b7b9b9aoBr4YWMVm55sYZkwQ2QICT63H1Qa8+c3A="},"lastRemoteEphemeralKey":"BUyYgFKRW6Es83jPWNgd1mYYCcaduj+wzt3sGGd+2D8V","previousCounter":0,"rootKey":"arxCY6gSDr+7qI1lHDhmu5VZnE5v5dvXRDXJotJOAGc="},"indexInfo":{"baseKey":"BTfAQ4chTwdM2cAJgTtoZ6mnT6ZST1mNl34Q3ZaGyV8B","baseKeyType":1,"closed":1682951167611,"used":1682951144011,"created":1682951144011,"remoteIdentityKey":"BbYNMkomNyp/Z/kzgRlQ467amrft/HyouodCeYhYyDAG"},"_chains":{"BaK7G+r6DopKV5q2UEosjy9TUW9q79JKdQ5RXlxqDvtg":{"chainKey":{"counter":0,"key":"EDQTsv2Baxd6DUfWwae1iN/xuwIe3/djKQOm6qxZqLQ="},"chainType":1,"messageKeys":{}}},"pendingPreKey":{"signedKeyId":1,"baseKey":"BTfAQ4chTwdM2cAJgTtoZ6mnT6ZST1mNl34Q3ZaGyV8B"}},"BY/1UGpSRTeg8Mbhl6a6n1SypsdJwCtGvG/lW6FDNMl1":{"registrationId":230,"currentRatchet":{"ephemeralKeyPair":{"pubKey":"BQKai1uxFSRvYTURHxfKSl8/3Zf3qoS2G+TM2bAM4KoQ","privKey":"wLToj2jkWhOR/pJwuUOwtrs9EzfahfwjparPradP7G8="},"lastRemoteEphemeralKey":"BUyYgFKRW6Es83jPWNgd1mYYCcaduj+wzt3sGGd+2D8V","previousCounter":0,"rootKey":"kVfJZgO+QzS/DwqKEq/BmRpd36vd9PxRRQRqNYmH71o="},"indexInfo":{"baseKey":"BY/1UGpSRTeg8Mbhl6a6n1SypsdJwCtGvG/lW6FDNMl1","baseKeyType":1,"closed":-1,"used":1682951167605,"created":1682951167605,"remoteIdentityKey":"BbYNMkomNyp/Z/kzgRlQ467amrft/HyouodCeYhYyDAG"},"_chains":{"BQKai1uxFSRvYTURHxfKSl8/3Zf3qoS2G+TM2bAM4KoQ":{"chainKey":{"counter":-1,"key":"w5V9PQ5GoIipkQM9aNggMSjS0QJDOpxbDgLTLSaclwI="},"chainType":1,"messageKeys":{}}},"pendingPreKey":{"signedKeyId":1,"baseKey":"BY/1UGpSRTeg8Mbhl6a6n1SypsdJwCtGvG/lW6FDNMl1"}}},"version":"v1"}