{"_sessions":{"BX90E6O8B9rUXxovbN4XBAZQ6ZzCzhxg1vxaOodDWwcl":{"registrationId":278968432,"currentRatchet":{"ephemeralKeyPair":{"pubKey":"Bby7deGEe9O86oUGirl9X5t9n04hi5fKAw08NAjDKTAg","privKey":"4EYixh2jk2LELnPqoqc5UT5JO0LjpNweoDSRk7JrDX4="},"lastRemoteEphemeralKey":"BTozF4iBVZNOkGjGRzJTmO8fvx1cKJE19eqOTl2UduVI","previousCounter":0,"rootKey":"7INElgP0bI2ybZw8cfTZ8m/XueNxuhvt5YMDrWrVf3w="},"indexInfo":{"baseKey":"BX90E6O8B9rUXxovbN4XBAZQ6ZzCzhxg1vxaOodDWwcl","baseKeyType":1,"closed":-1,"used":1682951107794,"created":1682951107794,"remoteIdentityKey":"BST5jN94jWS6N9/WjXJ/qXye8SqthTABYm4/SFyNZU0K"},"_chains":{"Bby7deGEe9O86oUGirl9X5t9n04hi5fKAw08NAjDKTAg":{"chainKey":{"counter":0,"key":"W0xjrsU3tsnp9udkCMcXtLQOjJt4kUUwCybbqzHxi8A="},"chainType":1,"messageKeys":{}}},"pendingPreKey":{"signedKeyId":4,"baseKey":"BX90E6O8B9rUXxovbN4XBAZQ6ZzCzhxg1vxaOodDWwcl"}}},"version":"v1"}