{"_sessions":{"BQXz2eQo4axw6NDDRY5McHyJBnZWT1OXWuLLlxviEyce":{"registrationId":2118852745,"currentRatchet":{"ephemeralKeyPair":{"pubKey":"BaMJPRyHVd3cBw0KyCy7kplbtBIyToZEHYJW/GqJ/Uto","privKey":"2Pth5AG0BQ38ylMTyzVpjl4rXAV1kzA2wb/zEOrEBm0="},"lastRemoteEphemeralKey":"BegXAXkyVzOg7DUwegUz4GdneLqkvdCLGK9yjwkUfLtS","previousCounter":0,"rootKey":"FVJbb2IKi0y38sm0cwFSLHPKoyEzKGF0ETRauy1DFgE="},"indexInfo":{"baseKey":"BQXz2eQo4axw6NDDRY5McHyJBnZWT1OXWuLLlxviEyce","baseKeyType":1,"closed":-1,"used":1682951144335,"created":1682951144335,"remoteIdentityKey":"BTKmq20wnmW/EBC6Qn5sk3ItTLKkQZ82YC5Tzak/wRlB"},"_chains":{"BaMJPRyHVd3cBw0KyCy7kplbtBIyToZEHYJW/GqJ/Uto":{"chainKey":{"counter":0,"key":"4qVbhRUdMAplyNzjKOcHooHfkVAlv2Uy5njbVcBaIYI="},"chainType":1,"messageKeys":{}}},"pendingPreKey":{"signedKeyId":38,"baseKey":"BQXz2eQo4axw6NDDRY5McHyJBnZWT1OXWuLLlxviEyce","preKeyId":10979039}}},"version":"v1"}