{"_sessions":{"BcwFTLiaTMFqfL3BIcVY6DFcd0IpBsywdjdrGL8IziQ+":{"registrationId":385591405,"currentRatchet":{"ephemeralKeyPair":{"pubKey":"BZKUdDAHJxbSGKa6tqQYYvpNvOkhl6UUPTsKGgpSHOZT","privKey":"INkBlybKaqocrdeB9g6l7xIxGJkoOEUDRXFWWAb/F2Y="},"lastRemoteEphemeralKey":"BYeivAsJmUq3h+Y8E7hj+IPc9Zti1Gvvg9eSVqMPF7IL","previousCounter":0,"rootKey":"9nrqFYEWPMkzgW0LjrUo3nYs/DH5O8D3KQpfch5moRg="},"indexInfo":{"baseKey":"BcwFTLiaTMFqfL3BIcVY6DFcd0IpBsywdjdrGL8IziQ+","baseKeyType":1,"closed":-1,"used":1682951144343,"created":1682951144343,"remoteIdentityKey":"Baet84BYrQPKwp4eIOSIILeU7cEqpmxfIA/ylDcMTsId"},"_chains":{"BZKUdDAHJxbSGKa6tqQYYvpNvOkhl6UUPTsKGgpSHOZT":{"chainKey":{"counter":0,"key":"H4TVszx7teEmxfrFDT0Z0b2egDodV3/dDm8nJr2b6zU="},"chainType":1,"messageKeys":{}}},"pendingPreKey":{"signedKeyId":12,"baseKey":"BcwFTLiaTMFqfL3BIcVY6DFcd0IpBsywdjdrGL8IziQ+","preKeyId":1013487}}},"version":"v1"}