{"_sessions":{"BVrpKcNxL7rspjHmpMKlVpS/42ugj4Xf2tzf/4kN0LIT":{"registrationId":672672100,"currentRatchet":{"ephemeralKeyPair":{"pubKey":"BWEJk3Q0C/ID73LCk7p83B0x+JuavZ4PvzBT3Tm9H11o","privKey":"gIw9MgiUl+vMW+Gc2BJoI3BvgRZF4v+Dejp67NQB6VU="},"lastRemoteEphemeralKey":"BXq1LAzW0pkvJxhCATiRS94jLBYxXDQOyQCUyODagDEC","previousCounter":0,"rootKey":"gjmcVa109SS0A2B80iOFg83gWyvwXWPQiNU7kk4QdAg="},"indexInfo":{"baseKey":"BVrpKcNxL7rspjHmpMKlVpS/42ugj4Xf2tzf/4kN0LIT","baseKeyType":1,"closed":-1,"used":1682951144296,"created":1682951144296,"remoteIdentityKey":"Bfno7HjVgIo1KEaCx6Kd2ZGFF2RtkuLNjw2qOUbh7gxW"},"_chains":{"BWEJk3Q0C/ID73LCk7p83B0x+JuavZ4PvzBT3Tm9H11o":{"chainKey":{"counter":0,"key":"IaXZsEWwJQVdupu7MLbEXqpSQ6cscllvgWbyxV3VmLQ="},"chainType":1,"messageKeys":{}}},"pendingPreKey":{"signedKeyId":1,"baseKey":"BVrpKcNxL7rspjHmpMKlVpS/42ugj4Xf2tzf/4kN0LIT","preKeyId":11911418}}},"version":"v1"}