{"_sessions":{"BcEKxKsOg0gjJXq11G+2ubs5DRUXP6NjY0oG6tYFUi0o":{"registrationId":2069284828,"currentRatchet":{"ephemeralKeyPair":{"pubKey":"BQArDGg2DQwgCqcsKaR/q4+h1D+of4swQATDwmDN2Skt","privKey":"gCcvvBwUsc8EdLkq5lAP+BYlwExXYXXVH1rJhiwheEM="},"lastRemoteEphemeralKey":"BZ3GdRLJH8zt2Xh4YEk1pcl2cMdOPGBEjlxkI9fhE7Vc","previousCounter":0,"rootKey":"soccZHXk8zjyz7cETb5GXf45j2A7Zu6d5ND9+hyfbCo="},"indexInfo":{"baseKey":"BcEKxKsOg0gjJXq11G+2ubs5DRUXP6NjY0oG6tYFUi0o","baseKeyType":1,"closed":-1,"used":1682951144433,"created":1682951144433,"remoteIdentityKey":"Bf1kv42uK14PYR6IQ3JPlAnjbxlpBeUAbs2hGTEYchM1"},"_chains":{"BQArDGg2DQwgCqcsKaR/q4+h1D+of4swQATDwmDN2Skt":{"chainKey":{"counter":0,"key":"NK+6q3KdlfDvJvzZ8IJEVtpUR8OJybmQlQRUJkKDRWg="},"chainType":1,"messageKeys":{}}},"pendingPreKey":{"signedKeyId":12,"baseKey":"BcEKxKsOg0gjJXq11G+2ubs5DRUXP6NjY0oG6tYFUi0o","preKeyId":10111143}}},"version":"v1"}