{"_sessions":{"BQTJU5IYQl7U2NiSXA5se8Txgu/EwLIm1iuMIxOHV/pH":{"registrationId":864839349,"currentRatchet":{"ephemeralKeyPair":{"pubKey":"BUK8WQRqweNLVfiml4hsHFS/tvaANdHoVhT9eC36WQRx","privKey":"QGsy28MIMnkCVZPvx+J9n+2Z/uLMiGi4ldcGJU74G3A="},"lastRemoteEphemeralKey":"BXIqOjN5iReoWWPwpZJCtEl+lCS16b+TEURARQ6d/+1C","previousCounter":4,"rootKey":"6Z8lf2ERGP2g3Q7fTEbGTew+YGPB5Q5YPlYRBzBr/P4="},"indexInfo":{"baseKey":"BQTJU5IYQl7U2NiSXA5se8Txgu/EwLIm1iuMIxOHV/pH","baseKeyType":1,"closed":-1,"used":1682951187998,"created":1682946220307,"remoteIdentityKey":"BUp41B2nI++DWLHUdwYjTV0TbvGkuK2IRObzJHDJMkYk"},"_chains":{"BZsFLVHrMgiFOrfJTS6xLiGNEqP46Skb1GObZi+79QxE":{"chainKey":{"counter":0},"chainType":2,"messageKeys":{}},"BXIqOjN5iReoWWPwpZJCtEl+lCS16b+TEURARQ6d/+1C":{"chainKey":{"counter":0,"key":"kNmxREdpP5jNBJwsUEpQycQKiKjcYw4wZCDOZn378GA="},"chainType":2,"messageKeys":{}},"BUK8WQRqweNLVfiml4hsHFS/tvaANdHoVhT9eC36WQRx":{"chainKey":{"counter":1,"key":"pW+IVy2quK6C04eVSGSMpEVHtbLCCztw7l0v4K8HSPc="},"chainType":1,"messageKeys":{}}}}},"version":"v1"}