{"_sessions":{"BUgFZUvUYrAosMAg/RNVV7/Lb4cVyA+Zio7TDr693dkO":{"registrationId":1725743808,"currentRatchet":{"ephemeralKeyPair":{"pubKey":"Be5rO7/yvEJ2+Oheg2b8i8hkng3OqLAPsEvYrKjwLGYE","privKey":"cOTfKLvvZ6lQ8BnvtQdm6wlRJKhlDOVpH64kqTANrVw="},"lastRemoteEphemeralKey":"BaKAjBaAO0J5th3jTQ+MS54nMtGL8AjsUByyZWGMdx0E","previousCounter":0,"rootKey":"fZ3/1asrMkIOjmuS3k5bgpKfakQqkHJ9clxjJgN/Dos="},"indexInfo":{"baseKey":"BUgFZUvUYrAosMAg/RNVV7/Lb4cVyA+Zio7TDr693dkO","baseKeyType":1,"closed":-1,"used":1682951107857,"created":1682951107857,"remoteIdentityKey":"BWllHhPpWQwPyplfX5RCs0dLwcnsYpHmKb0BNqQ33I89"},"_chains":{"Be5rO7/yvEJ2+Oheg2b8i8hkng3OqLAPsEvYrKjwLGYE":{"chainKey":{"counter":0,"key":"3FAJH9RPU9bp3eiIzP7WMLN4uY6qJym0QmINnHCypfs="},"chainType":1,"messageKeys":{}}},"pendingPreKey":{"signedKeyId":12,"baseKey":"BUgFZUvUYrAosMAg/RNVV7/Lb4cVyA+Zio7TDr693dkO","preKeyId":10463152}}},"version":"v1"}