{"_sessions":{"BfF9718nkj7NKIs3QKAPm9POd1cGIkT14zmfeliVKBQq":{"registrationId":764248286,"currentRatchet":{"ephemeralKeyPair":{"pubKey":"BZQTWLdkIHg6CTM+f7b6Wq7OXTgaj6qjkpnX7GN2KPJA","privKey":"2IYa2zwKzH9XxlHFRxvdgy+l1xk3+V8295HZ4zAEunc="},"lastRemoteEphemeralKey":"BeGQl+qbs0e1PIE6kmpCceVfLjh91qLyh1TtAsaYZqwE","previousCounter":4,"rootKey":"9fuSmNgtMi5udekn2a4xUEZYBbfWD2T6L6Scvlvlnj4="},"indexInfo":{"baseKey":"BfF9718nkj7NKIs3QKAPm9POd1cGIkT14zmfeliVKBQq","baseKeyType":1,"closed":-1,"used":1682951189297,"created":1682946220474,"remoteIdentityKey":"BS5sJeVdrGV79JMZ+DPgJUVGa7Hfm8TKaU9KEbRmzWVE"},"_chains":{"Bf+c+6aOkG0aFoxs3kuQ9BSy3S+U2ixsE0YZKvhihcYW":{"chainKey":{"counter":0},"chainType":2,"messageKeys":{}},"BeGQl+qbs0e1PIE6kmpCceVfLjh91qLyh1TtAsaYZqwE":{"chainKey":{"counter":0,"key":"6KepBlqgMU1ZwYaXgY+9KnjdRIUIOM/o9htXuLUVGmc="},"chainType":2,"messageKeys":{}},"BZQTWLdkIHg6CTM+f7b6Wq7OXTgaj6qjkpnX7GN2KPJA":{"chainKey":{"counter":1,"key":"9hhvAbjFjAufPtz+tGZzYGDX2buvzQfTGC6cCJwKZeE="},"chainType":1,"messageKeys":{}}}}},"version":"v1"}