{"_sessions":{"Bar5uLnPjcGUcqBMSjX4wZK9IH35lZjcUC7+zHxv2DUh":{"registrationId":409776332,"currentRatchet":{"ephemeralKeyPair":{"pubKey":"BX0ZMF90hY0etYIjzFrxZ6t3nW3d5DXMJCWuFWQ7BVcA","privKey":"yLxeEMNVzT/rHqtkP4GmlMj9zKR7mg0ZJ9MxkszrmWU="},"lastRemoteEphemeralKey":"BY0wQnxWRMHWBmNODuaF7yUqlxotTnY/1/NJ0kOAFSgH","previousCounter":11,"rootKey":"gM25t+aVIzWh/2d43gvbsBphqI5YPQrJmQEoMi9X7kg="},"indexInfo":{"baseKey":"Bar5uLnPjcGUcqBMSjX4wZK9IH35lZjcUC7+zHxv2DUh","baseKeyType":1,"closed":-1,"used":1682946631696,"created":1682946220469,"remoteIdentityKey":"BWdAGJ+0B3LJIu9ytvoxJmINdn4x0S2xy5MewlyH19k8"},"_chains":{"BY0wQnxWRMHWBmNODuaF7yUqlxotTnY/1/NJ0kOAFSgH":{"chainKey":{"counter":0,"key":"Rr3olLUUAfSZMK8+pR0hGzKupexxjr19yAYLjN3xgDg="},"chainType":2,"messageKeys":{}},"BX0ZMF90hY0etYIjzFrxZ6t3nW3d5DXMJCWuFWQ7BVcA":{"chainKey":{"counter":8,"key":"6Pj0Y/pEsmXasDJqboeDECNb/NC1k1rdIPqYxwXqggA="},"chainType":1,"messageKeys":{}}}}},"version":"v1"}