{"_sessions":{"BSn4DyKWWzUnJ6st8PeRHgIqiXYWJlSRtMdZxc7uEMoy":{"registrationId":329449255,"currentRatchet":{"ephemeralKeyPair":{"pubKey":"BSTuG98K13gM3EKVN96mrXlfXjqbljp9qsZGhiXPypZh","privKey":"CJQr22LwI438QKLUbF4j50EEP1hTg4emzaJcquZYdUI="},"lastRemoteEphemeralKey":"BVrUyyXui2V9yPBhg/UprUNm05DWOT93dYVDAg/LEEtS","previousCounter":0,"rootKey":"61vQUxhuFKzay63dlxF7Kh1nZw0IK38hoq1aV775iVc="},"indexInfo":{"baseKey":"BSn4DyKWWzUnJ6st8PeRHgIqiXYWJlSRtMdZxc7uEMoy","baseKeyType":1,"closed":-1,"used":1682951107816,"created":1682951107816,"remoteIdentityKey":"BfDxXFIFGgigi7uS7a83xPhvxNc7cv4aqO3/ERiRG4V6"},"_chains":{"BSTuG98K13gM3EKVN96mrXlfXjqbljp9qsZGhiXPypZh":{"chainKey":{"counter":0,"key":"VOd1kuXkjhYy4qi2XpSrX5gBWNVpZz/NHT9bnRtlgJ0="},"chainType":1,"messageKeys":{}}},"pendingPreKey":{"signedKeyId":5,"baseKey":"BSn4DyKWWzUnJ6st8PeRHgIqiXYWJlSRtMdZxc7uEMoy","preKeyId":10500781}}},"version":"v1"}