{"_sessions":{"BZD7SeRX3EDgJl3uUZVAzRQi85N78o6iEARLl+SvDis5":{"registrationId":1978976987,"currentRatchet":{"ephemeralKeyPair":{"pubKey":"BUD56mJ5AS2hrW4/v4ArNxBBcI1eMY3XY6u1MXMHGMwW","privKey":"0J/+mHJdowSeazkk8ZOZYEf9KZTV8hgxMkb39RFt5Hk="},"lastRemoteEphemeralKey":"BVzJOOjcc8zsHRj3ysM5DgUYbmnbyf1aZP5W2hiMHaJP","previousCounter":0,"rootKey":"bPz6RqC9M/3rD+uCwBghD+Z9DP16ggHpPmCEkTYWdOo="},"indexInfo":{"baseKey":"BZD7SeRX3EDgJl3uUZVAzRQi85N78o6iEARLl+SvDis5","baseKeyType":1,"closed":-1,"used":1682951144362,"created":1682951144362,"remoteIdentityKey":"BaazN816LLykOxBrkIP+8BZ+QcqUmYIYCJNFbeDpditF"},"_chains":{"BUD56mJ5AS2hrW4/v4ArNxBBcI1eMY3XY6u1MXMHGMwW":{"chainKey":{"counter":0,"key":"QtJ357l+rccaRofXwmx5eV/rE+k6wlJm1hhShzfAAH8="},"chainType":1,"messageKeys":{}}},"pendingPreKey":{"signedKeyId":1,"baseKey":"BZD7SeRX3EDgJl3uUZVAzRQi85N78o6iEARLl+SvDis5","preKeyId":5553038}}},"version":"v1"}