{"_sessions":{"BTtVUcDP4xJXdZJrcWnY4UvB15JmJ4bHajNhHWr4c897":{"registrationId":1627539337,"currentRatchet":{"ephemeralKeyPair":{"pubKey":"Bd04h+4MbquNue2fgd6EgZzw7bI2gnHT7sXxRx8c4vpv","privKey":"wGkbxiVoRoZrflmzGDigeTsVGUtzvMJFtjVaOu33vnU="},"lastRemoteEphemeralKey":"BX73eXNCq+PUJAxasQ7Qa0DwXG3i5miugwjFdnszev9X","previousCounter":0,"rootKey":"83pEML2rH0lDpWiYQ9kVxksUJGWE1wTKTOEegy+ZwaU="},"indexInfo":{"baseKey":"BTtVUcDP4xJXdZJrcWnY4UvB15JmJ4bHajNhHWr4c897","baseKeyType":1,"closed":-1,"used":1682951108042,"created":1682951108042,"remoteIdentityKey":"BWLXMa1+YjzDMTAoHRZoi8fbbimdwUclkPCnZFFD7p0Q"},"_chains":{"Bd04h+4MbquNue2fgd6EgZzw7bI2gnHT7sXxRx8c4vpv":{"chainKey":{"counter":0,"key":"3kMye0WNlV3RtvkneEND9Noi7w8M9l+JAuxwRd0fPcU="},"chainType":1,"messageKeys":{}}},"pendingPreKey":{"signedKeyId":24,"baseKey":"BTtVUcDP4xJXdZJrcWnY4UvB15JmJ4bHajNhHWr4c897","preKeyId":15993059}}},"version":"v1"}