{"_sessions":{"BQfZGZ04TeNr9Fz3DO7DfzVGXaCealpYkGoWB5rzKct9":{"registrationId":1895972310,"currentRatchet":{"ephemeralKeyPair":{"pubKey":"BU8e27iUaYFwqoSXzwYdnZjApaQ3joHL2uRG2TwGW4c4","privKey":"kHWeKUBkw618j2OL/aRJvfMz9eqiOOk6nxQAZESjSUA="},"lastRemoteEphemeralKey":"BX0rpP0ZvNhmCR6sUDele+s0EBq+pbuZ7RrX+E56i7tE","previousCounter":0,"rootKey":"we0eBqDd5srr10ylRskX0FixdDcO78Ll+723S31et8w="},"indexInfo":{"baseKey":"BQfZGZ04TeNr9Fz3DO7DfzVGXaCealpYkGoWB5rzKct9","baseKeyType":1,"closed":-1,"used":1682951144417,"created":1682951144417,"remoteIdentityKey":"BTWA5Jkc0B7cjv+mM9Gann756WWFLFQuA3adneTk9m0e"},"_chains":{"BU8e27iUaYFwqoSXzwYdnZjApaQ3joHL2uRG2TwGW4c4":{"chainKey":{"counter":0,"key":"fAM9dhp5aPQCC5ErZYlV5pXufpvGig9LdPOa6tYzaSc="},"chainType":1,"messageKeys":{}}},"pendingPreKey":{"signedKeyId":25,"baseKey":"BQfZGZ04TeNr9Fz3DO7DfzVGXaCealpYkGoWB5rzKct9","preKeyId":13073381}}},"version":"v1"}