{"_sessions":{"BUSz0vJIEfvWXKjp9+DDUcotx1OcE7PUlpBv1vzrd247":{"registrationId":892039024,"currentRatchet":{"ephemeralKeyPair":{"pubKey":"BeLPhmehzMfEhzo3bUdc6m8/oyIgAOb2cyj/3Qeyqvce","privKey":"mD9RhwyPBX8sLCNPPMTlatxgZg//XWc3F7bA13ZhWlc="},"lastRemoteEphemeralKey":"BY+RvfDCZlR9c9GlmoNRDgsdhgJvPEJfpgved5Y3E2lg","previousCounter":0,"rootKey":"VsnoGIgXRYsyMhYGkUoaPJKtJjNEC0Mbo6SEYjlsPjE="},"indexInfo":{"baseKey":"BUSz0vJIEfvWXKjp9+DDUcotx1OcE7PUlpBv1vzrd247","baseKeyType":1,"closed":-1,"used":1682951108023,"created":1682951108023,"remoteIdentityKey":"BYQJwJRXnurpFhxPu0SZZPW8YYShiUQxR2hRrrnq7v9f"},"_chains":{"BeLPhmehzMfEhzo3bUdc6m8/oyIgAOb2cyj/3Qeyqvce":{"chainKey":{"counter":1,"key":"8FpmmkzMj8HX/CNb3jfpquhj4whi0RI4h0AIxzjP8bw="},"chainType":1,"messageKeys":{}}},"pendingPreKey":{"signedKeyId":2,"baseKey":"BUSz0vJIEfvWXKjp9+DDUcotx1OcE7PUlpBv1vzrd247","preKeyId":14573422}}},"version":"v1"}