{"_sessions":{"Bay4tLcP4+G73nr+pPZpUS660vnoLwAfNBxaDATf2nY+":{"registrationId":1761863862,"currentRatchet":{"ephemeralKeyPair":{"pubKey":"BYFIqAo9xbEl8TZk3Sm4RR6rOH2Wae6Y9QDFMCUHHaNv","privKey":"SPImZYp0yVIT4OKDXciRVZHeK/Fpy00qSMkIh6cLBkM="},"lastRemoteEphemeralKey":"Ba9+Hz1O3Vna0Iw//A1JEh0ecg9g5ifgDDolY4JIrIw9","previousCounter":4,"rootKey":"etmQN+OonlPhGfTiJwfssiHMUwYt6MUDBs7bASZFCx0="},"indexInfo":{"baseKey":"Bay4tLcP4+G73nr+pPZpUS660vnoLwAfNBxaDATf2nY+","baseKeyType":1,"closed":-1,"used":1682951185531,"created":1682946220487,"remoteIdentityKey":"BeLpCJLfa4MIFIKgj2oTcSs/4KDYt9HcU2zPDFkIwxl9"},"_chains":{"BfaStqQ6ZlR89MC4jJ7WFMaqWrjHHQXFXVR4nr/6rllN":{"chainKey":{"counter":0},"chainType":2,"messageKeys":{}},"Ba9+Hz1O3Vna0Iw//A1JEh0ecg9g5ifgDDolY4JIrIw9":{"chainKey":{"counter":0,"key":"90k1I+nRUHpZNpHkmgm3EL3juGKl51kbL3kZSPtRL58="},"chainType":2,"messageKeys":{}},"BYFIqAo9xbEl8TZk3Sm4RR6rOH2Wae6Y9QDFMCUHHaNv":{"chainKey":{"counter":1,"key":"2Zu+rXuBeEJapMTLG73C0YKI68ULM7ULFyUaru1QtJE="},"chainType":1,"messageKeys":{}}}}},"version":"v1"}