{"_sessions":{"BZSPX5Uu3EnmI9klosZ/ddD3T2lLZJV6M8gf6WHf6fcc":{"registrationId":1635548874,"currentRatchet":{"ephemeralKeyPair":{"pubKey":"BTSm4SpdgMrcbuGfGqtXqnzJ+c3BcYaEPhGEQkh0VdoO","privKey":"iLz0yuavc294B4Ol42C78n64YosbcojVc2MIgap4+UY="},"lastRemoteEphemeralKey":"BZg3H2F4EL2NpbNXlWJSBzKgWoV3iHj8gRCaw82eeNFg","previousCounter":0,"rootKey":"nvim20nMzpbeHJdMeLSsPV8JdTuok/C8mwNnlmYvYto="},"indexInfo":{"baseKey":"BZSPX5Uu3EnmI9klosZ/ddD3T2lLZJV6M8gf6WHf6fcc","baseKeyType":1,"closed":-1,"used":1682951107824,"created":1682951107824,"remoteIdentityKey":"BYx1U6X0IWKZiGHfEdcXrDXGQ5DraefBF0IhRj//NN42"},"_chains":{"BTSm4SpdgMrcbuGfGqtXqnzJ+c3BcYaEPhGEQkh0VdoO":{"chainKey":{"counter":0,"key":"XqS2z6mLvBtg062gGcrr6/qf6k77rPxcxVXevW3jHGU="},"chainType":1,"messageKeys":{}}},"pendingPreKey":{"signedKeyId":13,"baseKey":"BZSPX5Uu3EnmI9klosZ/ddD3T2lLZJV6M8gf6WHf6fcc","preKeyId":6807508}}},"version":"v1"}