{"_sessions":{"BbWvWUNFWAf3SSNU6LE6AypxAWN3uW503C3mBL+Bvq8l":{"registrationId":1668711130,"currentRatchet":{"ephemeralKeyPair":{"pubKey":"BZc4DbBuQYgh9mDAnhojIvDkNxUbp6mB60QPihRQlN11","privKey":"wJjWVgy7GBZm8RGr+vEPSlp3R7Zf3ft7WUEf1r0Crl0="},"lastRemoteEphemeralKey":"BZ82oWiE7hR5JPpU02MiGqw5iTNnc84KMUpU2Ft84rog","previousCounter":0,"rootKey":"JXBpnLYVWr6eL2cStrY5JeVBlyc+ffMEwPYs/aPEGI0="},"indexInfo":{"baseKey":"BbWvWUNFWAf3SSNU6LE6AypxAWN3uW503C3mBL+Bvq8l","baseKeyType":1,"closed":-1,"used":1682946220355,"created":1682946220355,"remoteIdentityKey":"Be5Rc4Jx6IFhVFy40GPNKKXv+yk87XkVxQjvDOnPY6c4"},"_chains":{"BZc4DbBuQYgh9mDAnhojIvDkNxUbp6mB60QPihRQlN11":{"chainKey":{"counter":20,"key":"rNCLe+pVwuDrCw+q4xXiesi2eajjeZvbhjZAshEQQGs="},"chainType":1,"messageKeys":{}}},"pendingPreKey":{"signedKeyId":18,"baseKey":"BbWvWUNFWAf3SSNU6LE6AypxAWN3uW503C3mBL+Bvq8l","preKeyId":5477251}}},"version":"v1"}