{"_sessions":{"BQcdrNAF0BzMDL1kWxce25V95G1D07ZvXDazLY3oRVAX":{"registrationId":539647263,"currentRatchet":{"ephemeralKeyPair":{"pubKey":"BaI1wy1H9iaedqNKaffAS5cxx+8Ijsry4EASqVTAEXYi","privKey":"wMRXlUh382sZr1s/aGYvBptQv+PIZTqGDkcFf9E94Fc="},"lastRemoteEphemeralKey":"Bf3rJusHE/y3/0cc1UngzTRxS4tLXx0XQoPtO+HMthxH","previousCounter":0,"rootKey":"4pdHotzSnHziIeSvnNKnJW94bg2ZwTHYIzeyI8C7wEM="},"indexInfo":{"baseKey":"BQcdrNAF0BzMDL1kWxce25V95G1D07ZvXDazLY3oRVAX","baseKeyType":1,"closed":-1,"used":1682951107789,"created":1682951107789,"remoteIdentityKey":"BVslBsAhm61LVFoHuGvC6UQFsWpPl20oXkGBQjyRVl5l"},"_chains":{"BaI1wy1H9iaedqNKaffAS5cxx+8Ijsry4EASqVTAEXYi":{"chainKey":{"counter":0,"key":"XuTPBl9e2DmjiOCuQhp4tufoWPsz/yjqgqCEVRm3uL4="},"chainType":1,"messageKeys":{}}},"pendingPreKey":{"signedKeyId":3,"baseKey":"BQcdrNAF0BzMDL1kWxce25V95G1D07ZvXDazLY3oRVAX","preKeyId":12773423}}},"version":"v1"}