{"_sessions":{"BbfsJRVAWU9kvmE6TZw7bOXvaRFypZ5lINR4r5LKQ1Jx":{"registrationId":1238303761,"currentRatchet":{"ephemeralKeyPair":{"pubKey":"BRteDfHbhgyuY4AOMCUk+ZfDmDfRsLigR2onDTcTGCg+","privKey":"cAeWk7f3TW9m1AbwPOM0BGp6/ZkBvC6HfgYh9s8GqGQ="},"lastRemoteEphemeralKey":"BbWiw6EYuXNf+BdMALHAqe4OrPW25Z+q6V0WIPRudJYH","previousCounter":0,"rootKey":"+NZp/eLM+IFpZu7EUvn9ScVcKscZRwGvkdLgUkbHihk="},"indexInfo":{"baseKey":"BbfsJRVAWU9kvmE6TZw7bOXvaRFypZ5lINR4r5LKQ1Jx","baseKeyType":1,"closed":-1,"used":1682951144276,"created":1682951144276,"remoteIdentityKey":"BZQB+EBuWoY59q7aPARdzLAhPIpzGo4FLJaOLn5rQ/0M"},"_chains":{"BRteDfHbhgyuY4AOMCUk+ZfDmDfRsLigR2onDTcTGCg+":{"chainKey":{"counter":0,"key":"4b2RyQegssz40OgypUyMffd3ruUrBWz+oh4XLl1mLwk="},"chainType":1,"messageKeys":{}}},"pendingPreKey":{"signedKeyId":9,"baseKey":"BbfsJRVAWU9kvmE6TZw7bOXvaRFypZ5lINR4r5LKQ1Jx","preKeyId":15882064}}},"version":"v1"}