{"_sessions":{"Be7htWTsK8YKBaevXK3m6pG6G0W7d/NDYiVinXkk91w0":{"registrationId":706575832,"currentRatchet":{"ephemeralKeyPair":{"pubKey":"BX4JDXzyUr5PE7e12FBfroecdgoBko1N77adJg2lAYsM","privKey":"qJ6JBP+0UZmVk6iupRZNpq2UUf0x6Z3bxfC4ehfmRWI="},"lastRemoteEphemeralKey":"BSEgufZyg567Bmje9Ge3v06/DWhP88L7tbQJMLIj0o9B","previousCounter":1,"rootKey":"jKkJHLJNZ1oSoLl6QTU4zqmjh7D5w4+E2rfzcPlaicg="},"indexInfo":{"baseKey":"Be7htWTsK8YKBaevXK3m6pG6G0W7d/NDYiVinXkk91w0","baseKeyType":1,"closed":-1,"used":1682951188409,"created":1682946220295,"remoteIdentityKey":"BW9+HdSvB2t0aYEoVRa39KHl8Xj4ii8j5ump2KmCcD9o"},"_chains":{"BVqWNpA1xebtxkK+SLkksp4PjdaLrU0E/HV5eoJ1Aqp7":{"chainKey":{"counter":0},"chainType":2,"messageKeys":{}},"BcyvDxRuPqpUxt3yIoIBBpwPRtaBY0AdW37fY/MB53tt":{"chainKey":{"counter":2},"chainType":2,"messageKeys":{"0":"NbTS1F1QIIVvbArBe0rVVCGyysNkqRM+ogsPg/SPLEU=","1":"jJJ/3+BdME4nTrItpPohCl9coDmc/Tqqq9o/EfaP5Nc="}},"BSEgufZyg567Bmje9Ge3v06/DWhP88L7tbQJMLIj0o9B":{"chainKey":{"counter":0,"key":"+1gceY1fOw40WgzzpUG0tmGyDuOF1R7e9USCfiKbIG4="},"chainType":2,"messageKeys":{}},"BX4JDXzyUr5PE7e12FBfroecdgoBko1N77adJg2lAYsM":{"chainKey":{"counter":1,"key":"Sxp6cJavrnHIyZ0Div7mkW9cMgNSpn006AQJLe1dzBE="},"chainType":1,"messageKeys":{}}}}},"version":"v1"}