{"_sessions":{"BVaG4eebnOlNLG6PIFFJjJaXdDBNuuSlfs9LxPrDh3Y1":{"registrationId":1163472510,"currentRatchet":{"ephemeralKeyPair":{"pubKey":"BR2RFwBzpri+IKwpuLOMI3NqwwRiSuup4xqVDzRRx+lB","privKey":"qFSzQsvCk45I5GsQAUmQK58iBAkzUoWM4wDd2xgIr0s="},"lastRemoteEphemeralKey":"Bcb1RO5R0dsVvs6UeWZJ6cLj9q5i65gY0sU3jyU1Yegj","previousCounter":0,"rootKey":"wbEz5xiS24b++X6nZlcvIr78Jz/T5ZsdDvDKz9xs2+o="},"indexInfo":{"baseKey":"BVaG4eebnOlNLG6PIFFJjJaXdDBNuuSlfs9LxPrDh3Y1","baseKeyType":1,"closed":-1,"used":1682951144421,"created":1682951144421,"remoteIdentityKey":"BRiBFCdhzynxXWFOOu5Bvi9EHGSHNgLS7KWBNmENJRJl"},"_chains":{"BR2RFwBzpri+IKwpuLOMI3NqwwRiSuup4xqVDzRRx+lB":{"chainKey":{"counter":0,"key":"uuFLrxlo8FApQKA7bkIzasaDcsYxZDDllEgWM7Vzgh4="},"chainType":1,"messageKeys":{}}},"pendingPreKey":{"signedKeyId":40,"baseKey":"BVaG4eebnOlNLG6PIFFJjJaXdDBNuuSlfs9LxPrDh3Y1","preKeyId":3815904}}},"version":"v1"}