{"_sessions":{"BUc5z3clmq3TefJSz/kH4P23AvbGVZvGRPOj66DiMDNZ":{"registrationId":2050301591,"currentRatchet":{"ephemeralKeyPair":{"pubKey":"BXwohVy6XD0dX6G8Qde/yZNtHNQvU3i6Jr5UpqKxnC9p","privKey":"mNJWJmZXI8soIGu1fkuZDiibAD49IwAFGDGhg3dMWlM="},"lastRemoteEphemeralKey":"BbOY9OfVZUvEHHP16lGMxPsWkhcZZ+6HPCNcjXXdjPtA","previousCounter":0,"rootKey":"i46rEAsxvw0oKSUx0nvoAGW2vUMNQDfk2KDGZkYKwrg="},"indexInfo":{"baseKey":"BUc5z3clmq3TefJSz/kH4P23AvbGVZvGRPOj66DiMDNZ","baseKeyType":1,"closed":-1,"used":1682951107982,"created":1682951107982,"remoteIdentityKey":"BXjVy66Khd2C+vjeLK85qAzGwz0w9Kz22DeV9DtR/xAb"},"_chains":{"BXwohVy6XD0dX6G8Qde/yZNtHNQvU3i6Jr5UpqKxnC9p":{"chainKey":{"counter":0,"key":"RRzGXyjkQi/ESqupR6Ge/OJv8YBopVpoohzs9KrKxSw="},"chainType":1,"messageKeys":{}}},"pendingPreKey":{"signedKeyId":20,"baseKey":"BUc5z3clmq3TefJSz/kH4P23AvbGVZvGRPOj66DiMDNZ"}}},"version":"v1"}