{"_sessions":{"BYsSgaZAStrjENuy6gYTEqNwK9MXri1g6O6la/ojNrdE":{"registrationId":1666734001,"currentRatchet":{"ephemeralKeyPair":{"pubKey":"BYWhDFdMtvP91zAYULFGgQBG4ndoAcT+H4gIuZ431gYN","privKey":"CE32KCsbznzbTI2vtw6ENJlVrJROVDk2XqbPWoRcxG4="},"lastRemoteEphemeralKey":"BQQL5e1j8Kdr+73ZpoNokoW4NTWK7S2BrR5a+eiNwdZy","previousCounter":0,"rootKey":"34e2TCVKJNikHaGe86JNGJ0PKJ4zIIzP9ypXbNMfQ5A="},"indexInfo":{"baseKey":"BYsSgaZAStrjENuy6gYTEqNwK9MXri1g6O6la/ojNrdE","baseKeyType":1,"closed":-1,"used":1682946220491,"created":1682946220491,"remoteIdentityKey":"BSGVd+RMKuUY/o9j9iLA7NXJrA8tlyiRNZr5AsElDlca"},"_chains":{"BYWhDFdMtvP91zAYULFGgQBG4ndoAcT+H4gIuZ431gYN":{"chainKey":{"counter":20,"key":"37OuV3ym3iZG+U2OAvx74OdHRvOMx6NJV+8G14MkJwk="},"chainType":1,"messageKeys":{}}},"pendingPreKey":{"signedKeyId":0,"baseKey":"BYsSgaZAStrjENuy6gYTEqNwK9MXri1g6O6la/ojNrdE"}}},"version":"v1"}