{"_sessions":{"BUN5AWqanSTHMFFHsg/VLBY4qOdig97eWVIBHqnmHXIM":{"registrationId":1949078086,"currentRatchet":{"ephemeralKeyPair":{"pubKey":"BXGkJ+odjYjFTJLRLEoJ7l/ihxGCVPpCqRQ3PxLLrqNj","privKey":"+P/cd6+v+Z4rzdSIxa9pbD3UmsTmZrZbaFMCdN2VAHE="},"lastRemoteEphemeralKey":"BSZOnJzUVMI1FnHYqxrRG1+38PIMiDW+bIpR/0H1vKAR","previousCounter":1,"rootKey":"6P7hF9m7UORMJPL7KlA2LswrQH6coLvpp9Nrr9BijbI="},"indexInfo":{"baseKey":"BUN5AWqanSTHMFFHsg/VLBY4qOdig97eWVIBHqnmHXIM","baseKeyType":1,"closed":-1,"used":1682951468832,"created":1682951189017,"remoteIdentityKey":"BaBhayoYIageSoSpk/bJdHxNDvFYy9AZmQzBD2ScoYoe"},"_chains":{"BSZOnJzUVMI1FnHYqxrRG1+38PIMiDW+bIpR/0H1vKAR":{"chainKey":{"counter":1,"key":"6OOFNRCUc9Gt+YIoKa5KipDcOsxlBN3AZU/FmYCF5rQ="},"chainType":2,"messageKeys":{}},"BXGkJ+odjYjFTJLRLEoJ7l/ihxGCVPpCqRQ3PxLLrqNj":{"chainKey":{"counter":-1,"key":"qoV3+HNyL8SptRjz1m4upBch0qAnBJ74+h5L/ksofpI="},"chainType":1,"messageKeys":{}}}}},"version":"v1"}