{"_sessions":{"BZrKi0H6HXgQCtckou2JdopWp2VDOGKIOYW+sp/DaKVA":{"registrationId":1857126671,"currentRatchet":{"ephemeralKeyPair":{"pubKey":"BQe3Opjjm05vtBwiLTP3E9/4vzCulAdeXh7KBmiFuGk/","privKey":"QIcBgR9AT8FIndFyyFdJqMtyAp4tfQMIJCOwKSQf1mo="},"lastRemoteEphemeralKey":"BXRS7EcWJpq5iAXTp4UsiLvUCMWg1yShZ2NJSf9YxK04","previousCounter":0,"rootKey":"Rg7epPr2qmdEM11xDJHDC7XT6q0rUBLn4vOptGieDsw="},"indexInfo":{"baseKey":"BZrKi0H6HXgQCtckou2JdopWp2VDOGKIOYW+sp/DaKVA","baseKeyType":1,"closed":-1,"used":1682951107912,"created":1682951107912,"remoteIdentityKey":"BUupJbzWoIAnp0hlJa7lL1A508yOdONtD+9JUjROXugW"},"_chains":{"BQe3Opjjm05vtBwiLTP3E9/4vzCulAdeXh7KBmiFuGk/":{"chainKey":{"counter":0,"key":"ucprPEgp89QiJDaHQFevZmFQJtWs1/MSpey1ZbM0oAQ="},"chainType":1,"messageKeys":{}}},"pendingPreKey":{"signedKeyId":2,"baseKey":"BZrKi0H6HXgQCtckou2JdopWp2VDOGKIOYW+sp/DaKVA","preKeyId":15483199}}},"version":"v1"}