{"_sessions":{"Be2Nr8ku2T+7oYsxuRkXLy5xmM4l4DmW+JoBBx2lqK1S":{"registrationId":643570275,"currentRatchet":{"ephemeralKeyPair":{"pubKey":"BXSZ5U//uWRCcN8MsJ0BgoIjYpBMWbfxD2mZQ0Jowtpy","privKey":"WKtT4X6gLIpTxW2JcA0itm/A8Eh8Yl4BVEXp2stfCWo="},"lastRemoteEphemeralKey":"Baruj6D/Cex4no5yXc0ZSWWgAzMVJLpIRk/XdDkiEBdg","previousCounter":0,"rootKey":"cfYX/nXfBFn3lh0TdoC2yC5Uvl/WUayRlSsxpc0D9zM="},"indexInfo":{"baseKey":"Be2Nr8ku2T+7oYsxuRkXLy5xmM4l4DmW+JoBBx2lqK1S","baseKeyType":1,"closed":-1,"used":1682946220482,"created":1682946220482,"remoteIdentityKey":"BVaDG+03RHIjCoFd5cIDxLfMrPqLr0V6bQwGM7Zjr91Q"},"_chains":{"BXSZ5U//uWRCcN8MsJ0BgoIjYpBMWbfxD2mZQ0Jowtpy":{"chainKey":{"counter":20,"key":"8Sl22fNJevXU+h7ePw5NcXPPuCF0dR6/C/s/3SaqyKY="},"chainType":1,"messageKeys":{}}},"pendingPreKey":{"signedKeyId":5,"baseKey":"Be2Nr8ku2T+7oYsxuRkXLy5xmM4l4DmW+JoBBx2lqK1S","preKeyId":9280487}}},"version":"v1"}