{"_sessions":{"BQ4xdhZklmwymkblt+0n4uSsrLsJI9eQ1I5gj069RLRh":{"registrationId":134477025,"currentRatchet":{"ephemeralKeyPair":{"pubKey":"BY5cLE7yvaMuKoTxU95y9lOj+oD3HIY8cmUE/qK7uA4a","privKey":"qOWIEO6zd9YzAtpCWrxBV5SiHNTa/vEENcBvRrW8ilw="},"lastRemoteEphemeralKey":"BSnI0AsvBLXW4rh1Z2wGeSXR1urjwDtmctCVe7zlfmV/","previousCounter":2,"rootKey":"pAZmWoA5Cv+ZJEHBkFQauaahWQGvx5lEMFnnMDPdnyY="},"indexInfo":{"baseKey":"BQ4xdhZklmwymkblt+0n4uSsrLsJI9eQ1I5gj069RLRh","baseKeyType":1,"closed":-1,"used":1682951200387,"created":1682946220322,"remoteIdentityKey":"Bf7xhqj/AsESGq0q3o2nEONQYrSXnzaMp4QoaeYnNoZD"},"_chains":{"BV882dajnog5AF5iRk6KbXIMZiwZf3TuAE1ohFYMz49d":{"chainKey":{"counter":1},"chainType":2,"messageKeys":{"0":"h/WV/nr4BaYGKjE2YSGwtbV/fzVRAs9DWDfvX3nsTZc="}},"BSnI0AsvBLXW4rh1Z2wGeSXR1urjwDtmctCVe7zlfmV/":{"chainKey":{"counter":0,"key":"wFIxQPpyQXgBdmeDhaB0DZ85fLL5OTc19yupAYnBjdI="},"chainType":2,"messageKeys":{}},"BY5cLE7yvaMuKoTxU95y9lOj+oD3HIY8cmUE/qK7uA4a":{"chainKey":{"counter":0,"key":"PZ80rTi9b6oZBr1MMc5YRvCVuhBYiJT5CZTsZ/Bn17U="},"chainType":1,"messageKeys":{}}}}},"version":"v1"}