{"_sessions":{"BaqRaLocs5CEd9+qFOZZ4wU6qR8uA3DJ3UeEj1QzRnNy":{"registrationId":568502751,"currentRatchet":{"ephemeralKeyPair":{"pubKey":"BUT1jLSIeKHEeMLxXUFbNBnAmd+QcTc1sfSXsqRshoBq","privKey":"iFkv7nAuBFAoYWrQKeRsqO9Vy2Oq/ExWnXmyw69ACEw="},"lastRemoteEphemeralKey":"BUwarLOzxjmmU84dV3ouwWRIsqDWcTGs0Uj0ax8avYN/","previousCounter":0,"rootKey":"ILtSgk1PSyq89qfO56/mD7NBuRQHF5Mio69lMp5Go/g="},"indexInfo":{"baseKey":"BaqRaLocs5CEd9+qFOZZ4wU6qR8uA3DJ3UeEj1QzRnNy","baseKeyType":1,"closed":-1,"used":1682951144441,"created":1682951144441,"remoteIdentityKey":"BQO0vlhkHFUXopTjnTOcrrtATVaTB8Vb/Lfm6JDGtkBp"},"_chains":{"BUT1jLSIeKHEeMLxXUFbNBnAmd+QcTc1sfSXsqRshoBq":{"chainKey":{"counter":0,"key":"PQprz1gPBC8lBvzk5bbEwKUobziKcRPlV8KD0yfmEoc="},"chainType":1,"messageKeys":{}}},"pendingPreKey":{"signedKeyId":12,"baseKey":"BaqRaLocs5CEd9+qFOZZ4wU6qR8uA3DJ3UeEj1QzRnNy","preKeyId":3347739}}},"version":"v1"}