{"_sessions":{"BYIDENrSGMFGIRNEqKwEyMx40/nsCl1p2Yt8xzUs1Y0b":{"registrationId":214192687,"currentRatchet":{"ephemeralKeyPair":{"pubKey":"BdoWZYPbunV1KSy/QxFH6Mmu8Go89NqIvGtH27JWfVIq","privKey":"6KWHpwde0Xlbyksv2cpcIOL7LlLMfW2+YGeA7yPUVls="},"lastRemoteEphemeralKey":"BeFQIz+TTGubNO77sPCFjFbp+5+TYmoJKTSN2LJwgNBr","previousCounter":0,"rootKey":"fPJVuZHY1rwPAlMquHsSaGRuBgs8c3kTcYZeu/2e87Y="},"indexInfo":{"baseKey":"BYIDENrSGMFGIRNEqKwEyMx40/nsCl1p2Yt8xzUs1Y0b","baseKeyType":1,"closed":-1,"used":1682951144518,"created":1682951144518,"remoteIdentityKey":"BfVVQJnL0G7Xl4cEab/kT3OEm4A4GCiphsvlrrje2AdA"},"_chains":{"BdoWZYPbunV1KSy/QxFH6Mmu8Go89NqIvGtH27JWfVIq":{"chainKey":{"counter":0,"key":"Yokfjxw3XjlW2uXprADi8Tpp+wpCG0TFPZs/avCsbmM="},"chainType":1,"messageKeys":{}}},"pendingPreKey":{"signedKeyId":1,"baseKey":"BYIDENrSGMFGIRNEqKwEyMx40/nsCl1p2Yt8xzUs1Y0b","preKeyId":16247937}}},"version":"v1"}