{"_sessions":{"Bc8UQc5r5X8hHjUwd4SKW1lJU+KrbvqUpLR8hWtGc3cR":{"registrationId":1584845914,"currentRatchet":{"ephemeralKeyPair":{"pubKey":"BaJF0w3PJGd5KcbjfWlBQzaVjKScU63SJyjDNMb+ky8g","privKey":"8AJ5JE4bHybDNk5+TqfBJ3vVFf/QpR1oGHiJMWD4d14="},"lastRemoteEphemeralKey":"BS8R/Ehxhpc5DFxEXxvD35IZ0E8QjgiFa+dx4vxPJdJT","previousCounter":6,"rootKey":"E7WlG6RljxpG4qGpP42yDqw+YjEZDwDOzWdocqSUqQs="},"indexInfo":{"baseKey":"Bc8UQc5r5X8hHjUwd4SKW1lJU+KrbvqUpLR8hWtGc3cR","baseKeyType":1,"closed":-1,"used":1682951257631,"created":1682946220300,"remoteIdentityKey":"BVe6TMzQ2fuuvhYFcRp+MZAntRq6USiMGZoPTZp8p68I"},"_chains":{"Bes1fcyNswMaA0DHd1jLw8AnTe5ieE1lrJaCLNGaUTxN":{"chainKey":{"counter":0},"chainType":2,"messageKeys":{}},"BS8R/Ehxhpc5DFxEXxvD35IZ0E8QjgiFa+dx4vxPJdJT":{"chainKey":{"counter":1,"key":"5f95PHds6FZx6Dv9WIivR1U7IRsX5Yxwrl9iK1sZZIU="},"chainType":2,"messageKeys":{}},"BaJF0w3PJGd5KcbjfWlBQzaVjKScU63SJyjDNMb+ky8g":{"chainKey":{"counter":1,"key":"h9sroSwExaFXWYkOLG9lc2Zvj8sVhiAjvDJy13ZjDZI="},"chainType":1,"messageKeys":{}}}}},"version":"v1"}