{"_sessions":{"BdtAnZOD5IDZs90AMCM1ct/xfgGDHJVgPT6BfeA7jcds":{"registrationId":1159983894,"currentRatchet":{"ephemeralKeyPair":{"pubKey":"BSuy4QtdU61rJdsb8Ewfth/i4hW8qxbr1r1YW5fT0ft8","privKey":"kB9r9QY72jX9KNdQ/e3bGPm76C3RI/JGQHPUy62ObXw="},"lastRemoteEphemeralKey":"BSp9NfpywALXD8aGVahPCMaADYYIBOR8SjF1oV+Ub5k+","previousCounter":1,"rootKey":"IyazPayEvYKV2+LGCSwOS76m4pTsELtzQiP6TndESWE="},"indexInfo":{"baseKey":"BdtAnZOD5IDZs90AMCM1ct/xfgGDHJVgPT6BfeA7jcds","baseKeyType":1,"closed":-1,"used":1682951188315,"created":1682946220328,"remoteIdentityKey":"BWyuAMt44cFvL8UMGHJpjEcMfeIVXDI72EbIW+B/2WtM"},"_chains":{"BQ3Ma1L/FRa5XVFXaUoacfWPepFD4a3E/cjr48jLpKpv":{"chainKey":{"counter":0},"chainType":2,"messageKeys":{}},"BQcfclYdaC9MdO4Nb4XnatnEH6xgGq8u5grngjNoxEdW":{"chainKey":{"counter":0},"chainType":2,"messageKeys":{}},"BSp9NfpywALXD8aGVahPCMaADYYIBOR8SjF1oV+Ub5k+":{"chainKey":{"counter":0,"key":"qamFEf9ojsALeWxu0dUwIUidlMQ2uRPe19EEES7y1Ko="},"chainType":2,"messageKeys":{}},"BSuy4QtdU61rJdsb8Ewfth/i4hW8qxbr1r1YW5fT0ft8":{"chainKey":{"counter":1,"key":"vH+TZ3SIyU9VHVwwU8uMsdQaVoq0mYj8sg6GYaf4l/Q="},"chainType":1,"messageKeys":{}}}}},"version":"v1"}