{"_sessions":{"BRkScDggenvIg8IYP06Dciv2E93KsUwq77WTUTn5A5JF":{"registrationId":908328612,"currentRatchet":{"ephemeralKeyPair":{"pubKey":"BWeqpW6VAW67bn92odggOpWFgtpcuOkuRE3l4CtFc5Ew","privKey":"cGFr4mtiRzuDqj1xJ+OrFrCqiREeI1L8ccBX1sYnsnE="},"lastRemoteEphemeralKey":"Bb0jTum51fCVMn47w1D9nSrA95XOcnH7GWhooM+8Sdgc","previousCounter":0,"rootKey":"JFlWTlFwcuoUK51iac2/He7ldaJD7EST9zBTOTe/heU="},"indexInfo":{"baseKey":"BRkScDggenvIg8IYP06Dciv2E93KsUwq77WTUTn5A5JF","baseKeyType":1,"closed":-1,"used":1682951107892,"created":1682951107892,"remoteIdentityKey":"BXRe83tbg+o+9qwStBHQm9o4mJsPaEdDmpUPND1xqWgp"},"_chains":{"BWeqpW6VAW67bn92odggOpWFgtpcuOkuRE3l4CtFc5Ew":{"chainKey":{"counter":0,"key":"wvEG9V5v8st2yxeVHUI3hVeb5XZAuT79ZFJAat+hhpg="},"chainType":1,"messageKeys":{}}},"pendingPreKey":{"signedKeyId":1,"baseKey":"BRkScDggenvIg8IYP06Dciv2E93KsUwq77WTUTn5A5JF","preKeyId":15840229}}},"version":"v1"}