{"_sessions":{"BcOo02zwlnlKS6iGsIbo9bkTDmEkHgZXhSJbXb/E05Ew":{"registrationId":1592066975,"currentRatchet":{"ephemeralKeyPair":{"pubKey":"BRYm+Dl9hQmG15tYdaMnaf+zx664g0xdZI0Nj9Vtm2Ze","privKey":"oGsR+R3TbPc1/sijNZr0PKboBrkBSPt7hJZFU0CC/n4="},"lastRemoteEphemeralKey":"Be7ursPw1xgEd20VF9UNPm8V9Pw9U5G62UlRqJ2pPTRk","previousCounter":0,"rootKey":"xQyqCQkfkIOvIlVWW4IkoSinrc3Q14UCIGQmX3chhgw="},"indexInfo":{"baseKey":"BcOo02zwlnlKS6iGsIbo9bkTDmEkHgZXhSJbXb/E05Ew","baseKeyType":1,"closed":-1,"used":1682951107872,"created":1682951107872,"remoteIdentityKey":"BR9zOJ25mth3N+pyD5iIGOU8Gj/+kq4e1IjeGDKNl2h3"},"_chains":{"BRYm+Dl9hQmG15tYdaMnaf+zx664g0xdZI0Nj9Vtm2Ze":{"chainKey":{"counter":0,"key":"1qxxgl+ly3eMGJQnpE041iUj0h5Z78Tz/vK20ooAg4o="},"chainType":1,"messageKeys":{}}},"pendingPreKey":{"signedKeyId":1,"baseKey":"BcOo02zwlnlKS6iGsIbo9bkTDmEkHgZXhSJbXb/E05Ew"}}},"version":"v1"}