{"_sessions":{"Bb5BV6NFkdlzo4Of+fVPGCr2MipOE0dTfQVMGrK8qCce":{"registrationId":202289653,"currentRatchet":{"ephemeralKeyPair":{"pubKey":"BXYLHv8ZVEFhUzJdsaE9DZbJdYCemcsJEpesxDXacGQG","privKey":"oKmOqlMwSvJ94VdOdcJMHKBAVAc0u0hwvApWmqyBZ20="},"lastRemoteEphemeralKey":"BUSxv7iT9migQKzSlCLkMFVEyCFns9+Y9XmJmNhUdfRx","previousCounter":0,"rootKey":"uW0Gt06mcelYVd62ajKOn9HLMuHxVuG+2zxdl6G6jLc="},"indexInfo":{"baseKey":"Bb5BV6NFkdlzo4Of+fVPGCr2MipOE0dTfQVMGrK8qCce","baseKeyType":1,"closed":-1,"used":1682951144471,"created":1682951144471,"remoteIdentityKey":"Bdx56xuDIBl71LqKIUkIQAd0G9kz2kA3x2VWvlIOiHBf"},"_chains":{"BXYLHv8ZVEFhUzJdsaE9DZbJdYCemcsJEpesxDXacGQG":{"chainKey":{"counter":0,"key":"Y6ZY+CfIRCeFqxLFWu7Ac5+faGbozZ5L5rvg1xzkPW4="},"chainType":1,"messageKeys":{}}},"pendingPreKey":{"signedKeyId":3,"baseKey":"Bb5BV6NFkdlzo4Of+fVPGCr2MipOE0dTfQVMGrK8qCce","preKeyId":3474523}}},"version":"v1"}