{"_sessions":{"BXPpSqsmlP8hQO1MhFEoSM1k8ohgFMHJJtcoEKLj2pdT":{"registrationId":694772183,"currentRatchet":{"ephemeralKeyPair":{"pubKey":"BXZ2LqmcUIVgz3ABuaqkJjCOuY/QXFw9sQqr3k5BVngW","privKey":"ePKSoeNr14W/e9d5jPmonKErOC8TNK9BR3y6pi9mZls="},"lastRemoteEphemeralKey":"BZxkMJTSpq134rMnXWK3x3LjgBkUKwVN/4tUHJBZXCwL","previousCounter":0,"rootKey":"LNXO2H7Aq49oxTDaCqLp8d63ct3931qNOwYEQqStYok="},"indexInfo":{"baseKey":"BXPpSqsmlP8hQO1MhFEoSM1k8ohgFMHJJtcoEKLj2pdT","baseKeyType":1,"closed":-1,"used":1682951144272,"created":1682951144272,"remoteIdentityKey":"Bay0UVbV3+IgoBafRGzbucZu8YsV7ZG6AKiih4CqTs4Z"},"_chains":{"BXZ2LqmcUIVgz3ABuaqkJjCOuY/QXFw9sQqr3k5BVngW":{"chainKey":{"counter":0,"key":"6z7Bo8EsETZTdsXMAjuUBQ1PL2UicAxCKPOFTSbpc40="},"chainType":1,"messageKeys":{}}},"pendingPreKey":{"signedKeyId":2,"baseKey":"BXPpSqsmlP8hQO1MhFEoSM1k8ohgFMHJJtcoEKLj2pdT","preKeyId":3591139}}},"version":"v1"}