{"_sessions":{"BcTpo8f4mtFJo/woEfc7ICuZdKNTy+duAVboDHU3Pu9i":{"registrationId":81431545,"currentRatchet":{"ephemeralKeyPair":{"pubKey":"BQqlFizA+wVKvRIC9/CWkl5BAQwTw19hOKuBlQm6IfYN","privKey":"uIHXLyjJ4wMD5Fm3XaLmeWlUMLV1aYPCc8uzDE0383E="},"lastRemoteEphemeralKey":"BbLeMFqSHpVavdDsiz6nwEa/f2b6HTd8SkC4Zj4ftAV9","previousCounter":0,"rootKey":"HTQAANb73+Z8lGnN7QfTtxcupC+Qmj85VoUxLoTt5bQ="},"indexInfo":{"baseKey":"BcTpo8f4mtFJo/woEfc7ICuZdKNTy+duAVboDHU3Pu9i","baseKeyType":1,"closed":-1,"used":1682951144311,"created":1682951144311,"remoteIdentityKey":"BY/QKf/5DIsCsufE2/Ar1fn+qZTcsgy+V2AIxByCGMQR"},"_chains":{"BQqlFizA+wVKvRIC9/CWkl5BAQwTw19hOKuBlQm6IfYN":{"chainKey":{"counter":0,"key":"kU0haN1VPNGOyNZyMfzOQM02hGA9kN2yZvEdL48hIiA="},"chainType":1,"messageKeys":{}}},"pendingPreKey":{"signedKeyId":3,"baseKey":"BcTpo8f4mtFJo/woEfc7ICuZdKNTy+duAVboDHU3Pu9i","preKeyId":947332}}},"version":"v1"}