{"_sessions":{"BePHRzZ2ObvVKISE2FokEScGmX12YUGDJtL5azoTVy8P":{"registrationId":1541225778,"currentRatchet":{"ephemeralKeyPair":{"pubKey":"BdalldjEea+ny+UrRwKfpM/3IwLxWHCQ4uC3+OtQF+Fr","privKey":"8ORJSQ3Zlh89Mg6I5QUSEAceu3e0MX2MaPWssYtPYlg="},"lastRemoteEphemeralKey":"BaUGWmlEbSSzfmgvRWSzIjg7cN+t973CYLBTdT9sfZpz","previousCounter":0,"rootKey":"lk3j+xK537AF6m8wLnGb7LbWGr/eG2WjoELHhGv9Omo="},"indexInfo":{"baseKey":"BePHRzZ2ObvVKISE2FokEScGmX12YUGDJtL5azoTVy8P","baseKeyType":1,"closed":-1,"used":1682951107808,"created":1682951107808,"remoteIdentityKey":"BcbDJzVqeO/ItoTcrN2sOZx9rXe7x4FMRSYAKKa4l6tJ"},"_chains":{"BdalldjEea+ny+UrRwKfpM/3IwLxWHCQ4uC3+OtQF+Fr":{"chainKey":{"counter":0,"key":"x9e3L3d3ZZF1MGOiPrB/7dZKnl2zGP2wc33L70eB2js="},"chainType":1,"messageKeys":{}}},"pendingPreKey":{"signedKeyId":1,"baseKey":"BePHRzZ2ObvVKISE2FokEScGmX12YUGDJtL5azoTVy8P"}}},"version":"v1"}