{"_sessions":{"BcDAYZ9+0mBzClIjAtvqflGsA4CZm09BF+iKrgLDmKBc":{"registrationId":1289147146,"currentRatchet":{"ephemeralKeyPair":{"pubKey":"BYT/Lc4Il4I3Z81ecuAz87SOSsJg4233R4Wu+gVuJccN","privKey":"uAK/HCF4KCMF4gtVCFaPIMrD3m9TTZD3lxW1RO+CqUc="},"lastRemoteEphemeralKey":"BWg43cKDqyLHm0TffGeFDsyQLqG/ECyezGViIaaA3LoV","previousCounter":4,"rootKey":"6EIVSAotYugE/sF+6Es4JbudMGzsptITKVL/tpa/3xU="},"indexInfo":{"baseKey":"BcDAYZ9+0mBzClIjAtvqflGsA4CZm09BF+iKrgLDmKBc","baseKeyType":1,"closed":-1,"used":1682951188255,"created":1682946220404,"remoteIdentityKey":"BYEm3Pu/fyjaEaj7WcE5rrOJEQTqrKetPj9r3+0LLW8I"},"_chains":{"BUY/sejiBxvVkI2rL6j0bZvAkHgYP3GHSTMO6vO2EGRJ":{"chainKey":{"counter":0},"chainType":2,"messageKeys":{}},"BWg43cKDqyLHm0TffGeFDsyQLqG/ECyezGViIaaA3LoV":{"chainKey":{"counter":0,"key":"/aSG57PD+4Bot6S9mS8VJn7CK//kv1piMl0E1mjEfbE="},"chainType":2,"messageKeys":{}},"BYT/Lc4Il4I3Z81ecuAz87SOSsJg4233R4Wu+gVuJccN":{"chainKey":{"counter":1,"key":"cd6tqeJtSO4hp54btiumn7HDrDAX3BS/SHFbDqlQfXI="},"chainType":1,"messageKeys":{}}}}},"version":"v1"}