{"_sessions":{"BbK+rqTyIe8YiHu6uj7duojoIXiuAVyxVJp5XhmMM9d9":{"registrationId":719055873,"currentRatchet":{"ephemeralKeyPair":{"pubKey":"BQAOfTlP1/g5PLuLPS2hM+vGlvLPB7nHy3PTpmu3WCka","privKey":"KKzhG+6wZdUlkq5VAO+RVBKHJKbb3Ze01Mt8rE5dgGs="},"lastRemoteEphemeralKey":"BTsxW/2bCi+a4FLJcT3nOokNqa1oyRzN2wjj33IFlHhy","previousCounter":0,"rootKey":"yAxD0sGcN9XOUBQyjyFj9dcHAkrFxJ2qwNm9btpstoQ="},"indexInfo":{"baseKey":"BbK+rqTyIe8YiHu6uj7duojoIXiuAVyxVJp5XhmMM9d9","baseKeyType":1,"closed":-1,"used":1682951144300,"created":1682951144300,"remoteIdentityKey":"Bcm+HcdNO1yZcpjpsFdLYL8IVUUh+x8/idaFSlg1/b1m"},"_chains":{"BQAOfTlP1/g5PLuLPS2hM+vGlvLPB7nHy3PTpmu3WCka":{"chainKey":{"counter":0,"key":"F+aDjnsBKhexX9TqPjA6cVBVFggw9rlICKFNdG0g2lM="},"chainType":1,"messageKeys":{}}},"pendingPreKey":{"signedKeyId":4,"baseKey":"BbK+rqTyIe8YiHu6uj7duojoIXiuAVyxVJp5XhmMM9d9","preKeyId":3678210}}},"version":"v1"}