{"_sessions":{"Bfc78XimLCfShT81WV5vVg8k4AGGI8hLld5jd5ldg3M/":{"registrationId":1945063678,"currentRatchet":{"ephemeralKeyPair":{"pubKey":"BV8uqfIGasTM4DgkP16IPOXNPZBcY8s1YzWInM1Pul8o","privKey":"OIuUDUjMLZOJfPvBhF+4Znu8/F70QjsvmsCYc2rX/n0="},"lastRemoteEphemeralKey":"BZ08DsO7NVSMUWzA9owndWR0RgePbygcaZdbE3a9zkJP","previousCounter":4,"rootKey":"u1uGKbkmemzcPy7KEYZ3zydCJp+Ht8BasnQVmSKOqog="},"indexInfo":{"baseKey":"Bfc78XimLCfShT81WV5vVg8k4AGGI8hLld5jd5ldg3M/","baseKeyType":1,"closed":-1,"used":1682951187287,"created":1682946220495,"remoteIdentityKey":"BXOGQ9XzU+pqspA6UHeQ+YYxZREJ2jdmyPiCPS7djo5G"},"_chains":{"Bcju5K5hGjWR7gjZehG+NfeAAQADtcdHL3oXpxwFbskp":{"chainKey":{"counter":0},"chainType":2,"messageKeys":{}},"BZ08DsO7NVSMUWzA9owndWR0RgePbygcaZdbE3a9zkJP":{"chainKey":{"counter":0,"key":"lyNUudyX3ogM4W5h+aGPs9Cikjzrm6sSTr3wNoe8C/o="},"chainType":2,"messageKeys":{}},"BV8uqfIGasTM4DgkP16IPOXNPZBcY8s1YzWInM1Pul8o":{"chainKey":{"counter":1,"key":"dM/IALnDNHxzwgq+R7wlzuk+aPv7QBY0ES+u/b8NT3E="},"chainType":1,"messageKeys":{}}}}},"version":"v1"}