{"_sessions":{"BUf4juzctJ5xnYijWUF7tu1BpUCBE3hospIYRiuIcdBc":{"registrationId":615279447,"currentRatchet":{"ephemeralKeyPair":{"pubKey":"BUSW9kZxKBLRXlaFf5voNGQU02M22aitxmYIZa8iHGRL","privKey":"EMnVTEwn0J6SRj6d5MM95NHRHIJS7nYX10QHikJ+iGI="},"lastRemoteEphemeralKey":"BSCj6EVyKtMgIMxxKJwBI1dARiVWFCQc1/JpAOupDZx5","previousCounter":0,"rootKey":"hXgMwUAhrWZMkGfVCVOdnMDkbmwZFKvdyannTiu+fbs="},"indexInfo":{"baseKey":"BUf4juzctJ5xnYijWUF7tu1BpUCBE3hospIYRiuIcdBc","baseKeyType":1,"closed":-1,"used":1682951108017,"created":1682951108017,"remoteIdentityKey":"BYEyOXeJ7VEqINsusE8GuLncZo310sNXn4WVyX3R1bdm"},"_chains":{"BUSW9kZxKBLRXlaFf5voNGQU02M22aitxmYIZa8iHGRL":{"chainKey":{"counter":0,"key":"bgRVw/3XM2MEsuyCEvB4rglKaM1/vPr5Bz9kYBt5IvU="},"chainType":1,"messageKeys":{}}},"pendingPreKey":{"signedKeyId":8,"baseKey":"BUf4juzctJ5xnYijWUF7tu1BpUCBE3hospIYRiuIcdBc","preKeyId":4880635}}},"version":"v1"}