{"_sessions":{"BTY0cLRtTzCzR5fQrAAvS0RL+mk8wcZPOC2uCfr/YXpx":{"registrationId":181394584,"currentRatchet":{"ephemeralKeyPair":{"pubKey":"BWwLbOY39q7Ntt67Vyjd3sMOoLFLmxfk6qsrrMXUl6Ry","privKey":"eDRlBO/UFs9Sc0WN1Yh6itcrHbe1kbQ9oTctsLZDp1o="},"lastRemoteEphemeralKey":"BSsaVd1YtHUoTpLFO17O+Zv/j/1hoqqgG96pQ6Qr4k5Z","previousCounter":0,"rootKey":"pVKq31Wp+5K4WF9ZVKe/aqMKS3BsbeFLOhcyoA/Ll1o="},"indexInfo":{"baseKey":"BTY0cLRtTzCzR5fQrAAvS0RL+mk8wcZPOC2uCfr/YXpx","baseKeyType":1,"closed":-1,"used":1682951144463,"created":1682951144463,"remoteIdentityKey":"BQbfl2QwAoq4ZQxczFSP1xC8q7wYYShFGwTeZMhaMhNK"},"_chains":{"BWwLbOY39q7Ntt67Vyjd3sMOoLFLmxfk6qsrrMXUl6Ry":{"chainKey":{"counter":0,"key":"7hgLETw6Pglqo9jLv9syMxViq8Ktzx1qjNmdZzV94EA="},"chainType":1,"messageKeys":{}}},"pendingPreKey":{"signedKeyId":4,"baseKey":"BTY0cLRtTzCzR5fQrAAvS0RL+mk8wcZPOC2uCfr/YXpx","preKeyId":3702639}}},"version":"v1"}