{"_sessions":{"Bfm46lGFmu4/t28DhQl2mHi4dFK8IVUxwDHbmjGZtz1K":{"registrationId":1484525986,"currentRatchet":{"ephemeralKeyPair":{"pubKey":"BZ5F24cEMi1rSZSKzwHu/u+E/8MBjKofG47fymeodLwc","privKey":"WAeGWA/rJKHYhSsyyRgi4mLMore60arThqcFsM1PAH4="},"lastRemoteEphemeralKey":"BWEmgzTKCew3uuWT3fkMFfSCTOCUatpaulm0lSZCigZ/","previousCounter":0,"rootKey":"8p3Die8nZGFSBCEiUseDK1OVizSbvQpv+//DLqvRAdE="},"indexInfo":{"baseKey":"Bfm46lGFmu4/t28DhQl2mHi4dFK8IVUxwDHbmjGZtz1K","baseKeyType":1,"closed":-1,"used":1682951144499,"created":1682951144499,"remoteIdentityKey":"BctSOJYZROemE9vknpI8co4Bm1GgNU+NiLkPKTeQojxr"},"_chains":{"BZ5F24cEMi1rSZSKzwHu/u+E/8MBjKofG47fymeodLwc":{"chainKey":{"counter":0,"key":"ygW1nXmQrFI4+SAfpVPSB5aBo5Z5zbTPOnxu3gDKN4o="},"chainType":1,"messageKeys":{}}},"pendingPreKey":{"signedKeyId":3,"baseKey":"Bfm46lGFmu4/t28DhQl2mHi4dFK8IVUxwDHbmjGZtz1K","preKeyId":528159}}},"version":"v1"}