{"_sessions":{"Bdd3ooqnfC9mMNARersTi1rXGg9Lq4M8dD8TqchvM+Uu":{"registrationId":1820962136,"currentRatchet":{"ephemeralKeyPair":{"pubKey":"BUkI6ymvCRQXsu7iawwcyjFiYGbijL3DokYi3DqCJUJY","privKey":"uH7Y7sgGXcy0eECGssxGvMXFgyiBAiNsPeBxW3WUmV0="},"lastRemoteEphemeralKey":"BeQEhVdTAbOGDyv/xb/wHUtBxh6xvYpjLObreF2RDJJp","previousCounter":1,"rootKey":"y3pIuE/jonudIEOfeQ302kEZJVA2ZSwoNXGhXRFFnB4="},"indexInfo":{"baseKey":"Bdd3ooqnfC9mMNARersTi1rXGg9Lq4M8dD8TqchvM+Uu","baseKeyType":1,"closed":-1,"used":1682951591910,"created":1682946220313,"remoteIdentityKey":"BZypEhZsNzKKelXnljBHLg4rFs5O/+rlWf1RGEqCRplM"},"_chains":{"BTns7FdA7W21Xehzbo9dD+XsHNWOhdEcLlaIXL7C83Qe":{"chainKey":{"counter":0},"chainType":2,"messageKeys":{}},"BSXpTMTPPbdty0CxM/32EcsjUOO6ufdLV0tBnDKOcuw9":{"chainKey":{"counter":1},"chainType":2,"messageKeys":{}},"BXhUdpPhFzL+a3AukG7iLOYM/rqDsv2ixf2Myz9l4C82":{"chainKey":{"counter":1},"chainType":2,"messageKeys":{}},"BeQEhVdTAbOGDyv/xb/wHUtBxh6xvYpjLObreF2RDJJp":{"chainKey":{"counter":0,"key":"n3rh2v2P/rk32pShXYktuZTOQULDgbca7gmi93ne/Rs="},"chainType":2,"messageKeys":{}},"BUkI6ymvCRQXsu7iawwcyjFiYGbijL3DokYi3DqCJUJY":{"chainKey":{"counter":-1,"key":"2q9Y7cwSaNucGzEBTQ3L4hj0YM/nfGe++G46n4KtMFw="},"chainType":1,"messageKeys":{}}}}},"version":"v1"}