{"_sessions":{"BR4xlKl0zz+a/538RYSajooabidYE41JuoKBY7kfIRkD":{"registrationId":553175344,"currentRatchet":{"ephemeralKeyPair":{"pubKey":"BTY1XkKi6T1TRmZM7K2ADzz1w6gYgs7aSrjJD+OsyZkH","privKey":"cFVWxn3iuAjgRum4f+pmJ8l+CMVJmudF0AvtKJgvonI="},"lastRemoteEphemeralKey":"BSFEt+jkRfRvMQmXYYlNvZrnZEa03WbCH3PScsLM1exZ","previousCounter":0,"rootKey":"4aLTdys0EDci8dCVC4RNmex8AWNPaQEuc4/wgZhZZF0="},"indexInfo":{"baseKey":"BR4xlKl0zz+a/538RYSajooabidYE41JuoKBY7kfIRkD","baseKeyType":1,"closed":-1,"used":1682951144323,"created":1682951144323,"remoteIdentityKey":"BRQQfOzZ90525zhfN8E9klfiTDfYKClthq0Vb3wPwcMd"},"_chains":{"BTY1XkKi6T1TRmZM7K2ADzz1w6gYgs7aSrjJD+OsyZkH":{"chainKey":{"counter":0,"key":"lbewoSgwiJRGt5AY/MGgqdygFraLcTU5mXTEgqPbp6M="},"chainType":1,"messageKeys":{}}},"pendingPreKey":{"signedKeyId":29,"baseKey":"BR4xlKl0zz+a/538RYSajooabidYE41JuoKBY7kfIRkD","preKeyId":13600991}}},"version":"v1"}