{"_sessions":{"BaYYmxurjD0hcPKiIb9X4kBclb9cIx+9+QgHh1vDzFwJ":{"registrationId":135194542,"currentRatchet":{"ephemeralKeyPair":{"pubKey":"BcqMnL2kjKjnEyUKpIZa6x4xIQWvbwiRUvoCgmSKtOoF","privKey":"oFBOkLSmgRah4ecnh62VXPG/lSPjYKOT8Lork5Y4SGc="},"lastRemoteEphemeralKey":"BWtExwyfmF7mAcBn6wyKfSire2dDblDg/bXasg+PFK8H","previousCounter":0,"rootKey":"QEpvsE6SpTyA1j6KJltqkP8qYtmR7LoHIgawFMwy1GI="},"indexInfo":{"baseKey":"BaYYmxurjD0hcPKiIb9X4kBclb9cIx+9+QgHh1vDzFwJ","baseKeyType":1,"closed":-1,"used":1682951108067,"created":1682951108067,"remoteIdentityKey":"BaTQ07flsgK3QDkY76QVMHOYPON5yH3okJiN1fWJ9TQq"},"_chains":{"BcqMnL2kjKjnEyUKpIZa6x4xIQWvbwiRUvoCgmSKtOoF":{"chainKey":{"counter":0,"key":"ATpXbViGSkXKrigmglJHYJc4kI6TZugabsO3YGmCe08="},"chainType":1,"messageKeys":{}}},"pendingPreKey":{"signedKeyId":1,"baseKey":"BaYYmxurjD0hcPKiIb9X4kBclb9cIx+9+QgHh1vDzFwJ","preKeyId":15438170}}},"version":"v1"}