{"_sessions":{"BTcWfkIYawjWOrClw+InXseiREaHzVZsP1QIqy+xi8wJ":{"registrationId":1872130888,"currentRatchet":{"ephemeralKeyPair":{"pubKey":"BSXLdwKgXel0DFvOIMmWxb9I2Pvpi/tSRbqfqLyf6t4B","privKey":"OKU+0CimXRlGD8kapGK8nYM4t1pgs3wp/YGDaHKfxW4="},"lastRemoteEphemeralKey":"BUs+xLM13Fsqk12+v+lER9TKeWD0nNZuOUIHYofJ6tFW","previousCounter":0,"rootKey":"2d59wlrMm0Fw3KtkmA7vsaA/Tv5sUc5t+41u3wHc4Yg="},"indexInfo":{"baseKey":"BTcWfkIYawjWOrClw+InXseiREaHzVZsP1QIqy+xi8wJ","baseKeyType":1,"closed":-1,"used":1682951144511,"created":1682951144511,"remoteIdentityKey":"BZgG6jZZv4FL2EyZ930InLuywheznAz/ItmgoMflU6UY"},"_chains":{"BSXLdwKgXel0DFvOIMmWxb9I2Pvpi/tSRbqfqLyf6t4B":{"chainKey":{"counter":0,"key":"r1BS9P2p03YlMxBONnw6ELIbDgD6zv78ARCTiSxSEsc="},"chainType":1,"messageKeys":{}}},"pendingPreKey":{"signedKeyId":5,"baseKey":"BTcWfkIYawjWOrClw+InXseiREaHzVZsP1QIqy+xi8wJ","preKeyId":3970019}}},"version":"v1"}