{"_sessions":{"BbhWxZ4aen85z0SNLnCsK1cX7nKAVaM05ehCTvGfvC9I":{"registrationId":1695882787,"currentRatchet":{"ephemeralKeyPair":{"pubKey":"BT5KDmn8HA1uGLuCsJ6u1cz3LcniVRa+0vQZw8VtwxhE","privKey":"OA2n3mViRlaAw1OwPk1tlUhU5cSaG4ER4RSAsb9gQGY="},"lastRemoteEphemeralKey":"BUAoisihmutT6B44UaaKsrXiGvwnp4LevaAp4e5LRJFy","previousCounter":0,"rootKey":"Ghik3Bj4OuhWzkS5UUws1o/hNCqR9lvLJGo+zGJEnDU="},"indexInfo":{"baseKey":"BbhWxZ4aen85z0SNLnCsK1cX7nKAVaM05ehCTvGfvC9I","baseKeyType":1,"closed":-1,"used":1682951144526,"created":1682951144526,"remoteIdentityKey":"BaHz4+OIj2+6lqCVlF9urdZOfEz0yzyZml+358l4qntp"},"_chains":{"BT5KDmn8HA1uGLuCsJ6u1cz3LcniVRa+0vQZw8VtwxhE":{"chainKey":{"counter":0,"key":"d4ldmgpmyzGPg565ILz7XjWsmVnW7Uij+pGkZvPnJ+w="},"chainType":1,"messageKeys":{}}},"pendingPreKey":{"signedKeyId":1,"baseKey":"BbhWxZ4aen85z0SNLnCsK1cX7nKAVaM05ehCTvGfvC9I","preKeyId":12536367}}},"version":"v1"}