{"_sessions":{"BXo2HOX/jSiDd+rfKHVy0xWc/SHsVsbME1Lh2NwrU+cW":{"registrationId":1371754238,"currentRatchet":{"ephemeralKeyPair":{"pubKey":"BeLWbRvrPAQ0uTmci9ugBmNWifZ8zoGA+mTzpmK8hzNt","privKey":"+N1FV60kNkcVTK/xzTEt7P7LXNzLTtxNVPDq3KzxsVM="},"lastRemoteEphemeralKey":"BaxqcV6avMJKinVkj4VPcHPquBVutecQKI4EdVqjNFMe","previousCounter":1,"rootKey":"dQL6GNKfruE0GPOssCLVw/P93AmDM+ZBtZ11oQ6e41w="},"indexInfo":{"baseKey":"BXo2HOX/jSiDd+rfKHVy0xWc/SHsVsbME1Lh2NwrU+cW","baseKeyType":1,"closed":-1,"used":1682951186737,"created":1682946220435,"remoteIdentityKey":"BScKsmgEFOLNapH/78LOelOZ2pj7/5ar7qPNQGWxHW1P"},"_chains":{"BWSE8606mWCbN9oi2iN6iSQdI/xyPFyEi2LdT3O4kEk3":{"chainKey":{"counter":0},"chainType":2,"messageKeys":{}},"BeHwsaLxO44HqrWTdewGUOrCoDgPv3I637ijaUFubDkL":{"chainKey":{"counter":0},"chainType":2,"messageKeys":{}},"BaxqcV6avMJKinVkj4VPcHPquBVutecQKI4EdVqjNFMe":{"chainKey":{"counter":0,"key":"YyOHcMd/jHQZx50EX9a03iO5p1ulIJRVaLb38XgyZbg="},"chainType":2,"messageKeys":{}},"BeLWbRvrPAQ0uTmci9ugBmNWifZ8zoGA+mTzpmK8hzNt":{"chainKey":{"counter":1,"key":"jaWlGcbB/kw054R9w9OiBPqpTATpCKVuakB4hcNmofc="},"chainType":1,"messageKeys":{}}}}},"version":"v1"}