{"_sessions":{"Bfp9fuFhgF4ftSIyw9OLF1hhHjBvEpEEXzPmPTvdDLpB":{"registrationId":950,"currentRatchet":{"ephemeralKeyPair":{"pubKey":"BfJdrnwpW0zsM8Bfc86AMDYS/oTogfXJixRvKjBd+ysA","privKey":"cG6VGdo50OXkzluhuLYgOjGMBDwDMMR5NCr6sQoQlHo="},"lastRemoteEphemeralKey":"BT8lYsw5+b58pLUQEmbg3Spv6mx/AZ0C9GWlUgsoGAcT","previousCounter":0,"rootKey":"+H4RPIJuiFU/p3NXKPlaD0Xxog8WAmYIea/NouHWRsI="},"indexInfo":{"baseKey":"Bfp9fuFhgF4ftSIyw9OLF1hhHjBvEpEEXzPmPTvdDLpB","baseKeyType":1,"closed":-1,"used":1682946220280,"created":1682946220280,"remoteIdentityKey":"BfsqK1rg10pZP2sretWPcFBXesEvUxyvb95doHzKM5Q/"},"_chains":{"BfJdrnwpW0zsM8Bfc86AMDYS/oTogfXJixRvKjBd+ysA":{"chainKey":{"counter":20,"key":"X8Fp+vPTohS+AgQyzd4GrszyK5Dz/ProUtlPuFIM8+g="},"chainType":1,"messageKeys":{}}},"pendingPreKey":{"signedKeyId":1,"baseKey":"Bfp9fuFhgF4ftSIyw9OLF1hhHjBvEpEEXzPmPTvdDLpB","preKeyId":218}}},"version":"v1"}