{"_sessions":{"BToEI3MKFVk/31v1Qpf5jOMRzwjReWWDndrVUsk6QHVW":{"registrationId":216,"currentRatchet":{"ephemeralKeyPair":{"pubKey":"BdHRy6R98me0FU4vKc676sjuV5BGiQoNE436OJe2+Kkk","privKey":"2BfV/bVtMaRhUBZR+Ql5QS1O1V9ksaEYHfSRRvq92Wo="},"lastRemoteEphemeralKey":"BQlO+pG6v9NmmVt2oUgnTWsRUPeJWptZDGOe9WRyAJoG","previousCounter":0,"rootKey":"WENbIs+XR4VPVgc6P3YUkf8hf+xoAk1ClCj9EenS3i0="},"indexInfo":{"baseKey":"BToEI3MKFVk/31v1Qpf5jOMRzwjReWWDndrVUsk6QHVW","baseKeyType":1,"closed":-1,"used":1682951144237,"created":1682951144237,"remoteIdentityKey":"Bby2KTF5+1UXu52ubTdaMKrpuEdbFL/VyMYW5yFar7Nk"},"_chains":{"BdHRy6R98me0FU4vKc676sjuV5BGiQoNE436OJe2+Kkk":{"chainKey":{"counter":0,"key":"d4mpmU2OHzrdj9burFPQiLbBDCfftYEkdAg17fXGefI="},"chainType":1,"messageKeys":{}}},"pendingPreKey":{"signedKeyId":1,"baseKey":"BToEI3MKFVk/31v1Qpf5jOMRzwjReWWDndrVUsk6QHVW"}}},"version":"v1"}