{"_sessions":{"Be3tnF5M7+K3tpnu2i3z6hfX+Ytc0HMKYzzR2u+rULI9":{"registrationId":2114857084,"currentRatchet":{"ephemeralKeyPair":{"pubKey":"BTieX/gfyfgQ0/pWUimQKR6wiga7Q8EyNBoAp4CLgOEO","privKey":"8IwD+BjYZJuVuU0me++FuGs7nGBRfCW+7Yvtx0NMAl0="},"lastRemoteEphemeralKey":"BefmVH8P5JysGvmEDTWe3sQrqi8sj+bhRCwDPSJFjZdB","previousCounter":0,"rootKey":"mnaugfQnLM9IdP8OdiURx2h7AAFD8Bn1AiAr7m02OCc="},"indexInfo":{"baseKey":"Be3tnF5M7+K3tpnu2i3z6hfX+Ytc0HMKYzzR2u+rULI9","baseKeyType":1,"closed":-1,"used":1682951144413,"created":1682951144413,"remoteIdentityKey":"BSBLq7/J1VfsURIgvdQrpLGG4aSHrOnaTSrH4YVurgAG"},"_chains":{"BTieX/gfyfgQ0/pWUimQKR6wiga7Q8EyNBoAp4CLgOEO":{"chainKey":{"counter":0,"key":"cUyKAMkEzkP+QCRO73w5eb+Y2rO1SWe+25YbJV5UWzg="},"chainType":1,"messageKeys":{}}},"pendingPreKey":{"signedKeyId":4,"baseKey":"Be3tnF5M7+K3tpnu2i3z6hfX+Ytc0HMKYzzR2u+rULI9","preKeyId":3233161}}},"version":"v1"}