{"_sessions":{"BZ27dM4GkYA9b5ve/ehhTqQ4P9OI8mcmchoCvky7c9I8":{"registrationId":1304604136,"currentRatchet":{"ephemeralKeyPair":{"pubKey":"BXEb0wv97inH3x3nNWC51I8yZ6RtXRm+M6vboOTT/a5p","privKey":"uA2/48Ki/rp9rOcgaqqlz9wBnB1a5x/4EpQBWjG/DW8="},"lastRemoteEphemeralKey":"BX7LB2P/bdsWtE7Bz9zxYkL/7TDfVgS9iqcrX84FAD0g","previousCounter":0,"rootKey":"nXiXFxyH40D76QiGsz9aS3C89vSALbpJ0JTEq1DvdgI="},"indexInfo":{"baseKey":"BZ27dM4GkYA9b5ve/ehhTqQ4P9OI8mcmchoCvky7c9I8","baseKeyType":1,"closed":-1,"used":1682951144104,"created":1682951144104,"remoteIdentityKey":"BdfbORFu6vDsFRCZAU55072PcPenyHEvi8cwaPRc2qQs"},"_chains":{"BXEb0wv97inH3x3nNWC51I8yZ6RtXRm+M6vboOTT/a5p":{"chainKey":{"counter":0,"key":"uI+BXmFpODDhY0k4tC7g/A5lX+WegzDV0T+DF0g5cUs="},"chainType":1,"messageKeys":{}}},"pendingPreKey":{"signedKeyId":1,"baseKey":"BZ27dM4GkYA9b5ve/ehhTqQ4P9OI8mcmchoCvky7c9I8","preKeyId":10547516}}},"version":"v1"}