{"_sessions":{"BXGdukxymZPJ7rP48hK/ZX0Glc9o9+4itcnORPCNF5Am":{"registrationId":5775,"currentRatchet":{"ephemeralKeyPair":{"pubKey":"BdC2qZSYFgWfWiVenDSy6+ReeQGuv3MEB8LyCz+Eik4t","privKey":"CGMZRwyQO6EZjCOwJb7gIBrHgiY3t3/15nzH6GHBSng="},"lastRemoteEphemeralKey":"BX3y4cG7J7YFtD/cGDldgCj+ZE5BSyzvaLUfWIYi/FNt","previousCounter":0,"rootKey":"6L0W1sB11Xs/2MO12Q+GT1Zk96tjolhyWTKgD3XrAU4="},"indexInfo":{"baseKey":"BXGdukxymZPJ7rP48hK/ZX0Glc9o9+4itcnORPCNF5Am","baseKeyType":1,"closed":-1,"used":1682951107510,"created":1682951107510,"remoteIdentityKey":"Be8tQg4hMFiJqgpl+0u9ZXc/5cl05cmF8ec/WgmUSJVt"},"_chains":{"BdC2qZSYFgWfWiVenDSy6+ReeQGuv3MEB8LyCz+Eik4t":{"chainKey":{"counter":0,"key":"rt4F2r5IBQUON8WrPM6wZfBl7TD14MykHXgzBECIKIg="},"chainType":1,"messageKeys":{}}},"pendingPreKey":{"signedKeyId":1,"baseKey":"BXGdukxymZPJ7rP48hK/ZX0Glc9o9+4itcnORPCNF5Am"}}},"version":"v1"}