{"_sessions":{"BRdWLgNVs2UCkByg6JgygfTEp/IuimBz7L7sLueLBopi":{"registrationId":1771641310,"currentRatchet":{"ephemeralKeyPair":{"pubKey":"BbNO5j5qhWJ4yaZU6mRq+2Y+ol3w3km00NUKFHLWLOYu","privKey":"6LKkwJGwtdL9yMtzBohR+f5daiXaBLrBVCp6XFROm3s="},"lastRemoteEphemeralKey":"Bc8b4Ucgx4zWGyMOa8UDJECWFyFNii+x8vvYJZbPE2IC","previousCounter":4,"rootKey":"imnl6F/srW28bV1v3T9VNSGB7w1xiLv7MWVweW+VCFo="},"indexInfo":{"baseKey":"BRdWLgNVs2UCkByg6JgygfTEp/IuimBz7L7sLueLBopi","baseKeyType":1,"closed":-1,"used":1682951187340,"created":1682946220338,"remoteIdentityKey":"BbVNF0D3Qeh71UWPGaA09NBSMLxw3J83fIejWZTVkFJx"},"_chains":{"BcyS8Xn/ZZ5nzDjpz69EF34eUa6vKBPPWNBZGgd2cUEK":{"chainKey":{"counter":0},"chainType":2,"messageKeys":{}},"Bc8b4Ucgx4zWGyMOa8UDJECWFyFNii+x8vvYJZbPE2IC":{"chainKey":{"counter":1,"key":"2Cxv7gUp2cD+S7FSHv8y9EigLJZsp5Iuc0adn6ubMik="},"chainType":2,"messageKeys":{}},"BbNO5j5qhWJ4yaZU6mRq+2Y+ol3w3km00NUKFHLWLOYu":{"chainKey":{"counter":1,"key":"bSaZLTLmqoTWHQs2LMiQabXJILoc1RDxEqb51k9X89I="},"chainType":1,"messageKeys":{}}}}},"version":"v1"}