{"_sessions":{"BXoMpXAkgjLwx+TmUbF5SazVopGwYms2LXLfAJRHZrAP":{"registrationId":359020463,"currentRatchet":{"ephemeralKeyPair":{"pubKey":"Bdp/2GGAmXk2WXvnZykixy/LTlBwH6ErslSLb2rDns4j","privKey":"WC1XFStCdy0k2qur3sOxL5UoBuThonzdk+D0AlHDOls="},"lastRemoteEphemeralKey":"BXXdDrkT/yWBjsiS3VsOF4oca4lnptVQZcGoYpj/Mad0","previousCounter":0,"rootKey":"h3e2tYiKq3QwXBlcqA3/TGL+XiW4iJfytFbYVHOYRPU="},"indexInfo":{"baseKey":"BXoMpXAkgjLwx+TmUbF5SazVopGwYms2LXLfAJRHZrAP","baseKeyType":1,"closed":-1,"used":1682951108080,"created":1682951108080,"remoteIdentityKey":"Bffgrc5mwaNsjL5a/TsC9BFaNcv7irQw4u4+y3NGJo8O"},"_chains":{"Bdp/2GGAmXk2WXvnZykixy/LTlBwH6ErslSLb2rDns4j":{"chainKey":{"counter":1,"key":"0Djlgdfhhu6E0xcNYhmVjjTVG9gbQh7UcNNhfLZEdh0="},"chainType":1,"messageKeys":{}}},"pendingPreKey":{"signedKeyId":5,"baseKey":"BXoMpXAkgjLwx+TmUbF5SazVopGwYms2LXLfAJRHZrAP","preKeyId":404935}}},"version":"v1"}