{"_sessions":{"BaWooud0CsZPeTLNKy/KwHsP7F00qrygiIBK/zSP0ORQ":{"registrationId":1776687560,"currentRatchet":{"ephemeralKeyPair":{"pubKey":"BfzgbbP8wFmbMOVBuk40mEL/t65qaOac89ISfn25VeQs","privKey":"yAjRWnit7vpPUa1qOfv2CbYUEe3P4RT7y2x8WDjHFXg="},"lastRemoteEphemeralKey":"BX+pv8Cgxz+XsBm/+BvFsuHDV6YEYx8B/VpQelL/PVkT","previousCounter":18,"rootKey":"1JZANj8C76bbsKJk3kgQ3vGdHVwuudiFEZQdP70RDv4="},"indexInfo":{"baseKey":"BaWooud0CsZPeTLNKy/KwHsP7F00qrygiIBK/zSP0ORQ","baseKeyType":1,"closed":-1,"used":1682951182224,"created":1682946220478,"remoteIdentityKey":"BRkfU2AFk5mgKC1ZA/87FKHm5eb2O3IZWJ6V/RC85XJu"},"_chains":{"BX+pv8Cgxz+XsBm/+BvFsuHDV6YEYx8B/VpQelL/PVkT":{"chainKey":{"counter":4,"key":"ts+jKVr/cSBlPHON+w/FlpvI5253tyqMNXx9RjBxgFU="},"chainType":2,"messageKeys":{"0":"fZ/KtxaYPrKTySJC2jpTdd/J/HGHFa83fXNR3HK5xls="}},"BfzgbbP8wFmbMOVBuk40mEL/t65qaOac89ISfn25VeQs":{"chainKey":{"counter":1,"key":"+v2KEVIIzZ6+HPdF5MykBk2wJVk9QSTFdN0FLuK0xiE="},"chainType":1,"messageKeys":{}}}}},"version":"v1"}