{"_sessions":{"BQHXyYLkG0eMJ35e5LXCxLe1Oju4cVaoCzUKfHCc3vAi":{"registrationId":2117857349,"currentRatchet":{"ephemeralKeyPair":{"pubKey":"BXXn16mDm8mTpp1+ERUUwuIqc08P59av4aOxrbbTCPBL","privKey":"uMvrEweIIDh73kmPfATwtjdcH3Piup34/U+HzK/fcEw="},"lastRemoteEphemeralKey":"Bc34+zgl30dFNNJ1bjAmrJuNOl2f3ctsDvcs8Fa61tMO","previousCounter":0,"rootKey":"LA6eM9H70190dfoJqq1Odery/Ega+ZtxJU0LzgDAPNU="},"indexInfo":{"baseKey":"BQHXyYLkG0eMJ35e5LXCxLe1Oju4cVaoCzUKfHCc3vAi","baseKeyType":1,"closed":-1,"used":1682951144429,"created":1682951144429,"remoteIdentityKey":"BZ1atRrvhPbjl0nl5kiURVe4U8wvX/PXkV75RL1w2cFn"},"_chains":{"BXXn16mDm8mTpp1+ERUUwuIqc08P59av4aOxrbbTCPBL":{"chainKey":{"counter":0,"key":"iQXtFHHa5YR4akHPtPg/eBSUIR9xzdDSOwK9Bh36b1c="},"chainType":1,"messageKeys":{}}},"pendingPreKey":{"signedKeyId":47,"baseKey":"BQHXyYLkG0eMJ35e5LXCxLe1Oju4cVaoCzUKfHCc3vAi","preKeyId":9374878}}},"version":"v1"}