{"_sessions":{"BQ609VaSLHq9zCymFY7ziCqs7By2ptwXd9sqcfSIjCtF":{"registrationId":52156757,"currentRatchet":{"ephemeralKeyPair":{"pubKey":"BX061jlSN6R0qs/vRNEwUwRGVj1miIMQsuD8AxhfqG5o","privKey":"wEmhdIDkZek99Ssq9Lkk6wLbxf4S/VRVkPDkaNjXmWw="},"lastRemoteEphemeralKey":"BTC7SWpy6IwJctiUSuXSjCvNp3nfKz0rz2WrcOuQ6E9e","previousCounter":0,"rootKey":"Gcrxwkf6By3p1PZqsygGIEY5hjWESDgz9YB7pdIjqvI="},"indexInfo":{"baseKey":"BQ609VaSLHq9zCymFY7ziCqs7By2ptwXd9sqcfSIjCtF","baseKeyType":1,"closed":-1,"used":1682951144503,"created":1682951144503,"remoteIdentityKey":"BciRjA5cTAyqGkShGJxligPH0cyZXmQeSuboxqQVDNMo"},"_chains":{"BX061jlSN6R0qs/vRNEwUwRGVj1miIMQsuD8AxhfqG5o":{"chainKey":{"counter":0,"key":"a/McBk9fZnN/FGF3u9g7mRX8iUmXfIRG5dfsB1L7Nys="},"chainType":1,"messageKeys":{}}},"pendingPreKey":{"signedKeyId":9,"baseKey":"BQ609VaSLHq9zCymFY7ziCqs7By2ptwXd9sqcfSIjCtF","preKeyId":14269334}}},"version":"v1"}