{"_sessions":{"BaeuyyVPLH8tHh88Dk4TlI7rTj0FsxkSoOkJpdZfHFQ1":{"registrationId":1811716182,"currentRatchet":{"ephemeralKeyPair":{"pubKey":"BfOYKyWZdUCREw3nS0gLD72+vWOSOzIUUhzndxqo7iU2","privKey":"yJT4R1RwfUcuiUwHqMHTIgLqAV2BzLyMgYdnFCUXDGU="},"lastRemoteEphemeralKey":"BVs2Ppk27/dBkHhcyMfcW4e36BjhLTXKJK16J2d2DvYR","previousCounter":0,"rootKey":"YN9yFVHK2551B8IxAUOGlB6EyXYjy40D1vz56PjSVt8="},"indexInfo":{"baseKey":"BaeuyyVPLH8tHh88Dk4TlI7rTj0FsxkSoOkJpdZfHFQ1","baseKeyType":1,"closed":-1,"used":1682951144385,"created":1682951144385,"remoteIdentityKey":"BZA5AQEBW0+AaI1evAMGJoLLsOhil282gv46O9rqNjIo"},"_chains":{"BfOYKyWZdUCREw3nS0gLD72+vWOSOzIUUhzndxqo7iU2":{"chainKey":{"counter":0,"key":"0XMylS7iCC8Uqa+6rLI2N/eDEOsocl+n9foGvJiiShg="},"chainType":1,"messageKeys":{}}},"pendingPreKey":{"signedKeyId":5,"baseKey":"BaeuyyVPLH8tHh88Dk4TlI7rTj0FsxkSoOkJpdZfHFQ1","preKeyId":16685821}}},"version":"v1"}