{"_sessions":{"BWSqS8cLmS2n9lQBqD0HNIYIoCzoYbjZ/ajimHQWiMNX":{"registrationId":1901345894,"currentRatchet":{"ephemeralKeyPair":{"pubKey":"BYFv3KVUuIRJHW4QfbD/VSiVSUtfkoPoDsP/NjwiPTRd","privKey":"0LG/aQFQ67rSToPajWHQEj+QoDjQ6udBoMWzAUSrvEg="},"lastRemoteEphemeralKey":"BUE559iKELuactlNZdkWKxBtFdIQyhtPytChi43Hiy95","previousCounter":2,"rootKey":"+4MWWKLMtqBjLSsItwf4k6RO5k0UtG8jg2Rsnom43II="},"indexInfo":{"baseKey":"BWSqS8cLmS2n9lQBqD0HNIYIoCzoYbjZ/ajimHQWiMNX","baseKeyType":1,"closed":-1,"used":1682951196722,"created":1682946220348,"remoteIdentityKey":"BQ5/h2u1qfOHbaEXawS4IvpSH+uUpBrihv4mKFmcwzQ8"},"_chains":{"BR0pk/11fvXq8zZON5dScAwbOPgDqEhliTgj75SVHjg9":{"chainKey":{"counter":1},"chainType":2,"messageKeys":{}},"BUE559iKELuactlNZdkWKxBtFdIQyhtPytChi43Hiy95":{"chainKey":{"counter":0,"key":"+GDaC4ryGfyayGMDFc3X6gDTkRisAfVIrf5WloVl1z0="},"chainType":2,"messageKeys":{}},"BYFv3KVUuIRJHW4QfbD/VSiVSUtfkoPoDsP/NjwiPTRd":{"chainKey":{"counter":0,"key":"hIrVHB8ge80DHQMlq5v7p/ih0f6ylVTdgdy6YGHgAz4="},"chainType":1,"messageKeys":{}}}}},"version":"v1"}