{"_sessions":{"BRb6NV+mVOU344U9iw2Mt29Msknm0q6LYaMHH59g/I9i":{"registrationId":1147804759,"currentRatchet":{"ephemeralKeyPair":{"pubKey":"BXgSsDCD2pBgoV1LarRYcdyJhUlsDbl6uftI+ZZO2Y8O","privKey":"+P9Tno5EPX6d0WFrjCo4B5tm77MhgOsOgruRblswxkc="},"lastRemoteEphemeralKey":"BS9CJr8i9d2G30pcQYfvfs+PX4tA8LPrecrwkJT+k411","previousCounter":0,"rootKey":"ocpNAZDbTYuP0i/77PaZ+7AZg4lufoiSC2OPgnVxuPk="},"indexInfo":{"baseKey":"BRb6NV+mVOU344U9iw2Mt29Msknm0q6LYaMHH59g/I9i","baseKeyType":1,"closed":-1,"used":1682951107850,"created":1682951107850,"remoteIdentityKey":"Baiw0XSXIVneTAz0QK+hq3qXiYF+52kLqUL/CeRcw05e"},"_chains":{"BXgSsDCD2pBgoV1LarRYcdyJhUlsDbl6uftI+ZZO2Y8O":{"chainKey":{"counter":0,"key":"hnpAtH3yynC/TtkcXymVG88CZk5yeZTrwgWTEei9OrE="},"chainType":1,"messageKeys":{}}},"pendingPreKey":{"signedKeyId":6,"baseKey":"BRb6NV+mVOU344U9iw2Mt29Msknm0q6LYaMHH59g/I9i","preKeyId":8922038}}},"version":"v1"}