{"_sessions":{"Ba2inww6l01+hi+5QaiSHLGTEzSrIDpzLxT6+3D0vs50":{"registrationId":11686,"currentRatchet":{"ephemeralKeyPair":{"pubKey":"BZ3FPMT90Ep7hwN8GntYcIXwQw9agGq32Z163Cf+Ru0d","privKey":"8L3uSO1mthkDxcF/o5qN2SRSULhUw44AvzvjS1tl7Uc="},"lastRemoteEphemeralKey":"BcNFt5Wa/KYfQRdVZSpoQeKRtxv6FdxxXdDb/4GDpZ0q","previousCounter":0,"rootKey":"q6OTPFkC/dt2muVi2L55eizgFS7XF2DmNatGwR59II4="},"indexInfo":{"baseKey":"Ba2inww6l01+hi+5QaiSHLGTEzSrIDpzLxT6+3D0vs50","baseKeyType":1,"closed":-1,"used":1682951144115,"created":1682951144115,"remoteIdentityKey":"BfK9hZU5KxGme0WBYygYLPwOdHDHQiHMIFridf3Nnvcp"},"_chains":{"BZ3FPMT90Ep7hwN8GntYcIXwQw9agGq32Z163Cf+Ru0d":{"chainKey":{"counter":0,"key":"0MW4thbLcNYlJX9KgQMRBELhWphm2YK8QFpMLXxGEJM="},"chainType":1,"messageKeys":{}}},"pendingPreKey":{"signedKeyId":3,"baseKey":"Ba2inww6l01+hi+5QaiSHLGTEzSrIDpzLxT6+3D0vs50"}}},"version":"v1"}