{"_sessions":{"BXxp5Oby2AcclsN/SrOdiMG1mO3Wx42jxpsMDzJU2Dla":{"registrationId":1701972821,"currentRatchet":{"ephemeralKeyPair":{"pubKey":"Bc+iT1OhPQnNKvG9slO4Sj58g4aQp8SeQ/qrJTmgDSg2","privKey":"UBGBLZyBgDG1Y2TNCMyKznZFc66K0DSO77GcfYhtxGI="},"lastRemoteEphemeralKey":"BS8J8sDhqdaUrU+6F8MRqKgP44MPvXx67bhpypHWhRpS","previousCounter":4,"rootKey":"thMHOE2SdQ3LIL7ZY1IwZjgcRiuN00L/iHny9RWqVmc="},"indexInfo":{"baseKey":"BXxp5Oby2AcclsN/SrOdiMG1mO3Wx42jxpsMDzJU2Dla","baseKeyType":1,"closed":-1,"used":1682951186326,"created":1682946220441,"remoteIdentityKey":"Bf1wojySZyl9N0BSMYIEZ6NxpatD5PNjsZ+CcU2Oy4oZ"},"_chains":{"Bf/VbSDHsgS8UaoZbFxAk4IF54TbeXRJtWYyVrctAYxw":{"chainKey":{"counter":0},"chainType":2,"messageKeys":{}},"BS8J8sDhqdaUrU+6F8MRqKgP44MPvXx67bhpypHWhRpS":{"chainKey":{"counter":0,"key":"bu25ul7tqQ5UP2R/XKDhUohcfBwPBHdg8vnNuzYvDPE="},"chainType":2,"messageKeys":{}},"Bc+iT1OhPQnNKvG9slO4Sj58g4aQp8SeQ/qrJTmgDSg2":{"chainKey":{"counter":1,"key":"Q6jRayCsfVm3Euu1DtCqmwXogB6QlmVbaxmswZWldfs="},"chainType":1,"messageKeys":{}}}}},"version":"v1"}