{"_sessions":{"BWXVIaQJvRMjH3/IBrHp+hFykzGUbbtBq2pUfOeb3okX":{"registrationId":1732422109,"currentRatchet":{"ephemeralKeyPair":{"pubKey":"BT25IsgRTisD48QcMLCqwD81VijORmF44roxdy0KgKpn","privKey":"YJsAWs+pj0OOc83jBrdYZCERExonjJM0bVsn+6X+YWM="},"lastRemoteEphemeralKey":"BdI+j8Rir7qrgcMzujKeA7zr7QVlDMUv+d+/u4O4qCML","previousCounter":0,"rootKey":"xPDMmAm24v6a5ocWWK/VBgJiNxldmphtyKLASIr0frY="},"indexInfo":{"baseKey":"BWXVIaQJvRMjH3/IBrHp+hFykzGUbbtBq2pUfOeb3okX","baseKeyType":1,"closed":-1,"used":1682951144491,"created":1682951144491,"remoteIdentityKey":"BbS9TnFpR7B91dH2Hnau3JzcvF0f4mCQiNqorv+aruRU"},"_chains":{"BT25IsgRTisD48QcMLCqwD81VijORmF44roxdy0KgKpn":{"chainKey":{"counter":0,"key":"8U4B4S3mM4gLMeJyPB2szNmGOZFtfYaIcSrJuYnmYBw="},"chainType":1,"messageKeys":{}}},"pendingPreKey":{"signedKeyId":15,"baseKey":"BWXVIaQJvRMjH3/IBrHp+hFykzGUbbtBq2pUfOeb3okX","preKeyId":8784251}}},"version":"v1"}