{"_sessions":{"BSdle1weRo4QmcKRP6LWfq7NzZjRRF4BRsVx/nHr3okn":{"registrationId":176247395,"currentRatchet":{"ephemeralKeyPair":{"pubKey":"BV3YrfoDmsxTpxBb439etkQbXpOSdkIatoMq4hUEB6Al","privKey":"gBWpHo2kuBxAyht1v4Hiw6up/y+eq590Hp4T9c7XmUU="},"lastRemoteEphemeralKey":"BUFKh0DD35K/1a3TL5Tdjsf7CDx2JUCW0hXfJZKKzUR9","previousCounter":0,"rootKey":"IOvItIYb2XxKKMsDWXjuy+39Mo8dPkHSzviamJt6cco="},"indexInfo":{"baseKey":"BSdle1weRo4QmcKRP6LWfq7NzZjRRF4BRsVx/nHr3okn","baseKeyType":1,"closed":-1,"used":1682951144264,"created":1682951144264,"remoteIdentityKey":"BTPl5qgpzzX4HdV38WXS6jqTZN/Dq9XGgMqJLczf0LhZ"},"_chains":{"BV3YrfoDmsxTpxBb439etkQbXpOSdkIatoMq4hUEB6Al":{"chainKey":{"counter":0,"key":"YAMuP0rCO00X8nJzOBDz6VMDTcnaKWl5DPfVI5W39dk="},"chainType":1,"messageKeys":{}}},"pendingPreKey":{"signedKeyId":14,"baseKey":"BSdle1weRo4QmcKRP6LWfq7NzZjRRF4BRsVx/nHr3okn","preKeyId":12655411}}},"version":"v1"}