{"_sessions":{"BZNHQTj+zGnzGSBXa96CliZpORiH1AVUHO2jvjPqFFw7":{"registrationId":280109349,"currentRatchet":{"ephemeralKeyPair":{"pubKey":"BbYeMP0FJ2Rs+wOpwp1310KAjjRHFJA1YLY+hHU9sBkq","privKey":"eKQ0aWirpYM1um/Abfzao7aaGk4uP7p3ra3zd7NkKXQ="},"lastRemoteEphemeralKey":"Bftb6OEYvxF/lFpIIcHgsCdOzITg4zTve3yGZmifu0oh","previousCounter":0,"rootKey":"n2ZqgLfpQaIMDCZGscXt+mzhoJSXbTmYbo5BeRtUisQ="},"indexInfo":{"baseKey":"BZNHQTj+zGnzGSBXa96CliZpORiH1AVUHO2jvjPqFFw7","baseKeyType":1,"closed":-1,"used":1682951144374,"created":1682951144374,"remoteIdentityKey":"BYt5YzDTjoDRoKpe7GQ6L1+/rr+uL7yOX+QYZEtW3QYr"},"_chains":{"BbYeMP0FJ2Rs+wOpwp1310KAjjRHFJA1YLY+hHU9sBkq":{"chainKey":{"counter":0,"key":"7WU7VMMmXIOijW0Qx+eIgi/zQ88iznjG/I5ZBECNMww="},"chainType":1,"messageKeys":{}}},"pendingPreKey":{"signedKeyId":13,"baseKey":"BZNHQTj+zGnzGSBXa96CliZpORiH1AVUHO2jvjPqFFw7","preKeyId":10862000}}},"version":"v1"}