{"_sessions":{"BTxPRAgwmWs3YJfyrnCNx1CWz5+8nJFYYD9kgPk8nF8r":{"registrationId":1404370753,"currentRatchet":{"ephemeralKeyPair":{"pubKey":"BXPlGO1A5PJf/uATW/z0wVmk6z0L36a+eMkF6opeS+sg","privKey":"AI7OEKNpuxZtdGiDDbkdaQztv1vOSWTbSAwh5hFflFk="},"lastRemoteEphemeralKey":"BSA7DdW0tgAX9I/55v96PxMQWaLqrZRngfv4+TZqS+Ju","previousCounter":0,"rootKey":"GgmDjAEFjnO8b3yyfF5aq7bZ6zGRp0KCFCIkY+kVZqw="},"indexInfo":{"baseKey":"BTxPRAgwmWs3YJfyrnCNx1CWz5+8nJFYYD9kgPk8nF8r","baseKeyType":1,"closed":-1,"used":1682951144522,"created":1682951144522,"remoteIdentityKey":"BeI7k+lN5ByiyxOEEDoMxG3qyW0mr+kIyDT+lNuoTH5R"},"_chains":{"BXPlGO1A5PJf/uATW/z0wVmk6z0L36a+eMkF6opeS+sg":{"chainKey":{"counter":0,"key":"PDXPSaK6D94uGmZ8A70EnZ1u5ddsciI4x12QqO/NryI="},"chainType":1,"messageKeys":{}}},"pendingPreKey":{"signedKeyId":34,"baseKey":"BTxPRAgwmWs3YJfyrnCNx1CWz5+8nJFYYD9kgPk8nF8r","preKeyId":15277463}}},"version":"v1"}