{"_sessions":{"BS/S2Kl0AQwQaqE/Y89jzBN6MT7siG4AjVC1RVBopY5S":{"registrationId":534891993,"currentRatchet":{"ephemeralKeyPair":{"pubKey":"BRMUtC3YaF99LrDnuFZSPTc37nlHKVTRp5yIpv6GHXEk","privKey":"mPEpOPguhpo+6TBN6PXCfaTVXV9GKV5kqfFZep37fmI="},"lastRemoteEphemeralKey":"BdB9BQ7KZnLFXTl3PyK7cLg0Rel4Phoq2y2iA/O7dTN7","previousCounter":1,"rootKey":"5mwAuKe6QeypU1vgsFaQQKK+rxILHZjQEea4EI2t4S0="},"indexInfo":{"baseKey":"BS/S2Kl0AQwQaqE/Y89jzBN6MT7siG4AjVC1RVBopY5S","baseKeyType":1,"closed":-1,"used":1682951188235,"created":1682946220427,"remoteIdentityKey":"BUtPxp4L8zIEdQXhoRs0jF/iXpbUWOIYkGUKu5Z1o4Bg"},"_chains":{"BSJhXFfGdy/MIZHhqxtNlKrH0ur9CQocDDpdyam6vfR+":{"chainKey":{"counter":0},"chainType":2,"messageKeys":{}},"Bco6RaLrwe42qhSwr17ESE+5P5nsgIZnEQFddGcEeg07":{"chainKey":{"counter":0},"chainType":2,"messageKeys":{}},"BdB9BQ7KZnLFXTl3PyK7cLg0Rel4Phoq2y2iA/O7dTN7":{"chainKey":{"counter":0,"key":"rWIqa/RRflc5sPl1a0o8pPHU/5i2ZHIkXgqCSS1rSNI="},"chainType":2,"messageKeys":{}},"BRMUtC3YaF99LrDnuFZSPTc37nlHKVTRp5yIpv6GHXEk":{"chainKey":{"counter":1,"key":"0a60wrZqvyktDG8A0ilMpOSwyK+6frcoOJfVrsC26NY="},"chainType":1,"messageKeys":{}}}}},"version":"v1"}