{"_sessions":{"BaGpjk5feOh4qR00nWFUQFk3Ngj9cIQaEVAQK9hLKYhK":{"registrationId":2093554610,"currentRatchet":{"ephemeralKeyPair":{"pubKey":"BclIbMV6L0HFAfAt2kcV9NeRxdWNzlv8CifRKE7FTbQZ","privKey":"2Pb0reumw/NC6EXNB3PAS6QDnfwlfKBZPNGSoO2+Fm0="},"lastRemoteEphemeralKey":"BbIZhemC35Hudr30azGGcmtMcBzdcGjHDALx8jpuNiZb","previousCounter":2,"rootKey":"NJew4xcJ+wUoyHTjc4jeqHOiJVbJEfIgXUvq/f5k4D0="},"indexInfo":{"baseKey":"BaGpjk5feOh4qR00nWFUQFk3Ngj9cIQaEVAQK9hLKYhK","baseKeyType":1,"closed":-1,"used":1682951236471,"created":1682946220499,"remoteIdentityKey":"BUqvz6p3/tEerEKBguJ2yzosDRgZT1d94QatL7U11wJk"},"_chains":{"BU2QLCBfLscFdJ21QhakBCCgFxiRsldW5aAvN2Iuj915":{"chainKey":{"counter":0},"chainType":2,"messageKeys":{}},"BdE+BxJnVVvd4c0XzY4wfaJ7f8fG1H9i+SNaJ5qDbeha":{"chainKey":{"counter":0},"chainType":2,"messageKeys":{}},"BbIZhemC35Hudr30azGGcmtMcBzdcGjHDALx8jpuNiZb":{"chainKey":{"counter":1,"key":"yDLjTyNyjDhp82Sh+Dmjuk9groAe6WOqoSU1Ai5w9Yc="},"chainType":2,"messageKeys":{"0":"NApZbNdV9kaXG4IduHAy8QI99WynK0QwOnsmO2YdhwI="}},"BclIbMV6L0HFAfAt2kcV9NeRxdWNzlv8CifRKE7FTbQZ":{"chainKey":{"counter":0,"key":"lPfvgCPhgTljcUPu+NO4V+GH2SHwx5cFwCZhQbcSEO0="},"chainType":1,"messageKeys":{}}}}},"version":"v1"}