{"_sessions":{"BVNl2uPhXSflqqpqzo76X2XLt5bRLQukYQyhiFpFVLd0":{"registrationId":96700183,"currentRatchet":{"ephemeralKeyPair":{"pubKey":"BfGs2nhOtm/Yd3fYT9qNTrGD2v9RDGIZj1nlHm3SblQm","privKey":"ILN/NP1fsRas9yvK9NY8Xsgnr0oSclDfkNAspb8rzV8="},"lastRemoteEphemeralKey":"BcGMVZCwXHlniP4ZrUgefn2uGOIQ5e576EdC2YERI3Mz","previousCounter":0,"rootKey":"xecf6dMrxcW7lqcm6MUJcmpjp8ZRkFfC5toienrybPI="},"indexInfo":{"baseKey":"BVNl2uPhXSflqqpqzo76X2XLt5bRLQukYQyhiFpFVLd0","baseKeyType":1,"closed":-1,"used":1682951144327,"created":1682951144327,"remoteIdentityKey":"BY17/b/zz1mZWjGstvoC6cmeQZhKUNQwfKzSBOb/4Vwb"},"_chains":{"BfGs2nhOtm/Yd3fYT9qNTrGD2v9RDGIZj1nlHm3SblQm":{"chainKey":{"counter":0,"key":"fW+C4jToP4aQ0utByIJJj33PRdpMs/jTvfGQ8Eok0YI="},"chainType":1,"messageKeys":{}}},"pendingPreKey":{"signedKeyId":41,"baseKey":"BVNl2uPhXSflqqpqzo76X2XLt5bRLQukYQyhiFpFVLd0","preKeyId":3992695}}},"version":"v1"}