{"_sessions":{"BebLUi28auYj9YElYTEl7Fkj6GamnU6n1iNrRumSPYFe":{"registrationId":1315210296,"currentRatchet":{"ephemeralKeyPair":{"pubKey":"BXlkxtZodHQo7iJD4KTG19tHUadbaatuXJBntUH0w+oR","privKey":"0IpT2phm7RNeFaYgmrVyWme8g6R3HRCidQ2DjZ6Aqlk="},"lastRemoteEphemeralKey":"BTHmc9+Q8gPH2zYxUPpB+p7iAsMuPapbBbpLCWY1X6wa","previousCounter":0,"rootKey":"u+6YaxUA4VBlQCHRMwO5bChbTbETFAX9jSrvZs23hrE="},"indexInfo":{"baseKey":"BebLUi28auYj9YElYTEl7Fkj6GamnU6n1iNrRumSPYFe","baseKeyType":1,"closed":-1,"used":1682946220265,"created":1682946220265,"remoteIdentityKey":"BfcnZaH+kaFCdp98zQqdCRCA4o9K+cCATyqml+Tj0pgQ"},"_chains":{"BXlkxtZodHQo7iJD4KTG19tHUadbaatuXJBntUH0w+oR":{"chainKey":{"counter":20,"key":"/rTyyidyb2ppe5RMuKLsbQ/03qp3zSbCFhQqnhcc4fc="},"chainType":1,"messageKeys":{}}},"pendingPreKey":{"signedKeyId":1,"baseKey":"BebLUi28auYj9YElYTEl7Fkj6GamnU6n1iNrRumSPYFe","preKeyId":12404515}}},"version":"v1"}