{"_sessions":{"BWmgcn3KdXV48JOUpi/TO6lZj865ri1LjDku/egf3JUO":{"registrationId":701526830,"currentRatchet":{"ephemeralKeyPair":{"pubKey":"BWZ/6HW9tC9zdrNpJAMmtNp5Vu5W2PvqVgoHuggGPbhX","privKey":"WLh6S7zNGjifElM45F+i9O8gYkk2K+bzR44w/kPsoUk="},"lastRemoteEphemeralKey":"BWD9ssq0gCfcHc6yfpwV2tkdRr1lLtGqUALhjbkDhTRK","previousCounter":0,"rootKey":"+ryKW7zrl1hGb4CJzerNJrwpUQqv7mWHYO+G239Jnm0="},"indexInfo":{"baseKey":"BWmgcn3KdXV48JOUpi/TO6lZj865ri1LjDku/egf3JUO","baseKeyType":1,"closed":-1,"used":1682951144347,"created":1682951144347,"remoteIdentityKey":"BWJ8VAuIKLmXJJiFjGQN7GQgiWJ/oHs0VdgEKatcKtJe"},"_chains":{"BWZ/6HW9tC9zdrNpJAMmtNp5Vu5W2PvqVgoHuggGPbhX":{"chainKey":{"counter":0,"key":"eTxhMbxb9YHqPLMVrlIlv853P7qXmBRd3k3OA5btDCs="},"chainType":1,"messageKeys":{}}},"pendingPreKey":{"signedKeyId":15,"baseKey":"BWmgcn3KdXV48JOUpi/TO6lZj865ri1LjDku/egf3JUO"}}},"version":"v1"}