{"_sessions":{"Bd6euYxoSQDc6L8CXEfuDoG2uTi9qtHvU4YI4Lw2uF9H":{"registrationId":1644796403,"currentRatchet":{"ephemeralKeyPair":{"pubKey":"BQX/BXV1ArchVuiyVnmcANY8YmgssGl0P8/xQVaHFhF2","privKey":"6PeAsOyiy/WzGzIo5+Bj0zKjhubVRgDimKN2TxhPl2M="},"lastRemoteEphemeralKey":"BZxyoWbcELOn0hwhFBsPLntFsOscZG7RKkQGB+Z18KAO","previousCounter":0,"rootKey":"gxeNlWYjQ9NGIVERLr5ivQ0WSeNyGQP1t4ARrmf615c="},"indexInfo":{"baseKey":"Bd6euYxoSQDc6L8CXEfuDoG2uTi9qtHvU4YI4Lw2uF9H","baseKeyType":1,"closed":-1,"used":1682951144484,"created":1682951144484,"remoteIdentityKey":"BcLIe9CHGuhXGMlDs6Z9P0OVrOiIKlWALnEv7Wc8DcUV"},"_chains":{"BQX/BXV1ArchVuiyVnmcANY8YmgssGl0P8/xQVaHFhF2":{"chainKey":{"counter":0,"key":"PZLjqqcAR4RGtnTeG0wU6l8YqEqYKLt0R+Y7Skj8m3Y="},"chainType":1,"messageKeys":{}}},"pendingPreKey":{"signedKeyId":11,"baseKey":"Bd6euYxoSQDc6L8CXEfuDoG2uTi9qtHvU4YI4Lw2uF9H","preKeyId":3379457}}},"version":"v1"}