{"_sessions":{"BfdC/xuB8XMHQEnDr9v2lzo246t/Gp5s7kAxdNjgJttK":{"registrationId":1170876537,"currentRatchet":{"ephemeralKeyPair":{"pubKey":"BaVb+UUjbgffRRCbfxlV8gu7Bg9PK6Vl+0tDu3W/kZgk","privKey":"EHIn2lwveeLU9H29OOabYsD9rgxgPh9iFt0lS417TX0="},"lastRemoteEphemeralKey":"Be08SFxtK9Uqvsq5wR2zP1twSAYDppIKo26rBELPtEVc","previousCounter":0,"rootKey":"mdr/5EuFAgV+0UAxVVasRcQZOVKLgXeoQLsJ41VNUYc="},"indexInfo":{"baseKey":"BfdC/xuB8XMHQEnDr9v2lzo246t/Gp5s7kAxdNjgJttK","baseKeyType":1,"closed":-1,"used":1682951107977,"created":1682951107977,"remoteIdentityKey":"BZu5dKdN+1E7P2xZyB2zr6Xm4DxlVEuHad0a4aJ4zEos"},"_chains":{"BaVb+UUjbgffRRCbfxlV8gu7Bg9PK6Vl+0tDu3W/kZgk":{"chainKey":{"counter":1,"key":"A4uhPvazXhq6eZYiPp4bxoCxN/z9bVDMGDJdnBkKbNM="},"chainType":1,"messageKeys":{}}},"pendingPreKey":{"signedKeyId":1,"baseKey":"BfdC/xuB8XMHQEnDr9v2lzo246t/Gp5s7kAxdNjgJttK","preKeyId":15998249}}},"version":"v1"}