{"_sessions":{"BUEabtL0cC0RDNEDlMjbJ0EvVXT7dEwN5zdNzvKmZBRx":{"registrationId":1765183679,"currentRatchet":{"ephemeralKeyPair":{"pubKey":"BZxrEJfFFz0AwN2kyP7UMS8w/Hjm7iR5RwZrdUUh0V52","privKey":"+EeKPPqlKdcdVwHZyGyNQfGhcvNHYchdBN/HnaiQmHY="},"lastRemoteEphemeralKey":"BeT3yjUCYWzw3JDwiOdPCO/Y3q//dz8t+4qecHtOlJBM","previousCounter":0,"rootKey":"ZnwbA6/YfFnO1N0SNzC3vw+bW0Kh9J7cUFzpPw4UDq8="},"indexInfo":{"baseKey":"BUEabtL0cC0RDNEDlMjbJ0EvVXT7dEwN5zdNzvKmZBRx","baseKeyType":1,"closed":-1,"used":1682946220512,"created":1682946220512,"remoteIdentityKey":"BedyYvCU+zAaQvmbucboda+ZzzEyQUb/Bf/lHDbX8vIT"},"_chains":{"BZxrEJfFFz0AwN2kyP7UMS8w/Hjm7iR5RwZrdUUh0V52":{"chainKey":{"counter":20,"key":"Z+M3ofKBSIOLj89Nsb4VLxukkIHU3pVrCcfoGaLJYd8="},"chainType":1,"messageKeys":{}}},"pendingPreKey":{"signedKeyId":1,"baseKey":"BUEabtL0cC0RDNEDlMjbJ0EvVXT7dEwN5zdNzvKmZBRx","preKeyId":15321206}}},"version":"v1"}