{"_sessions":{"BXEWfXjf9P71cJrYcEOeNfMLlF2e/J+ijV4TuFxvsS4I":{"registrationId":319386652,"currentRatchet":{"ephemeralKeyPair":{"pubKey":"BW5+jQftGQieJRqe+ittwBHTiAc2vf+PqyqjOpKu0YRj","privKey":"qGwRFb6d/GSgnwOEz0eUDdHAELQIT/uS9mL46JYb1Vc="},"lastRemoteEphemeralKey":"BeR4A9QgVVgEQzJEuVHZ3wP3XPTZdAtC9AnW33Lha8VF","previousCounter":4,"rootKey":"ljKM0IQpUEQmWhGIdljDnFfid3SoOaYMgU4QGr30kRU="},"indexInfo":{"baseKey":"BXEWfXjf9P71cJrYcEOeNfMLlF2e/J+ijV4TuFxvsS4I","baseKeyType":1,"closed":-1,"used":1682951187554,"created":1682946220332,"remoteIdentityKey":"BfZShJHOBTrNwaCK1dCnD4TWbKoCjpt/OmwK6fq99YMD"},"_chains":{"Ban3KWJIVwUMreP4L3lkmXcQ/8cZwnADPH65eEO9qlMP":{"chainKey":{"counter":0},"chainType":2,"messageKeys":{}},"BeR4A9QgVVgEQzJEuVHZ3wP3XPTZdAtC9AnW33Lha8VF":{"chainKey":{"counter":0,"key":"8BvQFyT5KLoonKomv0C1HuQ9/1lIVJvU+mpL6BzGZac="},"chainType":2,"messageKeys":{}},"BW5+jQftGQieJRqe+ittwBHTiAc2vf+PqyqjOpKu0YRj":{"chainKey":{"counter":1,"key":"vEnbHcqi38IObODj793ugAjZVRqfOJfO8Las0UnjFIs="},"chainType":1,"messageKeys":{}}}}},"version":"v1"}