{"_sessions":{"BfVjhD/sOVJEEralt2lUsYMwMuuOK7JEE0ruK4k56Vle":{"registrationId":5300,"currentRatchet":{"ephemeralKeyPair":{"pubKey":"BdWQcAznG2GU+dppB76yjhutpczA7Dit5oTIXt4HRWNt","privKey":"6MG/GXlLWLIGgN9CkqLB+9COsbn8wM/n5OdRc/1Ws0Q="},"lastRemoteEphemeralKey":"BRcoLDHtV/YkNbQGXubwxRcefyaffymgLHJCzjiWC4Rz","previousCounter":0,"rootKey":"tkpqr5vd2L3POAHUk2DkjnyEJJCHC53SKUdV8qzB0bM="},"indexInfo":{"baseKey":"BfVjhD/sOVJEEralt2lUsYMwMuuOK7JEE0ruK4k56Vle","baseKeyType":1,"closed":-1,"used":1682951144134,"created":1682951144134,"remoteIdentityKey":"Bf4FULsqtzgHVfbXasnRZpT4qe+ep7x95YO+LQYjPTNd"},"_chains":{"BdWQcAznG2GU+dppB76yjhutpczA7Dit5oTIXt4HRWNt":{"chainKey":{"counter":0,"key":"cQpup/+sgSKzmNjlBZT4yz89KKxjNzI1pTFbKrm23rI="},"chainType":1,"messageKeys":{}}},"pendingPreKey":{"signedKeyId":1,"baseKey":"BfVjhD/sOVJEEralt2lUsYMwMuuOK7JEE0ruK4k56Vle"}}},"version":"v1"}