{"_sessions":{"BRmofehau5suB7V55JOZNT8cg9Y+i7tw1yDI9vlY2ItD":{"registrationId":2107348700,"currentRatchet":{"ephemeralKeyPair":{"pubKey":"BS8bBPSu7QFSc71Jh+Jp5kKoIag6rE+XKoYO/cjWitYL","privKey":"AKH6xPEeG23B/Evgjmy9FxuDoz02V3CiEuqNA9kLtVQ="},"lastRemoteEphemeralKey":"BZuK0jUNc2o4Fm0+Rrhpee8xhOLE6SxTCaPC/Kr12RkO","previousCounter":1,"rootKey":"n5NDTFJq4xDNLdy444A8FRph6BaPaZkTQs2sNiFQOPA="},"indexInfo":{"baseKey":"BRmofehau5suB7V55JOZNT8cg9Y+i7tw1yDI9vlY2ItD","baseKeyType":1,"closed":-1,"used":1682951193748,"created":1682946220381,"remoteIdentityKey":"BXPW0rivgO8JPYjfBCaCidBvVELMQlaKFlKCJqu6koYf"},"_chains":{"BfGQfqYNrQrZtVfmE2G7T8r3KEgy53TCZ5VAkp0qAgFu":{"chainKey":{"counter":0},"chainType":2,"messageKeys":{}},"BdcfjOoMZz0NjN73SgfWuKb5KB87sVMtteObLasfpD0r":{"chainKey":{"counter":0},"chainType":2,"messageKeys":{}},"BZuK0jUNc2o4Fm0+Rrhpee8xhOLE6SxTCaPC/Kr12RkO":{"chainKey":{"counter":0,"key":"ryGpuTRbm2vuZ4X587GmjsHWUMB7+/PhPlsrzfdXLJA="},"chainType":2,"messageKeys":{}},"BS8bBPSu7QFSc71Jh+Jp5kKoIag6rE+XKoYO/cjWitYL":{"chainKey":{"counter":1,"key":"XNX6cRtUqpEnBGTAY/Sqksbu7swIVNMioQWp+8gi2ao="},"chainType":1,"messageKeys":{}}}}},"version":"v1"}