{"_sessions":{"Bfz/Z11mTWxOa+17VlYIUdv9Ieo8kcWX8psU3sYgsAJv":{"registrationId":10997,"currentRatchet":{"ephemeralKeyPair":{"pubKey":"BWdthJ1TkPhCjcyGfypYTuq8ASoI3rE9ZIzKAREypAp1","privKey":"sLQLv4Wu6UfhX6JX38jQuYQlgM13m5WogabQZln61mI="},"lastRemoteEphemeralKey":"Bbp16mjup/akZlhzO1GgeYiCf7W8XefpE1PsHZWG5u8/","previousCounter":0,"rootKey":"DdPi0DP55YQkfBBJfVtq6kTyYLiyVn927+/5br6tQIQ="},"indexInfo":{"baseKey":"Bfz/Z11mTWxOa+17VlYIUdv9Ieo8kcWX8psU3sYgsAJv","baseKeyType":1,"closed":-1,"used":1682951144210,"created":1682951144210,"remoteIdentityKey":"BYRYfT8763qe64GdnzjKQb4JnOHTVkm/ZczEWp/Aywst"},"_chains":{"BWdthJ1TkPhCjcyGfypYTuq8ASoI3rE9ZIzKAREypAp1":{"chainKey":{"counter":0,"key":"eKLvRpvdVpbvCY9oRgoTNn19L12tDDy0zWPpGE+eVnM="},"chainType":1,"messageKeys":{}}},"pendingPreKey":{"signedKeyId":2,"baseKey":"Bfz/Z11mTWxOa+17VlYIUdv9Ieo8kcWX8psU3sYgsAJv"}}},"version":"v1"}