{"_sessions":{"BShu+sstg99AoqbcHNFrElL0pF3bC6Pq+WKwmsPAipM5":{"registrationId":1400357033,"currentRatchet":{"ephemeralKeyPair":{"pubKey":"BQj02DtdhyXRgjrGPHiQ8+lAEkVHekaG/G7eFhmrhiY7","privKey":"KLpK4y2L90O4pPNzcX2Ix3Obur6+e5gBySX3DO6CsmE="},"lastRemoteEphemeralKey":"BeRZyu1Yo8nOXQkiMgwWIoblE+DNuqZ1o0E/oBfXEAV5","previousCounter":0,"rootKey":"Ngj0nT0wDcIJbUBgFKFKTma3tEj8w3OFGriJfc5vlDU="},"indexInfo":{"baseKey":"BShu+sstg99AoqbcHNFrElL0pF3bC6Pq+WKwmsPAipM5","baseKeyType":1,"closed":-1,"used":1682951107988,"created":1682951107988,"remoteIdentityKey":"BRnBcQHcRAKn16GHIAP9BQyw49PxwbZJKaEM90Ugy9tn"},"_chains":{"BQj02DtdhyXRgjrGPHiQ8+lAEkVHekaG/G7eFhmrhiY7":{"chainKey":{"counter":0,"key":"tvKZei4pPaM+TtcErnkyNqw3QWwce994WtUzQACPwxY="},"chainType":1,"messageKeys":{}}},"pendingPreKey":{"signedKeyId":1,"baseKey":"BShu+sstg99AoqbcHNFrElL0pF3bC6Pq+WKwmsPAipM5","preKeyId":7968469}}},"version":"v1"}