{"_sessions":{"Bb9jzIcO1t4/8OY1nwgIgvippK8YbO7T+QTxTt+2J6wG":{"registrationId":1300626946,"currentRatchet":{"ephemeralKeyPair":{"pubKey":"Bdio55xoqkCyZCbmodKdc1u7sR3xv6DhKUoGXZEhxyps","privKey":"cNPShBPZ/+995L6AUjPj2t1cQLUECqfsJyhcatQpbXM="},"lastRemoteEphemeralKey":"BQ5VN21I1hdV5HZsr9i3DKKR04xN+8J4m4K7cw+VdU9Y","previousCounter":1,"rootKey":"//7GUU6ZkGVJT2PJL7TjQUTO5MIsC+S8zcxDr8banHg="},"indexInfo":{"baseKey":"Bb9jzIcO1t4/8OY1nwgIgvippK8YbO7T+QTxTt+2J6wG","baseKeyType":1,"closed":-1,"used":1682951187945,"created":1682946220376,"remoteIdentityKey":"BVjuihyDX4cI1KQ9QLr3WZkbgxLFtvbhOTCrNB14bg15"},"_chains":{"BXNwVhKKNKpnZXoCk9hv6MLXGHpKqoOp4q0EWhk8qgsH":{"chainKey":{"counter":0},"chainType":2,"messageKeys":{}},"BfWDDP13NhexgVGx8BfSW3+2X/iliLMGFCgaSbmb92IL":{"chainKey":{"counter":0},"chainType":2,"messageKeys":{}},"BQ5VN21I1hdV5HZsr9i3DKKR04xN+8J4m4K7cw+VdU9Y":{"chainKey":{"counter":0,"key":"o46AMZyoMw5JBWMUU5eXju6FYdmOGgxnQNUFZabCfnY="},"chainType":2,"messageKeys":{}},"Bdio55xoqkCyZCbmodKdc1u7sR3xv6DhKUoGXZEhxyps":{"chainKey":{"counter":1,"key":"wAVQ9I8twTTrrHTGvT5ANqc/zruNArknPLMFZcFvwrI="},"chainType":1,"messageKeys":{}}}}},"version":"v1"}