{"_sessions":{"BZatqy91Ft6DJNBx9kd1JtD4Q2dDqFuumMIa8AQ/5409":{"registrationId":1125667702,"currentRatchet":{"ephemeralKeyPair":{"pubKey":"BXrAE6PdIOtzVcSKT+rAYqZURTdUEeEZ4Xr6+/bwlJlG","privKey":"4LW6XyCoODyQfuJ0+aF7lOq+86wAZ9y5YPhh1Xb44Fg="},"lastRemoteEphemeralKey":"BT+3NA3OgXsj7W1VEtEFMm6gtIs2xHyMkhICrYPitSpZ","previousCounter":0,"rootKey":"ptMf/jcHTk9DXlRSXNRJ8+pTElwGOeoU8ErpKCDBfjM="},"indexInfo":{"baseKey":"BZatqy91Ft6DJNBx9kd1JtD4Q2dDqFuumMIa8AQ/5409","baseKeyType":1,"closed":-1,"used":1682951107918,"created":1682951107918,"remoteIdentityKey":"BX/pKWrkxutdBK2RV/hUVI46coYnCFjKGMRVz3nRL6dK"},"_chains":{"BXrAE6PdIOtzVcSKT+rAYqZURTdUEeEZ4Xr6+/bwlJlG":{"chainKey":{"counter":1,"key":"kRVwJ2RnFma3fzWw7+xvM+GBIfd0ziDR0aHLsFS/eVs="},"chainType":1,"messageKeys":{}}},"pendingPreKey":{"signedKeyId":4,"baseKey":"BZatqy91Ft6DJNBx9kd1JtD4Q2dDqFuumMIa8AQ/5409"}}},"version":"v1"}