{"_sessions":{"BUIv7XXbq2VzziYFMZJ4bkyjdn0eGghlHZcipSIj8hU2":{"registrationId":1998351552,"currentRatchet":{"ephemeralKeyPair":{"pubKey":"Ba2ic3fS96LemU9cnR0oyPwRzhehhVwT8qq4Il9XYVRD","privKey":"CIw1l0Tg8MAQ5ZaTUh9KzKZp1Dz8TTVJJAfC9fHvwUU="},"lastRemoteEphemeralKey":"BUmcPvdgWUtQoY4YQ+26UCfqr8CrxH/00auKcIAFpoVR","previousCounter":4,"rootKey":"paU6wGXLeiSzzMcCMq+5pJ/+d+Sa2u2hyXW1hrWId7U="},"indexInfo":{"baseKey":"BUIv7XXbq2VzziYFMZJ4bkyjdn0eGghlHZcipSIj8hU2","baseKeyType":1,"closed":-1,"used":1682951185575,"created":1682946220505,"remoteIdentityKey":"BcHFwOsA4fcIXGZOGfaxypLxGqAPSh0y9TRy0nL7axsi"},"_chains":{"BdzPG58PW1xkZTGjlnbX7LGuy/ZMaQJ47KxPnUsF2+Ai":{"chainKey":{"counter":0},"chainType":2,"messageKeys":{}},"BUmcPvdgWUtQoY4YQ+26UCfqr8CrxH/00auKcIAFpoVR":{"chainKey":{"counter":1,"key":"BV3EIBXyOWV0mtBrp3yI8OxaXGguHR63u0XpaWro4qs="},"chainType":2,"messageKeys":{}},"Ba2ic3fS96LemU9cnR0oyPwRzhehhVwT8qq4Il9XYVRD":{"chainKey":{"counter":1,"key":"6vhLn0KubUuxLSmz+uRb7Jwg49w9gY1Ebebrkx7eydU="},"chainType":1,"messageKeys":{}}}}},"version":"v1"}