{"_sessions":{"BXgKm1pcAM3VAcOam3yRXcRQTTFbnTGvkA3NQ1WTIwRE":{"registrationId":1100464361,"currentRatchet":{"ephemeralKeyPair":{"pubKey":"BdWjL8XuuVPtKgH13RDjwQuZnoTFnVkYB4I3Ggn7UC9U","privKey":"kKtm8lqT2msEIzQ/OzzCk1a5ejrdaQFfNP5y7rFIYnI="},"lastRemoteEphemeralKey":"BXPuiOnFQEedXzIau8OzR75HkR9AxcwalRGdhguJBxp7","previousCounter":0,"rootKey":"96IxX4Uh+aI/PficE/AKWSU2sdbAn9/3JHMi4fg35YA="},"indexInfo":{"baseKey":"BXgKm1pcAM3VAcOam3yRXcRQTTFbnTGvkA3NQ1WTIwRE","baseKeyType":1,"closed":-1,"used":1682951144292,"created":1682951144292,"remoteIdentityKey":"BS+RnsYk3zU+yK/JN5r128LstwBXkRF2gxE3g+hk1tZQ"},"_chains":{"BdWjL8XuuVPtKgH13RDjwQuZnoTFnVkYB4I3Ggn7UC9U":{"chainKey":{"counter":0,"key":"vGDpUUePaq9DFFM50rTfAlIOv6k7W3rzPoH0znd1Kxs="},"chainType":1,"messageKeys":{}}},"pendingPreKey":{"signedKeyId":22,"baseKey":"BXgKm1pcAM3VAcOam3yRXcRQTTFbnTGvkA3NQ1WTIwRE","preKeyId":16748777}}},"version":"v1"}