{"_sessions":{"BXuudi3oJKTmwEEEqYtmaHjdJbhONH0dNh8CgrcICN0r":{"registrationId":921990743,"currentRatchet":{"ephemeralKeyPair":{"pubKey":"BdOdqFivsNv1wwe1CxF6L4TnGm1j5n5njLwshuNHNzVm","privKey":"qKoJrw+OORuUtZBfbUtt344DYO+E6sAO0BiNsVrkHVc="},"lastRemoteEphemeralKey":"BYjl7DMjRiODShLduu2iAkyX5+k1dKs0VGgyFc3Jzb0d","previousCounter":0,"rootKey":"mfyauXqf+zoW7+DZhSxNKL0D6LMgTfG3ly6hLUbRreY="},"indexInfo":{"baseKey":"BXuudi3oJKTmwEEEqYtmaHjdJbhONH0dNh8CgrcICN0r","baseKeyType":1,"closed":-1,"used":1682951144409,"created":1682951144409,"remoteIdentityKey":"BWJYsFd0p+vHY0XJ/KU9COkpPt3vbgGg48cBNxYoIMk2"},"_chains":{"BdOdqFivsNv1wwe1CxF6L4TnGm1j5n5njLwshuNHNzVm":{"chainKey":{"counter":0,"key":"ENVPprHMqjCRy0zf/Op9vYK8Zh3wBT8vzD2Nra814Lk="},"chainType":1,"messageKeys":{}}},"pendingPreKey":{"signedKeyId":1,"baseKey":"BXuudi3oJKTmwEEEqYtmaHjdJbhONH0dNh8CgrcICN0r","preKeyId":5078070}}},"version":"v1"}