{"_sessions":{"BWnGSPvNEXbO9D/twARYJDXf4NgoQeSqX5dhlqpyTxNf":{"registrationId":848787151,"currentRatchet":{"ephemeralKeyPair":{"pubKey":"BZOp4F+CKQKtDubVSOoxFiobL6686iBprdArlUw1aYMx","privKey":"aBR6RPXfzQfhZCMu9EHEK8sIGQ92+w+wctj63Yy5/FY="},"lastRemoteEphemeralKey":"BQdSssUvv47Cqi1THWKi3+m4RxK4AKYmW8dZ/FhzKVA0","previousCounter":0,"rootKey":"QHlbB/wrIceRHttsN6aidHD2O6WVVx6uB9aita+r8Pw="},"indexInfo":{"baseKey":"BWnGSPvNEXbO9D/twARYJDXf4NgoQeSqX5dhlqpyTxNf","baseKeyType":1,"closed":-1,"used":1682951107937,"created":1682951107937,"remoteIdentityKey":"BRHSjDhxebYYAiyEd90IMk3e28f1yHqE5ip87/td6TwB"},"_chains":{"BZOp4F+CKQKtDubVSOoxFiobL6686iBprdArlUw1aYMx":{"chainKey":{"counter":0,"key":"2BxOq7vl7VaFLsd/pTzNXLpUHioApbci+JIh/EAW9ck="},"chainType":1,"messageKeys":{}}},"pendingPreKey":{"signedKeyId":15,"baseKey":"BWnGSPvNEXbO9D/twARYJDXf4NgoQeSqX5dhlqpyTxNf","preKeyId":16592104}}},"version":"v1"}