{"_sessions":{"BegKo5ouNml3gsEhM2tOAPfdm2FSsg8NnxUv/1Pzi+pX":{"registrationId":98319136,"currentRatchet":{"ephemeralKeyPair":{"pubKey":"Bfx/ei+hE+Pmv+fNQHWvj6UOJs2BijADb6IehYpLUcFy","privKey":"ICRAdC7RBtX25M7+DS3UztjoVu9hLSngZwh1QaJhm34="},"lastRemoteEphemeralKey":"BYAb1wgHntVTXussEXH5FUJeeJnHxq3mnZ9AHnEiajRt","previousCounter":0,"rootKey":"hlBxjPGTNKXj4pVipnLPxGOPZzB4Jk+8Tymz4giKZsg="},"indexInfo":{"baseKey":"BegKo5ouNml3gsEhM2tOAPfdm2FSsg8NnxUv/1Pzi+pX","baseKeyType":1,"closed":-1,"used":1682951107906,"created":1682951107906,"remoteIdentityKey":"BU0/heE+0aPbpbW6EFQ4TJfln0FU27jUax8JPv533AJ2"},"_chains":{"Bfx/ei+hE+Pmv+fNQHWvj6UOJs2BijADb6IehYpLUcFy":{"chainKey":{"counter":0,"key":"CMgx+ZfMKBhnRpjmbYFcQ9KXOEgz9NlvKwCI0MgaluQ="},"chainType":1,"messageKeys":{}}},"pendingPreKey":{"signedKeyId":1,"baseKey":"BegKo5ouNml3gsEhM2tOAPfdm2FSsg8NnxUv/1Pzi+pX","preKeyId":16409166}}},"version":"v1"}