{"_sessions":{"BY3v4QW7Q0ww9sx7n8c77j+xiSZ49YrX8l0yIB3ozSE/":{"registrationId":5634,"currentRatchet":{"ephemeralKeyPair":{"pubKey":"BcD9Bd3olWY55Y10/dvVf25owzcl3mF5qBiZ8/JxK3ph","privKey":"OIGsUBZFwZHQ80z05tzeO7gPwO8XG+qGzwr6Nu+Pm2Q="},"lastRemoteEphemeralKey":"BXh31QlRH+PEQ65GcI2NVMTi49RvrIltZw3OtyEmPoRb","previousCounter":0,"rootKey":"h2FkZ5yI2bVCgNQgI7qdLVXWCgXtFJYNKnAzga8l/Qs="},"indexInfo":{"baseKey":"BY3v4QW7Q0ww9sx7n8c77j+xiSZ49YrX8l0yIB3ozSE/","baseKeyType":1,"closed":-1,"used":1682951107602,"created":1682951107602,"remoteIdentityKey":"BfIYzYpP8ZdJrLInSMdl5gLQRmuZ+xNknbgwJXQzew56"},"_chains":{"BcD9Bd3olWY55Y10/dvVf25owzcl3mF5qBiZ8/JxK3ph":{"chainKey":{"counter":0,"key":"ExHHgMk9GCeku7jT/f2lJFDMAqGYU5FgEv0vJVUU5wY="},"chainType":1,"messageKeys":{}}},"pendingPreKey":{"signedKeyId":1,"baseKey":"BY3v4QW7Q0ww9sx7n8c77j+xiSZ49YrX8l0yIB3ozSE/"}}},"version":"v1"}