{"_sessions":{"BQ8umlw/IYjM0oUg2FGBO5Xg2Ummh8lwgcrIJ7+TUKp5":{"registrationId":1236645367,"currentRatchet":{"ephemeralKeyPair":{"pubKey":"BfWLU3azCbw2fuXD0JA2ZyZmONhAiVhCgPDHC/i80TpP","privKey":"gI48IUGaTOM7fXJM4pKXiXWKyfpcE0WoUjGAgTMqV2Q="},"lastRemoteEphemeralKey":"Bexa5hCgFCGkrOwrFrNIH57R+4BaA4X/2nmJ3iy14mdU","previousCounter":0,"rootKey":"3rOdb0XIAavSPFO4Poak/OS4t9DjvWnGyDe2nJegyvQ="},"indexInfo":{"baseKey":"BQ8umlw/IYjM0oUg2FGBO5Xg2Ummh8lwgcrIJ7+TUKp5","baseKeyType":1,"closed":-1,"used":1682951107958,"created":1682951107958,"remoteIdentityKey":"BY5sMOlzlZbk0zVzbulr1mU0Xx1+yZkwtguVZx3K2m0r"},"_chains":{"BfWLU3azCbw2fuXD0JA2ZyZmONhAiVhCgPDHC/i80TpP":{"chainKey":{"counter":0,"key":"d7RUmjhxAM1VialiEBqd+assJncLVrZLpIamVYsfNHg="},"chainType":1,"messageKeys":{}}},"pendingPreKey":{"signedKeyId":1,"baseKey":"BQ8umlw/IYjM0oUg2FGBO5Xg2Ummh8lwgcrIJ7+TUKp5","preKeyId":15707018}}},"version":"v1"}