{"_sessions":{"BaIP3sWPGKLyf/5Lgl3nyPDkRNrDMJe2Dude6t/TO505":{"registrationId":1823041615,"currentRatchet":{"ephemeralKeyPair":{"pubKey":"Bc0Tsr47uT2u92M8SAk1oo2W9S4vBmuD9cJz4mffLA0P","privKey":"mM6TJfpkrIRUZGgtHOeJUW/8ArIFsD2wLKn3D24kd34="},"lastRemoteEphemeralKey":"BeI/liinmYKK36Mlm6hPdSwGwjBKxnEbVOva4eX11ycf","previousCounter":0,"rootKey":"i7crmLT+pLnrXXHRDaIUwGCoqdQUgSMkp9gxP9r76c0="},"indexInfo":{"baseKey":"BaIP3sWPGKLyf/5Lgl3nyPDkRNrDMJe2Dude6t/TO505","baseKeyType":1,"closed":-1,"used":1682951108029,"created":1682951108029,"remoteIdentityKey":"BTPJE37Z0sIPiTlmMBVnKwRcqIzsQ/FwC1XMhahm4ZxM"},"_chains":{"Bc0Tsr47uT2u92M8SAk1oo2W9S4vBmuD9cJz4mffLA0P":{"chainKey":{"counter":0,"key":"y9HdJUQ6ImQfcsB8cGDs4ZOHWvCUkAeLUvD+kXUXiqw="},"chainType":1,"messageKeys":{}}},"pendingPreKey":{"signedKeyId":13,"baseKey":"BaIP3sWPGKLyf/5Lgl3nyPDkRNrDMJe2Dude6t/TO505","preKeyId":6396038}}},"version":"v1"}