{"_sessions":{"BVH0Sbd6xX4FNSK95pa4BgbNCuPQhBPZOpO7+PBDpj9D":{"registrationId":888757317,"currentRatchet":{"ephemeralKeyPair":{"pubKey":"Bf0T4NzUv52hJW7qBuDmFmB+NWuSd9uIBU9tOs0H2dAG","privKey":"WAecMuxhJMfGNSzB9PhTsy0Ik7Uuf9mQnUtRtlB7Z0M="},"lastRemoteEphemeralKey":"BRsaFjb1dR7cXg1xuZYMcdnR3LQ6VWbJvnAgAwg9BEM9","previousCounter":0,"rootKey":"BaBMG2SyhdvY42aHJPDurhcjJ9+2UK1fSGTFpjYzgCo="},"indexInfo":{"baseKey":"BVH0Sbd6xX4FNSK95pa4BgbNCuPQhBPZOpO7+PBDpj9D","baseKeyType":1,"closed":-1,"used":1682951144339,"created":1682951144339,"remoteIdentityKey":"BahpO2/WnJcHI4FjiHE6L0WuqHS1qbKdOOekJdcppQR6"},"_chains":{"Bf0T4NzUv52hJW7qBuDmFmB+NWuSd9uIBU9tOs0H2dAG":{"chainKey":{"counter":0,"key":"BOta46AXA5sqFJKwxt2NKe/NvV6ffnTDin2SK3jLZjw="},"chainType":1,"messageKeys":{}}},"pendingPreKey":{"signedKeyId":6,"baseKey":"BVH0Sbd6xX4FNSK95pa4BgbNCuPQhBPZOpO7+PBDpj9D","preKeyId":7202187}}},"version":"v1"}