{"_sessions":{"BY46c/+zt8ITW7IkQWwSKrRIlJsBHyiq7dlKXaxU1rEP":{"registrationId":713009916,"currentRatchet":{"ephemeralKeyPair":{"pubKey":"BRJJ9Ah5MWc3SBUjLBhKv9lS3GKsb+/zV7igihgfoYMY","privKey":"yOQzg9rCSnRMdfV2CNbeQzbxGMRMqgMjASULLAnQ9EE="},"lastRemoteEphemeralKey":"BWUUHCRmRbUeIP3jQ/lVHmGHpu+FuJm4piMgRv5Zd14n","previousCounter":0,"rootKey":"nQSwL+nmd3xkVWiQefDhE8QfC29QkRclLjoB5n95sHQ="},"indexInfo":{"baseKey":"BY46c/+zt8ITW7IkQWwSKrRIlJsBHyiq7dlKXaxU1rEP","baseKeyType":1,"closed":-1,"used":1682951144455,"created":1682951144455,"remoteIdentityKey":"BTimshX2pQ90IWKMyMOx2fu3VIdUYeW71n4j1Yz6MxAa"},"_chains":{"BRJJ9Ah5MWc3SBUjLBhKv9lS3GKsb+/zV7igihgfoYMY":{"chainKey":{"counter":0,"key":"SeniiBlMHEVb02ZL+YkSPCASgWPQejiHPQ1ycJkf2H0="},"chainType":1,"messageKeys":{}}},"pendingPreKey":{"signedKeyId":6,"baseKey":"BY46c/+zt8ITW7IkQWwSKrRIlJsBHyiq7dlKXaxU1rEP","preKeyId":4470000}}},"version":"v1"}