{"_sessions":{"BcHMDAmWSlBWHJq/FRCpYWBavMyDpjhWJrBsAM9YV599":{"registrationId":2124082175,"currentRatchet":{"ephemeralKeyPair":{"pubKey":"BWinzVcGeikFppgrHnytLdsDRPNjxuTHrBDRPlRAWypB","privKey":"yFbqYopYZwtyLTkCTCHChvXNFVDUuerribsGgeA2Bkc="},"lastRemoteEphemeralKey":"BYBA/t4I0uBEK+lmsoCErT5lIiUgFF/rf5RpLPH1ZuRu","previousCounter":0,"rootKey":"mTH7DIFSQw2cq31u7SORChRdaOHlcMrKeKB2YyGnwvs="},"indexInfo":{"baseKey":"BcHMDAmWSlBWHJq/FRCpYWBavMyDpjhWJrBsAM9YV599","baseKeyType":1,"closed":-1,"used":1682951144452,"created":1682951144452,"remoteIdentityKey":"BRcOUcFxL8un2hBzuO7NqMlT4dr9sjgwpJg7X+4rl2dC"},"_chains":{"BWinzVcGeikFppgrHnytLdsDRPNjxuTHrBDRPlRAWypB":{"chainKey":{"counter":0,"key":"urKxL3LtsekHPWYnev0QAk//+8fwkF63UcuiUHTyDBE="},"chainType":1,"messageKeys":{}}},"pendingPreKey":{"signedKeyId":12,"baseKey":"BcHMDAmWSlBWHJq/FRCpYWBavMyDpjhWJrBsAM9YV599","preKeyId":8771082}}},"version":"v1"}