{"_sessions":{"BXcyokfj5OsxpdI/kmKY01M/t33F9RaCHazLTctHpdZ8":{"registrationId":327678959,"currentRatchet":{"ephemeralKeyPair":{"pubKey":"BfYeJNGmf9aYtyClcLNatOjlX1Lkw0LsbHgC+7kWkfY1","privKey":"2KJFknpFxPCyTsJDpAbrxZ62AeWqscf877lGVgH4g3w="},"lastRemoteEphemeralKey":"BbJKc+MEdFfp6GyA76ghqNr03mijJRIpEQoKSjwqRf83","previousCounter":0,"rootKey":"y3iDIHW/bdLANMKcUCHX+c/SuCkLlVakXP4gXUgyjxI="},"indexInfo":{"baseKey":"BXcyokfj5OsxpdI/kmKY01M/t33F9RaCHazLTctHpdZ8","baseKeyType":1,"closed":-1,"used":1682951144480,"created":1682951144480,"remoteIdentityKey":"BdR8IxmHsXBP3TSD8ivTZsZdO9jNrj45FMlidMiH+9BE"},"_chains":{"BfYeJNGmf9aYtyClcLNatOjlX1Lkw0LsbHgC+7kWkfY1":{"chainKey":{"counter":0,"key":"2ukabQAXySr635Xt9Ndla+x6rlYF3Flwi0/gJmhFn08="},"chainType":1,"messageKeys":{}}},"pendingPreKey":{"signedKeyId":17,"baseKey":"BXcyokfj5OsxpdI/kmKY01M/t33F9RaCHazLTctHpdZ8","preKeyId":5498347}}},"version":"v1"}