{"_sessions":{"BW29Jd7TwGk5v48ktKLHU0oS2zNkR2MREnYdvJM1yNgR":{"registrationId":1475664376,"currentRatchet":{"ephemeralKeyPair":{"pubKey":"BRS5T07V/dph5cjLhi0cPCfEVIcQvA7sgoDz+h+B64dY","privKey":"uCv09xZONdaaCHVusv7prhoeg2FRyWTtpPUsT5GKgHM="},"lastRemoteEphemeralKey":"BY26iNWx9j3cnqKfHJBWw+YUWaV9oG0ufh1cXxE4aU09","previousCounter":0,"rootKey":"9gS8qMc3m9Wke0ZgMMb/n1+F42Y/XgpmSV9GCRc5F9A="},"indexInfo":{"baseKey":"BW29Jd7TwGk5v48ktKLHU0oS2zNkR2MREnYdvJM1yNgR","baseKeyType":1,"closed":-1,"used":1682951107899,"created":1682951107899,"remoteIdentityKey":"BU7HzCIluM6/ge/OCj2/ChgfcSMedY3PYqhWkYTG5pA0"},"_chains":{"BRS5T07V/dph5cjLhi0cPCfEVIcQvA7sgoDz+h+B64dY":{"chainKey":{"counter":1,"key":"rw2tVQVOeSE0Spa2tzRYNMJyEdwDckrbFfqyPoQcByw="},"chainType":1,"messageKeys":{}}},"pendingPreKey":{"signedKeyId":0,"baseKey":"BW29Jd7TwGk5v48ktKLHU0oS2zNkR2MREnYdvJM1yNgR","preKeyId":16625822}}},"version":"v1"}