{"_sessions":{"BRgjHY78+mlNiLlGQqxqrvetOhGXGo2EgoJvOc0fxRQw":{"registrationId":222659020,"currentRatchet":{"ephemeralKeyPair":{"pubKey":"BclMVeFrVFoJjGFxT9F1baZC/xeUGM6QEBOiT07K/6sj","privKey":"wLRg3/USIbqKy38gYL7sdiZcE9QWeH/y3SWCXtJR2W8="},"lastRemoteEphemeralKey":"BbSTE9ixIt14lr83gOu7Cs7FpCRnCN51GFitEeMkJo4/","previousCounter":4,"rootKey":"yKaaRCXH2xW2uQSylszSYchiCk5e/9wR5f8E7kJe/xk="},"indexInfo":{"baseKey":"BRgjHY78+mlNiLlGQqxqrvetOhGXGo2EgoJvOc0fxRQw","baseKeyType":1,"closed":-1,"used":1682951187640,"created":1682946220344,"remoteIdentityKey":"Bckp3G0EL0Oxk32bmm6PWqsXTCq+037haJ+VrDKXVLZY"},"_chains":{"BSbqzLBuL4icjV7fY+2UBcLQUwax6IkH3aXU+s/s+KAb":{"chainKey":{"counter":0},"chainType":2,"messageKeys":{}},"BbSTE9ixIt14lr83gOu7Cs7FpCRnCN51GFitEeMkJo4/":{"chainKey":{"counter":0,"key":"GSpz5ebSZEZIDnbf4TYhmd+nhrTWZFLkHGf59yUS0+M="},"chainType":2,"messageKeys":{}},"BclMVeFrVFoJjGFxT9F1baZC/xeUGM6QEBOiT07K/6sj":{"chainKey":{"counter":1,"key":"O2jJE9vMKKLibgjkTTqmGm7qX5JP1IeepGYXCLeZpz4="},"chainType":1,"messageKeys":{}}}}},"version":"v1"}