{"_sessions":{"BWagPvm1CTrU+xQvFVXQCgH1bcjqT4pP54opJZMgldJx":{"registrationId":1227512305,"currentRatchet":{"ephemeralKeyPair":{"pubKey":"BToLpZFwyi0TFV6ciXBqa5Oy/ydvIfU1ak2Nw/9/HF5U","privKey":"mDMB/hg7wIioVPfzoUgwXuEHFzizYaN3zKfN1qFFv14="},"lastRemoteEphemeralKey":"BZyatMvGhpucNwfDXwhw0Aun2qM6H/F4sYR2eXstkW0b","previousCounter":0,"rootKey":"pbHd8pWWdjlhaOA9bIZfG1BF2xDlwg74EMWlpVPeZUQ="},"indexInfo":{"baseKey":"BWagPvm1CTrU+xQvFVXQCgH1bcjqT4pP54opJZMgldJx","baseKeyType":1,"closed":-1,"used":1682951144507,"created":1682951144507,"remoteIdentityKey":"BeQ9uXDSOTvONuVr7ETuSOp1ZT3qlpSEli/lLLXFCsJe"},"_chains":{"BToLpZFwyi0TFV6ciXBqa5Oy/ydvIfU1ak2Nw/9/HF5U":{"chainKey":{"counter":0,"key":"PGnjQO55lbqDIo6LtWRCzG2ZHU7F8TmfZml6Awb6bEw="},"chainType":1,"messageKeys":{}}},"pendingPreKey":{"signedKeyId":2,"baseKey":"BWagPvm1CTrU+xQvFVXQCgH1bcjqT4pP54opJZMgldJx","preKeyId":14211130}}},"version":"v1"}