{"_sessions":{"BdKy6wGhsw5DkF/rtUYzt45NWWo1POImWitY6qrj/UFV":{"registrationId":217780120,"currentRatchet":{"ephemeralKeyPair":{"pubKey":"BULuu4PkMuGMIGh5jEJJUHxDhf9J2/Qg0hfxh81Hgvc2","privKey":"cLyurv8AaOFV7rFhiMDr7yvPXaD7QR2klvxiKPUBVko="},"lastRemoteEphemeralKey":"Ba5OfCafURBg3Dy0LD2zW5IJrk7RO/1uZo40aBnIRDsm","previousCounter":0,"rootKey":"LYrFcxqH5lrBwJzdVT7ZZP2GWYnB8kx15PEobWX5+Gc="},"indexInfo":{"baseKey":"BdKy6wGhsw5DkF/rtUYzt45NWWo1POImWitY6qrj/UFV","baseKeyType":1,"closed":-1,"used":1682951144366,"created":1682951144366,"remoteIdentityKey":"BaJIyjjyCcLvC8Df4UKMAT1jmlY+NDPStA+KuQrmcBVp"},"_chains":{"BULuu4PkMuGMIGh5jEJJUHxDhf9J2/Qg0hfxh81Hgvc2":{"chainKey":{"counter":0,"key":"qakpFnR1dURECeSj/kIBMl2oEs7rHMmHCBYno8nJxZI="},"chainType":1,"messageKeys":{}}},"pendingPreKey":{"signedKeyId":15,"baseKey":"BdKy6wGhsw5DkF/rtUYzt45NWWo1POImWitY6qrj/UFV","preKeyId":13154309}}},"version":"v1"}