{"_sessions":{"BdIBlaZECren9HGxR+sgimFNGA/z+4lEZNDV0S1vgkpN":{"registrationId":1096351542,"currentRatchet":{"ephemeralKeyPair":{"pubKey":"BUx2EYeOeVPGoN9jXJ/ggMlxluv0idk3vPFOeTmQ/6Rm","privKey":"KE8A/6nKw6qJELZsIB3LpU7ABWarKBOJLeyGyjAp/EI="},"lastRemoteEphemeralKey":"BejgjOxfiMWwE5rBMfTbSug98f2udt98+upxAX8doZAu","previousCounter":0,"rootKey":"dd7cgnPrRrjulHzdfvHGtwq7L41aiubIRT2Pcazhgpc="},"indexInfo":{"baseKey":"BdIBlaZECren9HGxR+sgimFNGA/z+4lEZNDV0S1vgkpN","baseKeyType":1,"closed":-1,"used":1682951144394,"created":1682951144394,"remoteIdentityKey":"Be7m9Vy/0+D0/gc82FI6g8kys40BCSqFV2W9oCVhSCoH"},"_chains":{"BUx2EYeOeVPGoN9jXJ/ggMlxluv0idk3vPFOeTmQ/6Rm":{"chainKey":{"counter":0,"key":"8r3j7HFhQgvr+bUSfKUGl1Jie3dh/UXuslEIvMJqi8E="},"chainType":1,"messageKeys":{}}},"pendingPreKey":{"signedKeyId":6,"baseKey":"BdIBlaZECren9HGxR+sgimFNGA/z+4lEZNDV0S1vgkpN","preKeyId":16255238}}},"version":"v1"}