{"_sessions":{"BaaXUnT1rBtLCKP7Hq64kXePy514SGXhIgWwXFd78iNx":{"registrationId":1646139812,"currentRatchet":{"ephemeralKeyPair":{"pubKey":"BRd0iA/rccd2Ahb8E6ddLJJm3BOzZ9W/jOkB61o14/A5","privKey":"aKUftyroBNzOhqcZX7RciptW2pbcO3q7vV9AXKuOuns="},"lastRemoteEphemeralKey":"BWdb5DtAqAmAHBlBR7vlhn19eDF9G9Q8U8Gxj4N3allN","previousCounter":0,"rootKey":"lwhyCiAYCjybFL9KitttrOSJhbQU8ccQsQJU6D4N9cg="},"indexInfo":{"baseKey":"BaaXUnT1rBtLCKP7Hq64kXePy514SGXhIgWwXFd78iNx","baseKeyType":1,"closed":-1,"used":1682951144284,"created":1682951144284,"remoteIdentityKey":"BfBR7+SfszV+eqVcQ7ukw+K0ppzK65PDhgAeUoQ/rbd4"},"_chains":{"BRd0iA/rccd2Ahb8E6ddLJJm3BOzZ9W/jOkB61o14/A5":{"chainKey":{"counter":0,"key":"vds5Rn6y8vJTHOWi6LXYvmGlsm3A+H9Vbheh+6lDaA4="},"chainType":1,"messageKeys":{}}},"pendingPreKey":{"signedKeyId":25,"baseKey":"BaaXUnT1rBtLCKP7Hq64kXePy514SGXhIgWwXFd78iNx","preKeyId":4045738}}},"version":"v1"}