{"_sessions":{"BUip0axmpEAVbF3ql+uyQ0Op4QrlorbpFY6rUsIbtMlu":{"registrationId":1917009564,"currentRatchet":{"ephemeralKeyPair":{"pubKey":"BR6Cy4G5gsA0/gYnjzVn6Penx+6OR9ZNcldQ/JEDigsc","privKey":"QBJgkjbnLhRpMFeb4R78fBa7Z4uPqeShysDxiVuByUE="},"lastRemoteEphemeralKey":"BerWEzYb7bPSDTZQNDCbVf5Uumtj/JjllRdgjpl4+ZlT","previousCounter":0,"rootKey":"WSLS9/sUbh52fGqSSIiZbPononpSgo2HI2cPghB49iU="},"indexInfo":{"baseKey":"BUip0axmpEAVbF3ql+uyQ0Op4QrlorbpFY6rUsIbtMlu","baseKeyType":1,"closed":-1,"used":1682951144475,"created":1682951144475,"remoteIdentityKey":"BYIkj8z9Yf/EIstOZ0Vm2fZxqLIg5+5KOOySiBZi4gwG"},"_chains":{"BR6Cy4G5gsA0/gYnjzVn6Penx+6OR9ZNcldQ/JEDigsc":{"chainKey":{"counter":0,"key":"Fd/gh3diHwQilrY7w2WFMcrI58s/wzmOGlb1dUtbLxs="},"chainType":1,"messageKeys":{}}},"pendingPreKey":{"signedKeyId":3,"baseKey":"BUip0axmpEAVbF3ql+uyQ0Op4QrlorbpFY6rUsIbtMlu","preKeyId":1294799}}},"version":"v1"}