{"_sessions":{"BcWk0xwB9ut165ksNizH9tMSmfiLjHYSCFnZ8iCKebMu":{"registrationId":277958589,"currentRatchet":{"ephemeralKeyPair":{"pubKey":"BcfZKYW+u3qFrptBAO3x6SmrVWggLy629xyslDtw9igH","privKey":"iI0jntfPeCYxlZjUI9PWPbKlznTp3ttpD8WkMZ3u+mw="},"lastRemoteEphemeralKey":"BWEiVFeWm1pXPu+huC8yjLkHOe+UyM017E/lPT7/VOMF","previousCounter":0,"rootKey":"Lx+EBtCNgaXiq0abRxmr3YZKmmGhVxUgLa1LtJ2uKkE="},"indexInfo":{"baseKey":"BcWk0xwB9ut165ksNizH9tMSmfiLjHYSCFnZ8iCKebMu","baseKeyType":1,"closed":-1,"used":1682951107930,"created":1682951107930,"remoteIdentityKey":"BVXuMvv0BmKoEHflAadDhudqR4jeB/ZInzEfQEw+YJVE"},"_chains":{"BcfZKYW+u3qFrptBAO3x6SmrVWggLy629xyslDtw9igH":{"chainKey":{"counter":1,"key":"3fEAVEHs2TEbMWBDr4evyRldBUTnUDaUNqhGzT+bl+A="},"chainType":1,"messageKeys":{}}},"pendingPreKey":{"signedKeyId":2,"baseKey":"BcWk0xwB9ut165ksNizH9tMSmfiLjHYSCFnZ8iCKebMu","preKeyId":3550785}}},"version":"v1"}