{"_sessions":{"Be9NH/cq3LtstmAY1N0geHaHo3/a6mVcym1tQSMIvix2":{"registrationId":365482405,"currentRatchet":{"ephemeralKeyPair":{"pubKey":"BQxPt0w4OSm/BiXQSYFYhPhFheOdh+zpqOK7Oewu7oVW","privKey":"mCEgWsR2w/1RE0IOauXhYD6aU54yDf7/ft54PFQ5OnA="},"lastRemoteEphemeralKey":"BZyzyj70tFWQbBcOg5O1u7XKfD2QHg6mCq36xEDwj1Rq","previousCounter":0,"rootKey":"KbAYsk7VBGilwrR+TC2k3H5MS+0iwlbjnTIrn6QBMhg="},"indexInfo":{"baseKey":"Be9NH/cq3LtstmAY1N0geHaHo3/a6mVcym1tQSMIvix2","baseKeyType":1,"closed":-1,"used":1682951144401,"created":1682951144401,"remoteIdentityKey":"BSHoUgiGtSx6q5z/xvMg7p51kc78kGTGmQ+aOEv9Ec59"},"_chains":{"BQxPt0w4OSm/BiXQSYFYhPhFheOdh+zpqOK7Oewu7oVW":{"chainKey":{"counter":0,"key":"fTaF+++/UxKbzHr+XfmPaswITDCkuOvL0DO1zH44VdU="},"chainType":1,"messageKeys":{}}},"pendingPreKey":{"signedKeyId":0,"baseKey":"Be9NH/cq3LtstmAY1N0geHaHo3/a6mVcym1tQSMIvix2","preKeyId":5109759}}},"version":"v1"}