{"_sessions":{"BRT639NwAQu0erShY54AT/oCogacfAlYNDeQeLkAaORt":{"registrationId":6224,"currentRatchet":{"ephemeralKeyPair":{"pubKey":"BQgLVTilqsd4aLcOeU6pNdpsMc6shl0cHHzTq5yZCt8n","privKey":"aFIQZAWnxe9ZMb5AILe1yyxV7pSrc78ElwTVwgaAJGI="},"lastRemoteEphemeralKey":"BY1BxaE6rVeGZsZVqY0Bk79pg8xVjpXeofdTUwvU/TVH","previousCounter":0,"rootKey":"QrDSb8K2F+wNn8moNw/sS85NjMxWxo0rGnBSx0hV6BI="},"indexInfo":{"baseKey":"BRT639NwAQu0erShY54AT/oCogacfAlYNDeQeLkAaORt","baseKeyType":1,"closed":-1,"used":1682946220260,"created":1682946220260,"remoteIdentityKey":"BQRy8GtNQCgGHSQem/CMiSimlkNUJs4PoGtp1Nf/wdUm"},"_chains":{"BQgLVTilqsd4aLcOeU6pNdpsMc6shl0cHHzTq5yZCt8n":{"chainKey":{"counter":20,"key":"uclGD6OG5izOsZNwBU9diTEQ0Tont2WFV8jrT03EWpo="},"chainType":1,"messageKeys":{}}},"pendingPreKey":{"signedKeyId":2,"baseKey":"BRT639NwAQu0erShY54AT/oCogacfAlYNDeQeLkAaORt"}}},"version":"v1"}