{"_sessions":{"Bf7nertqr8ua/11q70T1KR2UzeZiPkWs5rfEEvKcDAxk":{"registrationId":608194581,"currentRatchet":{"ephemeralKeyPair":{"pubKey":"BSP7sxI7FTxSCos4m8pZe75pymDOYtJwYImszHjaKZ4Y","privKey":"EMwM8NMDTpxJgKh70ihZX6+HKo0nxveKbH+GgnMsYms="},"lastRemoteEphemeralKey":"BehEz2K7Ye2zSUBEVgmt+evvlr8BLm8yR9cn948frvUx","previousCounter":0,"rootKey":"NS6ZpDZzRs2rJAguNYAKHBHbfOPxUbv7cTTRo4cIDFA="},"indexInfo":{"baseKey":"Bf7nertqr8ua/11q70T1KR2UzeZiPkWs5rfEEvKcDAxk","baseKeyType":1,"closed":-1,"used":1682951144390,"created":1682951144390,"remoteIdentityKey":"BXGzuiKgc7eerEfLDtgSF6l8oqT0VTODJ9Ox2lSDdvA8"},"_chains":{"BSP7sxI7FTxSCos4m8pZe75pymDOYtJwYImszHjaKZ4Y":{"chainKey":{"counter":0,"key":"jrOHPTj1r93x1G7SFlHfggDzYjrXPXx/4KJQe2oW8WE="},"chainType":1,"messageKeys":{}}},"pendingPreKey":{"signedKeyId":18,"baseKey":"Bf7nertqr8ua/11q70T1KR2UzeZiPkWs5rfEEvKcDAxk","preKeyId":5676407}}},"version":"v1"}