{"_sessions":{"BVA5unosPom9/zpIFvtzXEDvhf0DwfCOqItMrkWspQdU":{"registrationId":1322064138,"currentRatchet":{"ephemeralKeyPair":{"pubKey":"BZjZZl2Q3uxUQpp2gol9CnFvU/wq8QCsFGOm1y2S1RAM","privKey":"sEWGJ+FpdY6MCq2cRgaAMGG0UfwXkmUfff5NI1ZyxE4="},"lastRemoteEphemeralKey":"BebFK/rm1pwaa2jYM1s4OuCJWVKGBDve1ZveclQvqQw/","previousCounter":0,"rootKey":"802qBHb2+6/C/4ExeNcT0mJHXJL8n1CkdwV9jQw7t4k="},"indexInfo":{"baseKey":"BVA5unosPom9/zpIFvtzXEDvhf0DwfCOqItMrkWspQdU","baseKeyType":1,"closed":-1,"used":1682951144467,"created":1682951144467,"remoteIdentityKey":"BbwsRoNSQtZXXegHUOit6qdZZfbX6Ki6c5NDKHtO57ld"},"_chains":{"BZjZZl2Q3uxUQpp2gol9CnFvU/wq8QCsFGOm1y2S1RAM":{"chainKey":{"counter":0,"key":"id+UWBHNAKqvO30CSQXem+iU0nue3Hy3pgfYMdYyIlg="},"chainType":1,"messageKeys":{}}},"pendingPreKey":{"signedKeyId":11,"baseKey":"BVA5unosPom9/zpIFvtzXEDvhf0DwfCOqItMrkWspQdU","preKeyId":13644914}}},"version":"v1"}