{"_sessions":{"BVSxShnESVBCHXsJZ8Yzhcxa9t95U0bdjdcc5APeW+Uw":{"registrationId":1956702028,"currentRatchet":{"ephemeralKeyPair":{"pubKey":"BayhGTloMmVqQ9y8FOqjZ7ZZAM1ZvYf6FduhmrvbP31F","privKey":"uFAk5iG47487HqwDLI2cE2TWlkEitlbz/qxtzMBxsU4="},"lastRemoteEphemeralKey":"BV/Kf0YCagsyAzX4wDFDK0STiBDw/QGTAEPEDjZ7HEZS","previousCounter":0,"rootKey":"q6Y3H0tbJCx0e2FDV8sTd9HbmMBZmPArG6EO4ZOjRts="},"indexInfo":{"baseKey":"BVSxShnESVBCHXsJZ8Yzhcxa9t95U0bdjdcc5APeW+Uw","baseKeyType":1,"closed":-1,"used":1682951144187,"created":1682951144187,"remoteIdentityKey":"BZBDQW69/FTefGLFe5gn6e3sHQ/jI+Yz5tyFO7NVadAS"},"_chains":{"BayhGTloMmVqQ9y8FOqjZ7ZZAM1ZvYf6FduhmrvbP31F":{"chainKey":{"counter":0,"key":"uuHODybQJm+dWbFfIqVJcda8tqcoF0uD4YugOlIhBFg="},"chainType":1,"messageKeys":{}}},"pendingPreKey":{"signedKeyId":2,"baseKey":"BVSxShnESVBCHXsJZ8Yzhcxa9t95U0bdjdcc5APeW+Uw","preKeyId":397930}}},"version":"v1"}