{"_sessions":{"BcA81XT6PXIrfbVz0h2Ozsz7NhjLs2/VgM2KIeSZJdIo":{"registrationId":1798077839,"currentRatchet":{"ephemeralKeyPair":{"pubKey":"BcNKaJdb319St3zoKy7yDU9tSxh4J6JET2UrB/+qpGl1","privKey":"mJJ15LSzsixmARrDo7f2zUrHh7rh7DUZpvkgOlcSOHs="},"lastRemoteEphemeralKey":"BUaq/qKTWFFbzV6r/HkiVD0Fc3P9mGqEqgj9x8yuGl8u","previousCounter":0,"rootKey":"3q3cxUy7Xd0ILzcgEsO73AbTEvSHaqQ/2JUgkUg6wsM="},"indexInfo":{"baseKey":"BcA81XT6PXIrfbVz0h2Ozsz7NhjLs2/VgM2KIeSZJdIo","baseKeyType":1,"closed":-1,"used":1682951144331,"created":1682951144331,"remoteIdentityKey":"BcNyYBd50B429QGLmeYU5nBKodDvjfVMSSH9D5KTSBte"},"_chains":{"BcNKaJdb319St3zoKy7yDU9tSxh4J6JET2UrB/+qpGl1":{"chainKey":{"counter":0,"key":"RQcmEETSpG4s1r419qHw2vx9/jCrw40RTXyyi0caXK8="},"chainType":1,"messageKeys":{}}},"pendingPreKey":{"signedKeyId":1,"baseKey":"BcA81XT6PXIrfbVz0h2Ozsz7NhjLs2/VgM2KIeSZJdIo","preKeyId":12862524}}},"version":"v1"}