{"_sessions":{"BQ7og0BY4/tRJ5oN0k3qyEZN15ByU+RMR0PIgXEME98n":{"registrationId":1306789256,"currentRatchet":{"ephemeralKeyPair":{"pubKey":"BbbXNeX0BN8PzfTKTtJO7F7sV4emLLxrHTjuEa53Vx9r","privKey":"WBkO1dQCGQYpmcocnKw61Rgw11TDII59iWX+CmoAMkU="},"lastRemoteEphemeralKey":"BRRgmdFczuRSu8Wu1P3ndZWU/SOtNT1fN1DtPjNdWKZM","previousCounter":0,"rootKey":"Z/fflmsCQLHLYcTjSafgKKVp8FPeBNpp8gks0WyAPiA="},"indexInfo":{"baseKey":"BQ7og0BY4/tRJ5oN0k3qyEZN15ByU+RMR0PIgXEME98n","baseKeyType":1,"closed":-1,"used":1682951144280,"created":1682951144280,"remoteIdentityKey":"BY3rVCRcJ2AOB/5grc10QRsuQ1ZvSi+8Cy8S/PnXFpMI"},"_chains":{"BbbXNeX0BN8PzfTKTtJO7F7sV4emLLxrHTjuEa53Vx9r":{"chainKey":{"counter":0,"key":"baY3tx/T0Bne4suOhBmDICWJYsLKQU5baM0eWEIiWqY="},"chainType":1,"messageKeys":{}}},"pendingPreKey":{"signedKeyId":5,"baseKey":"BQ7og0BY4/tRJ5oN0k3qyEZN15ByU+RMR0PIgXEME98n","preKeyId":11416953}}},"version":"v1"}