{"_sessions":{"BWCHDC7v25i8vHm7iWnswywWl/5oXdGp85yFaExgoEA6":{"registrationId":981716855,"currentRatchet":{"ephemeralKeyPair":{"pubKey":"BVXMd0Pi2FpXHO3PB7sTGWa05JntSXxb+0Lvy8btAK9f","privKey":"gLjnvOkIXb38WviNp6zjU7XXOhSKodGkra/kRbPUNGg="},"lastRemoteEphemeralKey":"Bb9fe500XswGKDnIxMHGCqIMON777yoHBMMiKDFd8jMC","previousCounter":0,"rootKey":"E/C6ljOVbh6qJT12JimWjX49fOHE1E0jgK7uREVnA1o="},"indexInfo":{"baseKey":"BWCHDC7v25i8vHm7iWnswywWl/5oXdGp85yFaExgoEA6","baseKeyType":1,"closed":-1,"used":1682951144378,"created":1682951144378,"remoteIdentityKey":"Ba4e7daD6LogeQClxW3dS35qK+vvmVWIEdpRdew/72gN"},"_chains":{"BVXMd0Pi2FpXHO3PB7sTGWa05JntSXxb+0Lvy8btAK9f":{"chainKey":{"counter":0,"key":"7POieDtdWJNqQbVFYf6sGfGw4a47uE9mIyByOGP5aCQ="},"chainType":1,"messageKeys":{}}},"pendingPreKey":{"signedKeyId":6,"baseKey":"BWCHDC7v25i8vHm7iWnswywWl/5oXdGp85yFaExgoEA6","preKeyId":16306568}}},"version":"v1"}