{"_sessions":{"BZ7GxKD3kvy9e3+0Zkj/Pb61OhjbgM8VjxPkC7UpmnFk":{"registrationId":388777326,"currentRatchet":{"ephemeralKeyPair":{"pubKey":"BT4AXDzvjVJ/5REyNa07uz1TSSnEgA9VQ2/NQixRYwJx","privKey":"UPwp3tBD9WAE5ao9z/+C7Gynwxp+39szgPenrOCPHHc="},"lastRemoteEphemeralKey":"BebkspmKzWOo3gcwMV8xvoynkbWiCQKFG8g4ICZOG4UU","previousCounter":0,"rootKey":"c4fo3vqqjU3feg5dVQmTi5afNEaQ5LOl6hQBpvcE2qg="},"indexInfo":{"baseKey":"BZ7GxKD3kvy9e3+0Zkj/Pb61OhjbgM8VjxPkC7UpmnFk","baseKeyType":1,"closed":-1,"used":1682951144358,"created":1682951144358,"remoteIdentityKey":"BQpUesvR2bFE7ujeW0Bg4rHSK6jkrSFYPssIrz1G4rZm"},"_chains":{"BT4AXDzvjVJ/5REyNa07uz1TSSnEgA9VQ2/NQixRYwJx":{"chainKey":{"counter":0,"key":"ozgjnmQ3l2osLKL6RbRa9CrHg46kb/FF7xxqJWyqMmw="},"chainType":1,"messageKeys":{}}},"pendingPreKey":{"signedKeyId":10,"baseKey":"BZ7GxKD3kvy9e3+0Zkj/Pb61OhjbgM8VjxPkC7UpmnFk","preKeyId":6203145}}},"version":"v1"}