{"_sessions":{"BbEq15GMJUxNrWvJZF7QBBvajWsf/FnsR3I6aykFNRhC":{"registrationId":1259068183,"currentRatchet":{"ephemeralKeyPair":{"pubKey":"BXbCMZ68aGXaG0QGpnfWVrTda6rCe1EnAalSJJ+lAns3","privKey":"UKfhG1KqTQ4IB4AGBL8fa57Mx0I9EXsi/ooALzNZ/lQ="},"lastRemoteEphemeralKey":"BW5gUpVS8YN2YdNZWzerzESHvdT3MS+QzUrm+ZnOKooV","previousCounter":0,"rootKey":"ADki5uxpAMR1AQmAFwqZ2FiQ6VqcRa4rruBIXohBQqs="},"indexInfo":{"baseKey":"BbEq15GMJUxNrWvJZF7QBBvajWsf/FnsR3I6aykFNRhC","baseKeyType":1,"closed":-1,"used":1682951107886,"created":1682951107886,"remoteIdentityKey":"BcWI2V2UphT7wx8UX7iAMHrUGqixEVCjopmzLKqDWAkk"},"_chains":{"BXbCMZ68aGXaG0QGpnfWVrTda6rCe1EnAalSJJ+lAns3":{"chainKey":{"counter":0,"key":"/sWWmzJIh7ULN9tvM5yfpoxn764o6k8ZgLfHOmkw85A="},"chainType":1,"messageKeys":{}}},"pendingPreKey":{"signedKeyId":3,"baseKey":"BbEq15GMJUxNrWvJZF7QBBvajWsf/FnsR3I6aykFNRhC","preKeyId":12288998}}},"version":"v1"}